acc,company,form,section,d9_words,d9_head
0000032604-15-000051,EMERSON ELECTRIC CO,10-K,MDA,646,ITEM 7 - MANAGEMENT'S DISCUSSION AND ANALYSIS OF FINANCIAL CONDITION AND RESULTS OF OPERATIONS
0000032604-15-000051,EMERSON ELECTRIC CO,10-K,RISK_FACTORS,1873,ITEM 1A - RISK FACTORS Investing in our securities involves risks. We may amend
0000032604-16-000105,EMERSON ELECTRIC CO,10-K,MDA,10535,ITEM 7 - MANAGEMENT'S DISCUSSION AND ANALYSIS OF FINANCIAL CONDITION AND RESULTS OF OPERATIONS
0000032604-16-000105,EMERSON ELECTRIC CO,10-K,RISK_FACTORS,1909,ITEM 1A - RISK FACTORS Investing in our securities involves risks. We may amend
0000032604-17-000046,EMERSON ELECTRIC CO,10-K,MDA,9944,ITEM 7 - MANAGEMENT'S DISCUSSION AND ANALYSIS OF FINANCIAL CONDITION AND RESULTS OF OPERATIONS
0000032604-17-000046,EMERSON ELECTRIC CO,10-K,RISK_FACTORS,1891,ITEM 1A - RISK FACTORS Investing in our securities involves risks. We may amend
0000032604-18-000044,EMERSON ELECTRIC CO,10-K,MDA,9890,ITEM 7 - MANAGEMENT'S DISCUSSION AND ANALYSIS OF FINANCIAL CONDITION AND RESULTS OF OPERATIONS
0000032604-18-000044,EMERSON ELECTRIC CO,10-K,RISK_FACTORS,2507,ITEM 1A - RISK FACTORS Investing in our securities involves risks. We may amend
0000032604-19-000048,EMERSON ELECTRIC CO,10-K,MDA,9430,ITEM 7 - MANAGEMENT'S DISCUSSION AND ANALYSIS OF FINANCIAL CONDITION AND RESULTS OF OPERATIONS
0000032604-19-000048,EMERSON ELECTRIC CO,10-K,RISK_FACTORS,2635,ITEM 1A - RISK FACTORS Investing in our securities involves risks. We may amend
0000032604-20-000041,EMERSON ELECTRIC CO,10-K,MDA,9976,ITEM 7 - MANAGEMENT'S DISCUSSION AND ANALYSIS OF FINANCIAL CONDITION AND RESULTS OF OPERATIONS
0000032604-20-000041,EMERSON ELECTRIC CO,10-K,RISK_FACTORS,3216,ITEM 1A - RISK FACTORS Investing in our securities involves risks. You should carefully
0000032604-21-000038,EMERSON ELECTRIC CO,10-K,MDA,8952,ITEM 7 - MANAGEMENT'S DISCUSSION AND ANALYSIS OF FINANCIAL CONDITION AND RESULTS OF OPERATIONS
0000032604-21-000038,EMERSON ELECTRIC CO,10-K,RISK_FACTORS,3659,ITEM 1A - RISK FACTORS Investing in our securities involves risks. You should carefully
0000032604-22-000041,EMERSON ELECTRIC CO,10-K,MDA,10859,ITEM 7 - MANAGEMENT'S DISCUSSION AND ANALYSIS OF FINANCIAL CONDITION AND RESULTS OF OPERATIONS
0000032604-22-000041,EMERSON ELECTRIC CO,10-K,RISK_FACTORS,3902,ITEM 1A - RISK FACTORS Investing in our securities involves risks. You should carefully
0000032604-23-000044,EMERSON ELECTRIC CO,10-K,MDA,10811,ITEM 7 - MANAGEMENT'S DISCUSSION AND ANALYSIS OF FINANCIAL CONDITION AND RESULTS OF OPERATIONS
0000032604-23-000044,EMERSON ELECTRIC CO,10-K,RISK_FACTORS,3873,ITEM 1A - RISK FACTORS Investing in our securities involves risks. You should carefully
0000032604-24-000041,EMERSON ELECTRIC CO,10-K,MDA,10690,ITEM 7 - MANAGEMENT'S DISCUSSION AND ANALYSIS OF FINANCIAL CONDITION AND RESULTS OF OPERATIONS
0000032604-24-000041,EMERSON ELECTRIC CO,10-K,RISK_FACTORS,3891,ITEM 1A - RISK FACTORS Investing in our securities involves risks. You should carefully
0000032604-25-000087,EMERSON ELECTRIC CO,10-K,MDA,9800,ITEM 7 - MANAGEMENT'S DISCUSSION AND ANALYSIS OF FINANCIAL CONDITION AND RESULTS OF OPERATIONS
0000032604-25-000087,EMERSON ELECTRIC CO,10-K,RISK_FACTORS,4037,ITEM 1A - RISK FACTORS Investing in our securities involves risks. You should carefully
0000072741-15-000043,EVERSOURCE ENERGY,10-Q,MDA,50,ITEM 2 – Management's Discussion and Analysis of Financial Condition and Results of Operations
0001193125-15-281508,APACHE CORP,10-Q,MDA,7213,ITEM 2 – MANAGEMENT’S DISCUSSION AND ANALYSIS OF FINANCIAL CONDITION AND RESULTS OF OPERATIONS
0001193125-15-368662,APACHE CORP,10-Q,MDA,6802,ITEM 2 – MANAGEMENT’S DISCUSSION AND ANALYSIS OF FINANCIAL CONDITION AND RESULTS OF OPERATIONS
0001562762-16-000383,MERCADOLIBRE INC,10-Q,MDA,11978,Item 2 — Management’s Discussion and Analysis of Financial Condition and Results of Operations
0001562762-16-000414,MERCADOLIBRE INC,10-Q,MDA,14820,Item 2 — Management’s Discussion and Analysis of Financial Condition and Results of Operations
0001562762-16-000445,MERCADOLIBRE INC,10-Q,MDA,13123,Item 2 — Management’s Discussion and Analysis of Financial Condition and Results of Operations
0001562762-17-000054,MERCADOLIBRE INC,10-Q,MDA,7959,Item 2 — Management’s Discussion and Analysis of Financial Condition and Results of Operations
0001562762-17-000120,MERCADOLIBRE INC,10-Q,MDA,9293,Item 2 — Management’s Discussion and Analysis of Financial Condition and Results of Operations
0001562762-17-000173,MERCADOLIBRE INC,10-Q,MDA,8804,Item 2 — Management’s Discussion and Analysis of Financial Condition and Results of Operations
0001562762-18-000158,MERCADOLIBRE INC,10-Q,MDA,6294,Item 2 — Management’s Discussion and Analysis of Financial Condition and Results of Operations
0001562762-18-000229,MERCADOLIBRE INC,10-Q,MDA,8107,Item 2 — Management’s Discussion and Analysis of Financial Condition and Results of Operations
0001562762-18-000323,MERCADOLIBRE INC,10-Q,MDA,6936,Item 2 — Management’s Discussion and Analysis of Financial Condition and Results of Operations
0001562762-19-000123,MERCADOLIBRE INC,10-Q,MDA,5870,Item 2 — Management’s Discussion and Analysis of Financial Condition and Results of Operations
0001784031-22-000010,APACHE CORP,10-K,MDA,19905,Item 7—Management’s Discussion and Analysis of Financial Condition and Results of Operations—Capital Resources and
0001784031-23-000008,APACHE CORP,10-K,MDA,20232,Item 7—Management’s Discussion and Analysis of Financial Condition and Results of Operations—Capital Resources and
0001784031-24-000004,APACHE CORP,10-K,MDA,16505,Item 7—Management’s Discussion and Analysis of Financial Condition and Results of Operations—Capital Resources and
