acc,company,section,form,cause,n_matching,n_resolvable,f1_words,f2_words,f1_head,f2_head
0000005272-15-000009,"AMERICAN INTERNATIONAL GROUP, INC.",MDA,10-Q,R3_all_anchors_dangling,4,0,,1087,,Item 2. Management's Discussion and Analysis of Financial Condition and Results of Operations –
0000005272-15-000018,"AMERICAN INTERNATIONAL GROUP, INC.",MDA,10-Q,R3_all_anchors_dangling,4,0,,1318,,Item 2. Management's Discussion and Analysis of Financial Condition and Results of Operations –
0000005272-16-000035,"AMERICAN INTERNATIONAL GROUP, INC.",RISK_FACTORS,10-K,R3_all_anchors_dangling,3,0,,87428,,Item 1A. Risk Factors — Business and Operations. Variable Annuity Risk Management and Hedging
0000005272-16-000041,"AMERICAN INTERNATIONAL GROUP, INC.",MDA,10-Q,R3_all_anchors_dangling,4,0,,2082,,Item 2. Management's Discussion and Analysis of Financial Condition and Results of Operations –
0000005272-16-000046,"AMERICAN INTERNATIONAL GROUP, INC.",MDA,10-Q,R3_all_anchors_dangling,4,0,,1563,,Item 2. Management's Discussion and Analysis of Financial Condition and Results of Operations –
0000005272-16-000052,"AMERICAN INTERNATIONAL GROUP, INC.",MDA,10-Q,R3_all_anchors_dangling,4,0,,1090,,Item 2. Management's Discussion and Analysis of Financial Condition and Results of Operations –
0000008670-15-000026,AUTOMATIC DATA PROCESSING INC,MDA,10-Q,R2_first_anchor_dangling_later_resolvable,3,2,8841.0,7946,Item 2. Management's Discussion and Analysis of Financial Condition and Results of Operations (Tabular,Item 2. Management's Discussion and Analysis of Financial Condition and Results of Operations (Tabular
0000008670-16-000030,AUTOMATIC DATA PROCESSING INC,MDA,10-Q,R2_first_anchor_dangling_later_resolvable,3,2,11717.0,10243,Item 2. Management's Discussion and Analysis of Financial Condition and Results of Operations (Tabular,Item 2. Management's Discussion and Analysis of Financial Condition and Results of Operations (Tabular
0000008670-16-000034,AUTOMATIC DATA PROCESSING INC,MDA,10-Q,R2_first_anchor_dangling_later_resolvable,3,2,10358.0,8880,Item 2. Management's Discussion and Analysis of Financial Condition and Results of Operations (Tabular,Item 2. Management's Discussion and Analysis of Financial Condition and Results of Operations (Tabular
0000008670-16-000059,AUTOMATIC DATA PROCESSING INC,MDA,10-Q,R2_first_anchor_dangling_later_resolvable,3,2,8372.0,7530,Item 2. Management's Discussion and Analysis of Financial Condition and Results of Operations (Tabular,Item 2. Management's Discussion and Analysis of Financial Condition and Results of Operations (Tabular
0000008670-17-000003,AUTOMATIC DATA PROCESSING INC,MDA,10-Q,R2_first_anchor_dangling_later_resolvable,3,2,10695.0,9873,Item 2. Management's Discussion and Analysis of Financial Condition and Results of Operations (Tabular,Item 2. Management's Discussion and Analysis of Financial Condition and Results of Operations (Tabular
0000008670-17-000005,AUTOMATIC DATA PROCESSING INC,MDA,10-Q,R2_first_anchor_dangling_later_resolvable,3,2,10910.0,10088,Item 2. Management's Discussion and Analysis of Financial Condition and Results of Operations (Tabular,Item 2. Management's Discussion and Analysis of Financial Condition and Results of Operations (Tabular
0000008670-17-000012,AUTOMATIC DATA PROCESSING INC,MDA,10-Q,R2_first_anchor_dangling_later_resolvable,3,2,8063.0,7245,Item 2. Management's Discussion and Analysis of Financial Condition and Results of Operations (Tabular,Item 2. Management's Discussion and Analysis of Financial Condition and Results of Operations (Tabular
0000008670-18-000003,AUTOMATIC DATA PROCESSING INC,MDA,10-Q,R2_first_anchor_dangling_later_resolvable,3,2,10480.0,9657,Item 2. Management's Discussion and Analysis of Financial Condition and Results of Operations (Tabular,Item 2. Management's Discussion and Analysis of Financial Condition and Results of Operations (Tabular
0000008670-18-000007,AUTOMATIC DATA PROCESSING INC,MDA,10-Q,R2_first_anchor_dangling_later_resolvable,3,2,10677.0,9847,Item 2. Management's Discussion and Analysis of Financial Condition and Results of Operations (Tabular,Item 2. Management's Discussion and Analysis of Financial Condition and Results of Operations (Tabular
0000008670-18-000017,AUTOMATIC DATA PROCESSING INC,MDA,10-Q,R2_first_anchor_dangling_later_resolvable,3,2,8311.0,7492,Item 2. Management's Discussion and Analysis of Financial Condition and Results of Operations (Tabular,Item 2. Management's Discussion and Analysis of Financial Condition and Results of Operations (Tabular
0000008670-19-000005,AUTOMATIC DATA PROCESSING INC,MDA,10-Q,R2_first_anchor_dangling_later_resolvable,3,2,10369.0,9346,Item 2. Management's Discussion and Analysis of Financial Condition and Results of Operations (Tabular,Item 2. Management's Discussion and Analysis of Financial Condition and Results of Operations (Tabular
0000008670-19-000013,AUTOMATIC DATA PROCESSING INC,MDA,10-Q,R2_first_anchor_dangling_later_resolvable,3,2,10345.0,9420,Item 2. Management's Discussion and Analysis of Financial Condition and Results of Operations (Tabular,Item 2. Management's Discussion and Analysis of Financial Condition and Results of Operations (Tabular
0000008670-19-000027,AUTOMATIC DATA PROCESSING INC,MDA,10-Q,R2_first_anchor_dangling_later_resolvable,3,2,6900.0,6900,Item 2. Management's Discussion and Analysis of Financial Condition and Results of Operations (Tabular,Item 2. Management's Discussion and Analysis of Financial Condition and Results of Operations (Tabular
0000008670-20-000007,AUTOMATIC DATA PROCESSING INC,MDA,10-Q,R2_first_anchor_dangling_later_resolvable,3,2,8043.0,8043,Item 2. Management's Discussion and Analysis of Financial Condition and Results of Operations (Tabular,Item 2. Management's Discussion and Analysis of Financial Condition and Results of Operations (Tabular
0000018230-16-000410,CATERPILLAR INC,MDA,10-K,R2_first_anchor_dangling_later_resolvable,3,1,64247.0,25828,Item 7. Management’s Discussion and Analysis of Financial Condition and Results of Operations. This,Item 7. Management’s Discussion and Analysis of Financial Condition and Results of Operations. This
0000018230-16-000410,CATERPILLAR INC,RISK_FACTORS,10-K,R2_first_anchor_dangling_later_resolvable,3,1,74016.0,64203,Item 1A. Risk Factors. The statements in this section describe the most significant risks,Item 1A. Risk Factors of this Form 10-K. OVERVIEW Our 2015 sales and revenues
0000018230-17-000041,CATERPILLAR INC,MDA,10-K,R2_first_anchor_dangling_later_resolvable,3,1,68448.0,26511,Table of Contents Item 7. Management’s Discussion and Analysis of Financial Condition and Results,Item 7. Management’s Discussion and Analysis of Financial Condition and Results of Operations. This
0000018230-17-000041,CATERPILLAR INC,RISK_FACTORS,10-K,R2_first_anchor_dangling_later_resolvable,3,1,77855.0,68401,Table of Contents Item 1A. Risk Factors. The statements in this section describe the,Item 1A. Risk Factors of the 2016 Form 10-K. OVERVIEW Our sales and revenues
0000018230-18-000042,CATERPILLAR INC,MDA,10-K,R2_first_anchor_dangling_later_resolvable,3,1,66512.0,26110,Table of Contents Item 7. Management’s Discussion and Analysis of Financial Condition and Results,Item 7. Management’s Discussion and Analysis of Financial Condition and Results of Operations. This
0000018230-18-000042,CATERPILLAR INC,RISK_FACTORS,10-K,R2_first_anchor_dangling_later_resolvable,3,1,75945.0,66465,Table of Contents Item 1A. Risk Factors. The statements in this section describe the,Item 1A. Risk Factors of the 2017 Form 10-K. OVERVIEW Our sales and revenues
0000021344-17-000009,COCA COLA CO,MDA,10-K,R2_first_anchor_dangling_later_resolvable,3,1,86221.0,73,ITEM 7. MANAGEMENT'S DISCUSSION AND ANALYSIS OF FINANCIAL CONDITION AND RESULTS OF OPERATIONS Overview,ITEM 7. MANAGEMENT'S DISCUSSION AND ANALYSIS OF FINANCIAL CONDITION AND RESULTS OF OPERATIONS Overview
0000021344-17-000009,COCA COLA CO,RISK_FACTORS,10-K,R2_first_anchor_dangling_later_resolvable,3,1,101540.0,82185,ITEM 1A. RISK FACTORS In addition to the other information set forth in this,"Item 1A. Risk Factors"" in Part I of this report. As a result, management"
0000021344-18-000008,COCA COLA CO,MDA,10-K,R2_first_anchor_dangling_later_resolvable,3,1,86352.0,73,ITEM 7. MANAGEMENT'S DISCUSSION AND ANALYSIS OF FINANCIAL CONDITION AND RESULTS OF OPERATIONS Overview,ITEM 7. MANAGEMENT'S DISCUSSION AND ANALYSIS OF FINANCIAL CONDITION AND RESULTS OF OPERATIONS Overview
0000021344-18-000008,COCA COLA CO,RISK_FACTORS,10-K,R2_first_anchor_dangling_later_resolvable,3,1,100921.0,82311,ITEM 1A. RISK FACTORS In addition to the other information set forth in this,"Item 1A. Risk Factors"" in Part I of this report. As a result, management"
0000021344-19-000014,COCA COLA CO,MDA,10-K,R2_first_anchor_dangling_later_resolvable,3,1,87025.0,73,ITEM 7. MANAGEMENT'S DISCUSSION AND ANALYSIS OF FINANCIAL CONDITION AND RESULTS OF OPERATIONS Overview,ITEM 7. MANAGEMENT'S DISCUSSION AND ANALYSIS OF FINANCIAL CONDITION AND RESULTS OF OPERATIONS Overview
0000021344-19-000014,COCA COLA CO,RISK_FACTORS,10-K,R2_first_anchor_dangling_later_resolvable,3,1,103314.0,83021,ITEM 1A. RISK FACTORS In addition to the other information set forth in this,"Item 1A. Risk Factors"" in Part I of this report. As a result, management"
0000021344-20-000006,COCA COLA CO,MDA,10-K,R2_first_anchor_dangling_later_resolvable,3,1,81186.0,73,ITEM 7. MANAGEMENT'S DISCUSSION AND ANALYSIS OF FINANCIAL CONDITION AND RESULTS OF OPERATIONS Overview,ITEM 7. MANAGEMENT'S DISCUSSION AND ANALYSIS OF FINANCIAL CONDITION AND RESULTS OF OPERATIONS Overview
0000021344-20-000006,COCA COLA CO,RISK_FACTORS,10-K,R2_first_anchor_dangling_later_resolvable,3,1,97729.0,77085,ITEM 1A. RISK FACTORS In addition to the other information set forth in this,"Item 1A. Risk Factors"" in Part I of this report. As a result, management"
0000049071-16-000117,HUMANA INC,MDA,10-K,R2_first_anchor_dangling_later_resolvable,2,1,60573.0,5545,ITEM 7. MANAGEMENT’S DISCUSSION AND ANALYSIS OF FINANCIAL CONDITION AND RESULTS OF OPERATIONS Executive,ITEM 7. MANAGEMENT’S DISCUSSION AND ANALYSIS OF FINANCIAL CONDITION AND RESULTS OF OPERATIONS Executive
0000049071-16-000117,HUMANA INC,RISK_FACTORS,10-K,R2_first_anchor_dangling_later_resolvable,2,1,75135.0,12717,ITEM 1A. RISK FACTORS Risks Relating to the Merger with Aetna The merger with,ITEM 1A. RISK FACTORS Risks Relating to the Merger with Aetna The merger with
0000049071-17-000019,HUMANA INC,MDA,10-K,R2_first_anchor_dangling_later_resolvable,2,1,62326.0,5052,ITEM 7. MANAGEMENT’S DISCUSSION AND ANALYSIS OF FINANCIAL CONDITION AND RESULTS OF OPERATIONS Executive,ITEM 7. MANAGEMENT’S DISCUSSION AND ANALYSIS OF FINANCIAL CONDITION AND RESULTS OF OPERATIONS Executive
0000049071-17-000019,HUMANA INC,RISK_FACTORS,10-K,R2_first_anchor_dangling_later_resolvable,2,1,76090.0,11819,ITEM 1A. RISK FACTORS Risks Relating to the Terminated Merger with Aetna Our proposed,ITEM 1A. RISK FACTORS Risks Relating to the Terminated Merger with Aetna Our proposed
0000049071-18-000014,HUMANA INC,MDA,10-K,R2_first_anchor_dangling_later_resolvable,2,1,62243.0,4116,ITEM 7. MANAGEMENT’S DISCUSSION AND ANALYSIS OF FINANCIAL CONDITION AND RESULTS OF OPERATIONS Executive,ITEM 7. MANAGEMENT’S DISCUSSION AND ANALYSIS OF FINANCIAL CONDITION AND RESULTS OF OPERATIONS Executive
0000049071-18-000014,HUMANA INC,RISK_FACTORS,10-K,R2_first_anchor_dangling_later_resolvable,2,1,74901.0,10811,"ITEM 1A. RISK FACTORS Risks Relating to Certain Proposed Transactions Certain proposed transactions, including","ITEM 1A. RISK FACTORS Risks Relating to Certain Proposed Transactions Certain proposed transactions, including"
0000049071-19-000023,HUMANA INC,MDA,10-K,R2_first_anchor_dangling_later_resolvable,2,1,54774.0,3366,ITEM 7. MANAGEMENT’S DISCUSSION AND ANALYSIS OF FINANCIAL CONDITION AND RESULTS OF OPERATIONS Executive,ITEM 7. MANAGEMENT’S DISCUSSION AND ANALYSIS OF FINANCIAL CONDITION AND RESULTS OF OPERATIONS Executive
0000049071-19-000023,HUMANA INC,RISK_FACTORS,10-K,R2_first_anchor_dangling_later_resolvable,2,1,67162.0,10724,ITEM 1A. RISK FACTORS Risks Relating to Our Business If we do not design,ITEM 1A. RISK FACTORS Risks Relating to Our Business If we do not design
0000049071-20-000032,HUMANA INC,MDA,10-K,R2_first_anchor_dangling_later_resolvable,2,1,51142.0,14338,ITEM 7. MANAGEMENT’S DISCUSSION AND ANALYSIS OF FINANCIAL CONDITION AND RESULTS OF OPERATIONS For,ITEM 7. MANAGEMENT’S DISCUSSION AND ANALYSIS OF FINANCIAL CONDITION AND RESULTS OF OPERATIONS For
0000049071-20-000032,HUMANA INC,RISK_FACTORS,10-K,R2_first_anchor_dangling_later_resolvable,2,1,63167.0,10646,ITEM 1A. RISK FACTORS Risks Relating to Our Business If we do not design,ITEM 1A. RISK FACTORS Risks Relating to Our Business If we do not design
0000051143-15-000005,INTERNATIONAL BUSINESS MACHINES CORP,MDA,10-Q,R3_all_anchors_dangling,1,0,,23236,,Item 2. MANAGEMENT’S DISCUSSION AND ANALYSIS OF RESULTS OF OPERATIONS AND FINANCIAL CONDITION FOR
0000051143-15-000009,INTERNATIONAL BUSINESS MACHINES CORP,MDA,10-Q,R3_all_anchors_dangling,1,0,,23319,,Item 2. MANAGEMENT’S DISCUSSION AND ANALYSIS OF RESULTS OF OPERATIONS AND FINANCIAL CONDITION FOR
0000051143-16-000013,INTERNATIONAL BUSINESS MACHINES CORP,MDA,10-Q,R3_all_anchors_dangling,1,0,,17226,,Item 2. MANAGEMENT’S DISCUSSION AND ANALYSIS OF RESULTS OF OPERATIONS AND FINANCIAL CONDITION FOR
0000078003-19-000026,PFIZER INC,MDA,10-Q,R2_first_anchor_dangling_later_resolvable,4,1,30898.0,30898,Item 2. Management’s Discussion and Analysis of Financial Condition and Results of Operations Introduction,Item 2. Management’s Discussion and Analysis of Financial Condition and Results of Operations Introduction
0000078003-19-000064,PFIZER INC,MDA,10-Q,R2_first_anchor_dangling_later_resolvable,4,1,37928.0,37928,Item 2. Management’s Discussion and Analysis of Financial Condition and Results of Operations Introduction,Item 2. Management’s Discussion and Analysis of Financial Condition and Results of Operations Introduction
0000078003-19-000082,PFIZER INC,MDA,10-Q,R2_first_anchor_dangling_later_resolvable,4,1,40752.0,40752,Item 2. Management’s Discussion and Analysis of Financial Condition and Results of Operations Introduction,Item 2. Management’s Discussion and Analysis of Financial Condition and Results of Operations Introduction
0000078003-20-000037,PFIZER INC,MDA,10-Q,R2_first_anchor_dangling_later_resolvable,4,1,28167.0,28167,Item 2. Management’s Discussion and Analysis of Financial Condition and Results of Operations Introduction,Item 2. Management’s Discussion and Analysis of Financial Condition and Results of Operations Introduction
0000078003-20-000060,PFIZER INC,MDA,10-Q,R2_first_anchor_dangling_later_resolvable,4,1,35188.0,35188,Item 2. Management’s Discussion and Analysis of Financial Condition and Results of Operations Introduction,Item 2. Management’s Discussion and Analysis of Financial Condition and Results of Operations Introduction
0000107263-16-000021,"WILLIAMS COMPANIES, INC.",RISK_FACTORS,10-K,R2_first_anchor_dangling_later_resolvable,2,1,106239.0,11922,Item 1A. Risk Factors FORWARD-LOOKING STATEMENTS AND CAUTIONARY STATEMENT FOR PURPOSES OF THE “SAFE,Item 1A. Risk Factors FORWARD-LOOKING STATEMENTS AND CAUTIONARY STATEMENT FOR PURPOSES OF THE “SAFE
0000313616-16-000145,DANAHER CORP /DE/,MDA,10-K,R2_first_anchor_dangling_later_resolvable,2,1,51322.0,17,Table of Contents ITEM 7. MANAGEMENT’S DISCUSSION AND ANALYSIS OF FINANCIAL CONDITION AND RESULTS,Item 7. Management’s Discussion and Analysis of Financial Condition and Results of Operations.” 57
0000313616-16-000145,DANAHER CORP /DE/,RISK_FACTORS,10-K,R2_first_anchor_dangling_later_resolvable,2,1,61796.0,35080,"ITEM 1A. RISK FACTORS You should carefully consider the risks and uncertainties described below,",Item 1A. Risk Factors.” CRITICAL ACCOUNTING ESTIMATES Management’s discussion and analysis of the Company’s
0000313616-17-000066,DANAHER CORP /DE/,MDA,10-K,R2_first_anchor_dangling_later_resolvable,2,1,49135.0,17,Table of Contents ITEM 7. MANAGEMENT’S DISCUSSION AND ANALYSIS OF FINANCIAL CONDITION AND RESULTS,Item 7. Management’s Discussion and Analysis of Financial Condition and Results of Operations.” 54
0000313616-17-000066,DANAHER CORP /DE/,RISK_FACTORS,10-K,R2_first_anchor_dangling_later_resolvable,2,1,61398.0,34322,"ITEM 1A. RISK FACTORS You should carefully consider the risks and uncertainties described below,",Item 1A. Risk Factors.” CRITICAL ACCOUNTING ESTIMATES Management’s discussion and analysis of the Company’s
0000313616-18-000038,DANAHER CORP /DE/,MDA,10-K,R2_first_anchor_dangling_later_resolvable,2,1,51564.0,17,Table of Contents ITEM 7. MANAGEMENT’S DISCUSSION AND ANALYSIS OF FINANCIAL CONDITION AND RESULTS,Item 7. Management’s Discussion and Analysis of Financial Condition and Results of Operations.” 56
0000313616-18-000038,DANAHER CORP /DE/,RISK_FACTORS,10-K,R2_first_anchor_dangling_later_resolvable,2,1,64874.0,35563,"ITEM 1A. RISK FACTORS You should carefully consider the risks and uncertainties described below,",Item 1A. Risk Factors.” CRITICAL ACCOUNTING ESTIMATES Management’s discussion and analysis of the Company’s
0000313616-19-000035,DANAHER CORP /DE/,MDA,10-K,R2_first_anchor_dangling_later_resolvable,2,1,53928.0,17,Table of Contents ITEM 7. MANAGEMENT’S DISCUSSION AND ANALYSIS OF FINANCIAL CONDITION AND RESULTS,Item 7. Management’s Discussion and Analysis of Financial Condition and Results of Operations.” 57
0000313616-19-000035,DANAHER CORP /DE/,RISK_FACTORS,10-K,R2_first_anchor_dangling_later_resolvable,2,1,68203.0,37473,"ITEM 1A. RISK FACTORS You should carefully consider the risks and uncertainties described below,",Item 1A. Risk Factors.” 54 Table of Contents CRITICAL ACCOUNTING ESTIMATES Management’s discussion and
0000318154-17-000004,AMGEN INC,MDA,10-K,R2_first_anchor_dangling_later_resolvable,2,1,44624.0,10366,Item 7. MANAGEMENT’S DISCUSSION AND ANALYSIS OF FINANCIAL CONDITION AND RESULTS OF OPERATIONS The,Item 7. MANAGEMENT’S DISCUSSION AND ANALYSIS OF FINANCIAL CONDITION AND RESULTS OF OPERATIONS The
0000318154-17-000004,AMGEN INC,RISK_FACTORS,10-K,R2_first_anchor_dangling_later_resolvable,2,1,57062.0,6966,Item 1A. RISK FACTORS This report and other documents we file with the SEC,Item 1A. Risk Factors—Our business may be affected by litigation and government investigations.) We
0000731766-15-000037,UNITEDHEALTH GROUP INC,MDA,10-Q,R2_first_anchor_dangling_later_resolvable,3,2,7911.0,5836,ITEM 2. MANAGEMENT’S DISCUSSION AND ANALYSIS OF FINANCIAL CONDITION AND RESULTS OF OPERATIONS The,ITEM 2. MANAGEMENT’S DISCUSSION AND ANALYSIS OF FINANCIAL CONDITION AND RESULTS OF OPERATIONS The
0000731766-15-000049,UNITEDHEALTH GROUP INC,MDA,10-Q,R2_first_anchor_dangling_later_resolvable,3,2,8387.0,5818,ITEM 2. MANAGEMENT’S DISCUSSION AND ANALYSIS OF FINANCIAL CONDITION AND RESULTS OF OPERATIONS The,ITEM 2. MANAGEMENT’S DISCUSSION AND ANALYSIS OF FINANCIAL CONDITION AND RESULTS OF OPERATIONS The
0000731766-16-000068,UNITEDHEALTH GROUP INC,MDA,10-Q,R2_first_anchor_dangling_later_resolvable,3,2,6544.0,4524,ITEM 2. MANAGEMENT’S DISCUSSION AND ANALYSIS OF FINANCIAL CONDITION AND RESULTS OF OPERATIONS The,ITEM 2. MANAGEMENT’S DISCUSSION AND ANALYSIS OF FINANCIAL CONDITION AND RESULTS OF OPERATIONS The
0000731766-16-000081,UNITEDHEALTH GROUP INC,MDA,10-Q,R2_first_anchor_dangling_later_resolvable,3,2,6983.0,4820,ITEM 2. MANAGEMENT’S DISCUSSION AND ANALYSIS OF FINANCIAL CONDITION AND RESULTS OF OPERATIONS The,ITEM 2. MANAGEMENT’S DISCUSSION AND ANALYSIS OF FINANCIAL CONDITION AND RESULTS OF OPERATIONS The
0000731766-16-000088,UNITEDHEALTH GROUP INC,MDA,10-Q,R2_first_anchor_dangling_later_resolvable,3,2,6759.0,4746,ITEM 2. MANAGEMENT’S DISCUSSION AND ANALYSIS OF FINANCIAL CONDITION AND RESULTS OF OPERATIONS The,ITEM 2. MANAGEMENT’S DISCUSSION AND ANALYSIS OF FINANCIAL CONDITION AND RESULTS OF OPERATIONS The
0000731766-17-000016,UNITEDHEALTH GROUP INC,MDA,10-Q,R2_first_anchor_dangling_later_resolvable,3,2,5899.0,4092,Table of Contents ITEM 2. MANAGEMENT’S DISCUSSION AND ANALYSIS OF FINANCIAL CONDITION AND RESULTS,ITEM 2. MANAGEMENT’S DISCUSSION AND ANALYSIS OF FINANCIAL CONDITION AND RESULTS OF OPERATIONS The
0000731766-17-000028,UNITEDHEALTH GROUP INC,MDA,10-Q,R2_first_anchor_dangling_later_resolvable,3,2,6201.0,4435,ITEM 2. MANAGEMENT’S DISCUSSION AND ANALYSIS OF FINANCIAL CONDITION AND RESULTS OF OPERATIONS The,ITEM 2. MANAGEMENT’S DISCUSSION AND ANALYSIS OF FINANCIAL CONDITION AND RESULTS OF OPERATIONS The
0000731766-17-000045,UNITEDHEALTH GROUP INC,MDA,10-Q,R2_first_anchor_dangling_later_resolvable,3,2,5884.0,4487,ITEM 2. MANAGEMENT’S DISCUSSION AND ANALYSIS OF FINANCIAL CONDITION AND RESULTS OF OPERATIONS The,ITEM 2. MANAGEMENT’S DISCUSSION AND ANALYSIS OF FINANCIAL CONDITION AND RESULTS OF OPERATIONS The
0000753308-16-000337,NEXTERA ENERGY INC,MDA,10-K,R2_first_anchor_dangling_later_resolvable,3,1,18340.0,18337,Table of Contents Item 7. Management’s Discussion and Analysis of Financial Condition and Results,Item 7. Management’s Discussion and Analysis of Financial Condition and Results of Operations OVERVIEW
0000753308-17-000060,NEXTERA ENERGY INC,MDA,10-K,R2_first_anchor_dangling_later_resolvable,3,1,17166.0,17163,Table of Contents Item 7. Management’s Discussion and Analysis of Financial Condition and Results,Item 7. Management’s Discussion and Analysis of Financial Condition and Results of Operations OVERVIEW
0000753308-18-000013,NEXTERA ENERGY INC,MDA,10-K,R2_first_anchor_dangling_later_resolvable,3,1,15105.0,15102,Table of Contents Item 7. Management’s Discussion and Analysis of Financial Condition and Results,Item 7. Management’s Discussion and Analysis of Financial Condition and Results of Operations OVERVIEW
0000766704-15-000031,WELLTOWER INC.,MDA,10-Q,R3_all_anchors_dangling,1,0,,783,,Item 2. Management’s Discussion and Analysis of Financial Condition and Results of Operations Critical
0000766704-15-000043,WELLTOWER INC.,MDA,10-Q,R3_all_anchors_dangling,1,0,,268,,Item 2. Management’s Discussion and Analysis of Financial Condition and Results of Operations care
0000766704-16-000055,WELLTOWER INC.,MDA,10-K,R3_all_anchors_dangling,1,0,,534,,Item 7. Management’s Discussion and Analysis of Financial Condition and Results of Operations Nature
0000766704-16-000072,WELLTOWER INC.,MDA,10-Q,R3_all_anchors_dangling,1,0,,499,,"Item 2. Management’s Discussion and Analysis of Financial Condition and Results of Operations “project,”"
0000766704-16-000082,WELLTOWER INC.,MDA,10-Q,R3_all_anchors_dangling,1,0,,68,,"Item 2. Management’s Discussion and Analysis of Financial Condition and Results of Operations “Business,”"
0000766704-16-000092,WELLTOWER INC.,MDA,10-Q,R3_all_anchors_dangling,1,0,,701,,Item 2. Management’s Discussion and Analysis of Financial Condition and Results of Operations Management
0000766704-17-000012,WELLTOWER INC.,MDA,10-K,R3_all_anchors_dangling,1,0,,534,,Item 7. Management’s Discussion and Analysis of Financial Condition and Results of Operations Nature
0000766704-17-000024,WELLTOWER INC.,MDA,10-Q,R3_all_anchors_dangling,1,0,,539,,Item 2. Management’s Discussion and Analysis of Financial Condition and Results of Operations Cautionary
0000766704-17-000035,WELLTOWER INC.,MDA,10-Q,R3_all_anchors_dangling,1,0,,539,,Item 2. Management’s Discussion and Analysis of Financial Condition and Results of Operations Cautionary
0000766704-17-000050,WELLTOWER INC.,MDA,10-Q,R3_all_anchors_dangling,1,0,,539,,Item 2. Management’s Discussion and Analysis of Financial Condition and Results of Operations Cautionary
0000766704-18-000012,WELLTOWER INC.,MDA,10-K,R3_all_anchors_dangling,1,0,,555,,Item 7. Management’s Discussion and Analysis of Financial Condition and Results of Operations Nature
0000766704-18-000030,WELLTOWER INC.,MDA,10-Q,R3_all_anchors_dangling,1,0,,548,,Item 2. Management’s Discussion and Analysis of Financial Condition and Results of Operations Cautionary
0000885725-26-000033,BOSTON SCIENTIFIC CORP,MDA,10-Q,R2_first_anchor_dangling_later_resolvable,3,1,5710.0,5710,Table of Contents ITEM 2. MANAGEMENT’S DISCUSSION AND ANALYSIS OF FINANCIAL CONDITION AND RESULTS,ITEM 2. MANAGEMENT’S DISCUSSION AND ANALYSIS OF FINANCIAL CONDITION AND RESULTS OF OPERATIONS Introduction
0000927628-16-000140,CAPITAL ONE FINANCIAL CORP,RISK_FACTORS,10-K,R2_first_anchor_dangling_later_resolvable,2,1,11536.0,101388,Item 1A. Risk Factors This section highlights specific risks that could affect our business.,Item 1A. Risk Factors” in this Report for factors that could materially influence our
0000930413-16-005457,HONEYWELL INTERNATIONAL INC,MDA,10-K,R3_all_anchors_dangling,1,0,,19,,Item 7. Management’s Discussion and Analysis of Financial Condition and Results of Operations under
0000930413-16-005457,HONEYWELL INTERNATIONAL INC,RISK_FACTORS,10-K,R3_all_anchors_dangling,1,0,,3036,,Item 1A. Risk Factors Cautionary Statement about Forward-Looking Statements We describe many of the
0000930413-18-000292,HONEYWELL INTERNATIONAL INC,MDA,10-K,R3_all_anchors_dangling,1,0,,19,,Item 7. Management’s Discussion and Analysis of Financial Condition and Results of Operations under
0000930413-18-000292,HONEYWELL INTERNATIONAL INC,RISK_FACTORS,10-K,R3_all_anchors_dangling,1,0,,4102,,Item 1A. Risk Factors Cautionary Statement About Forward-Looking Statements We describe many of the
0000930413-19-000366,HONEYWELL INTERNATIONAL INC,MDA,10-K,R3_all_anchors_dangling,1,0,,19,,Item 7. Management’s Discussion and Analysis of Financial Condition and Results of Operations under
0000930413-19-000366,HONEYWELL INTERNATIONAL INC,RISK_FACTORS,10-K,R3_all_anchors_dangling,1,0,,4164,,Item 1A. Risk Factors Cautionary Statement About Forward-Looking Statements We describe many of the
0000936402-18-000013,Shire plc,MDA,10-Q,R2_first_anchor_dangling_later_resolvable,2,1,3438.0,3435,Table of Contents Item 2. Management’s Discussion and Analysis of Financial Condition and Results,Item 2. Management’s Discussion and Analysis of Financial Condition and Results of Operations The
0001108524-15-000025,"Salesforce, Inc.",MDA,10-Q,R2_first_anchor_dangling_later_resolvable,2,1,30544.0,16557,Table of Contents ITEM 2. MANAGEMENT’S DISCUSSION AND ANALYSIS OF FINANCIAL CONDITION AND RESULTS,ITEM 2. MANAGEMENT’S DISCUSSION AND ANALYSIS OF FINANCIAL CONDITION AND RESULTS OF OPERATIONS This
0001108524-15-000034,"Salesforce, Inc.",MDA,10-Q,R2_first_anchor_dangling_later_resolvable,2,1,32187.0,17729,Table of Contents ITEM 2. MANAGEMENT’S DISCUSSION AND ANALYSIS OF FINANCIAL CONDITION AND RESULTS,ITEM 2. MANAGEMENT’S DISCUSSION AND ANALYSIS OF FINANCIAL CONDITION AND RESULTS OF OPERATIONS This
0001108524-16-000066,"Salesforce, Inc.",MDA,10-Q,R2_first_anchor_dangling_later_resolvable,2,1,27752.0,13229,Table of Contents ITEM 2. MANAGEMENT’S DISCUSSION AND ANALYSIS OF FINANCIAL CONDITION AND RESULTS,ITEM 2. MANAGEMENT’S DISCUSSION AND ANALYSIS OF FINANCIAL CONDITION AND RESULTS OF OPERATIONS This
0001108524-16-000085,"Salesforce, Inc.",MDA,10-Q,R2_first_anchor_dangling_later_resolvable,2,1,31375.0,16434,Table of Contents ITEM 2. MANAGEMENT’S DISCUSSION AND ANALYSIS OF FINANCIAL CONDITION AND RESULTS,ITEM 2. MANAGEMENT’S DISCUSSION AND ANALYSIS OF FINANCIAL CONDITION AND RESULTS OF OPERATIONS This
0001108524-16-000128,"Salesforce, Inc.",MDA,10-Q,R2_first_anchor_dangling_later_resolvable,2,1,32940.0,17348,Table of Contents ITEM 2. MANAGEMENT’S DISCUSSION AND ANALYSIS OF FINANCIAL CONDITION AND RESULTS,ITEM 2. MANAGEMENT’S DISCUSSION AND ANALYSIS OF FINANCIAL CONDITION AND RESULTS OF OPERATIONS This
0001108524-17-000012,"Salesforce, Inc.",MDA,10-Q,R2_first_anchor_dangling_later_resolvable,2,1,24482.0,8424,Table of Contents ITEM 2. MANAGEMENT’S DISCUSSION AND ANALYSIS OF FINANCIAL CONDITION AND RESULTS,ITEM 2. MANAGEMENT’S DISCUSSION AND ANALYSIS OF FINANCIAL CONDITION AND RESULTS OF OPERATIONS This
0001108524-17-000020,"Salesforce, Inc.",MDA,10-Q,R2_first_anchor_dangling_later_resolvable,2,1,27152.0,10667,Table of Contents ITEM 2. MANAGEMENT’S DISCUSSION AND ANALYSIS OF FINANCIAL CONDITION AND RESULTS,ITEM 2. MANAGEMENT’S DISCUSSION AND ANALYSIS OF FINANCIAL CONDITION AND RESULTS OF OPERATIONS This
0001108524-19-000025,"Salesforce, Inc.",MDA,10-Q,R2_first_anchor_dangling_later_resolvable,2,1,26513.0,8872,Table of Contents ITEM 2. MANAGEMENT’S DISCUSSION AND ANALYSIS OF FINANCIAL CONDITION AND RESULTS,ITEM 2. MANAGEMENT’S DISCUSSION AND ANALYSIS OF FINANCIAL CONDITION AND RESULTS OF OPERATIONS This
0001136893-16-000061,"Fidelity National Information Services, Inc.",MDA,10-K,R2_first_anchor_dangling_later_resolvable,3,1,36886.0,9078,Table of Contents Item 7. Management’s Discussion and Analysis of Financial Condition and Results,Item 7. Management’s Discussion and Analysis of Financial Condition and Results of Operations The
0001136893-16-000061,"Fidelity National Information Services, Inc.",RISK_FACTORS,10-K,R2_first_anchor_dangling_later_resolvable,3,1,50262.0,10752,Table of Contents Item 1A. Risk Factors In addition to the normal risks of,"Item 1A. Risk Factors In addition to the normal risks of business, we are"
0001136893-17-000008,"Fidelity National Information Services, Inc.",MDA,10-K,R2_first_anchor_dangling_later_resolvable,3,1,38105.0,10734,Table of Contents Item 7. Management’s Discussion and Analysis of Financial Condition and Results,Item 7. Management’s Discussion and Analysis of Financial Condition and Results of Operations The
0001136893-17-000008,"Fidelity National Information Services, Inc.",RISK_FACTORS,10-K,R2_first_anchor_dangling_later_resolvable,3,1,50902.0,10499,"Item 1A. Risk Factors In addition to the normal risks of business, we are","Item 1A. Risk Factors In addition to the normal risks of business, we are"
0001136893-18-000011,"Fidelity National Information Services, Inc.",MDA,10-K,R2_first_anchor_dangling_later_resolvable,3,1,37450.0,11184,Table of Contents Item 7. Management’s Discussion and Analysis of Financial Condition and Results,Item 7. Management’s Discussion and Analysis of Financial Condition and Results of Operations The
0001136893-18-000011,"Fidelity National Information Services, Inc.",RISK_FACTORS,10-K,R2_first_anchor_dangling_later_resolvable,3,1,50448.0,10663,"Item 1A. Risk Factors In addition to the normal risks of business, we are","Item 1A. Risk Factors In addition to the normal risks of business, we are"
0001136893-19-000008,"Fidelity National Information Services, Inc.",MDA,10-K,R2_first_anchor_dangling_later_resolvable,3,1,37244.0,10889,Table of Contents Item 7. Management’s Discussion and Analysis of Financial Condition and Results,Item 7. Management’s Discussion and Analysis of Financial Condition and Results of Operations The
0001136893-19-000008,"Fidelity National Information Services, Inc.",RISK_FACTORS,10-K,R2_first_anchor_dangling_later_resolvable,3,1,51673.0,35534,"Item 1A. Risk Factors In addition to the normal risks of business, we are","Item 1A. Risk Factors"" included elsewhere in this report. Globally, attacks on information technology"
0001136893-20-000032,"Fidelity National Information Services, Inc.",MDA,10-K,R2_first_anchor_dangling_later_resolvable,3,1,42674.0,9468,Table of Contents Item 7. Management's Discussion and Analysis of Financial Condition and Results,Item 7. Management's Discussion and Analysis of Financial Condition and Results of Operations The
0001136893-20-000032,"Fidelity National Information Services, Inc.",RISK_FACTORS,10-K,R2_first_anchor_dangling_later_resolvable,3,1,61521.0,16234,"Item 1A. Risk Factors In addition to the normal risks of business, we are","Item 1A. Risk Factors In addition to the normal risks of business, we are"
0001140361-16-083198,"Walgreens Boots Alliance, Inc.",RISK_FACTORS,10-K,R3_all_anchors_dangling,1,0,,14871,,Item 1A. Risk Factors In addition to the other information in this report and
0001193125-15-277885,"PNC FINANCIAL SERVICES GROUP, INC.",MDA,10-Q,R2_first_anchor_dangling_later_resolvable,2,1,86121.0,89,"FINANCIAL REVIEW T HE PNC F INANCIAL S ERVICES G ROUP , I NC",Item 2. Management’s Discussion and Analysis of Financial Condition and Results of Operations (MD&A).
0001193125-17-155839,"PNC FINANCIAL SERVICES GROUP, INC.",MDA,10-Q,R2_first_anchor_dangling_later_resolvable,2,1,47484.0,77,"FINANCIAL REVIEW T HE PNC F INANCIAL S ERVICES G ROUP , I NC",Item 2. Management’s Discussion and Analysis of Financial Condition and Results of Operations (MD&A).
0001283699-17-000022,"T-Mobile US, Inc.",MDA,10-Q,R2_first_anchor_dangling_later_resolvable,3,1,9455.0,8397,Table of Contents Item 2. Management’s Discussion and Analysis of Financial Condition and Results,Item 2. Management’s Discussion and Analysis of Financial Condition and Results of Operations Cautionary
0001358071-18-000008,CONCHO RESOURCES INC,MDA,10-K,R3_all_anchors_dangling,2,0,,914,,Item 7. Management’s Discussion and Analysis of Financial Condition and Results of Operations The
0001358071-18-000008,CONCHO RESOURCES INC,RISK_FACTORS,10-K,R3_all_anchors_dangling,2,0,,13607,,Item 1A. Risk Factors” for a description of the factors that may impact future
0001358071-19-000003,CONCHO RESOURCES INC,MDA,10-K,R3_all_anchors_dangling,2,0,,905,,Item 7. Management’s Discussion and Analysis of Financial Condition and Results of Operations The
0001358071-19-000003,CONCHO RESOURCES INC,RISK_FACTORS,10-K,R3_all_anchors_dangling,2,0,,12031,,Item 1A. Risk Factors” for a description of the factors that may impact future
0001413329-16-000076,Philip Morris International Inc.,MDA,10-K,R2_first_anchor_dangling_later_resolvable,2,1,57704.0,27419,Item 7. Management’s Discussion and Analysis of Financial Condition and Results of Operations. The,Item 7. Management’s Discussion and Analysis of Financial Condition and Results of Operations. The
0001413329-16-000076,Philip Morris International Inc.,RISK_FACTORS,10-K,R2_first_anchor_dangling_later_resolvable,2,1,70085.0,30355,Item 1A. Risk Factors. The following risk factors should be read carefully in connection,"Item 1A. Risk Factors, and Business Environment of this section. You should understand that"
0001413329-17-000014,Philip Morris International Inc.,MDA,10-K,R2_first_anchor_dangling_later_resolvable,2,1,54758.0,24042,Item 7. Management’s Discussion and Analysis of Financial Condition and Results of Operations. The,Item 7. Management’s Discussion and Analysis of Financial Condition and Results of Operations. The
0001413329-17-000014,Philip Morris International Inc.,RISK_FACTORS,10-K,R2_first_anchor_dangling_later_resolvable,2,1,67616.0,30786,Item 1A. Risk Factors. The following risk factors should be read carefully in connection,"Item 1A. Risk Factors, and Business Environment of this section. You should understand that"
0001413329-18-000007,Philip Morris International Inc.,MDA,10-K,R2_first_anchor_dangling_later_resolvable,2,1,55398.0,24960,Item 7. Management’s Discussion and Analysis of Financial Condition and Results of Operations. The,Item 7. Management’s Discussion and Analysis of Financial Condition and Results of Operations. The
0001413329-18-000007,Philip Morris International Inc.,RISK_FACTORS,10-K,R2_first_anchor_dangling_later_resolvable,2,1,59751.0,30508,Item 1A. Risk Factors. The following risk factors should be read carefully in connection,Item 1A. Risk Factors and Business Environment of this section. You should understand that
0001413329-19-000007,Philip Morris International Inc.,MDA,10-K,R2_first_anchor_dangling_later_resolvable,2,1,56698.0,24054,Item 7. Management’s Discussion and Analysis of Financial Condition and Results of Operations. The,Item 7. Management’s Discussion and Analysis of Financial Condition and Results of Operations. The
0001413329-19-000007,Philip Morris International Inc.,RISK_FACTORS,10-K,R2_first_anchor_dangling_later_resolvable,2,1,61256.0,32711,Item 1A. Risk Factors. The following risk factors should be read carefully in connection,Item 1A. Risk Factors and Business Environment of this section. You should understand that
0001413329-20-000007,Philip Morris International Inc.,MDA,10-K,R2_first_anchor_dangling_later_resolvable,2,1,58225.0,2985,Item 7. Management’s Discussion and Analysis of Financial Condition and Results of Operations. The,Item 7. Management's Discussion and Analysis of Financial Condition and Results of Operation -
0001413329-20-000007,Philip Morris International Inc.,RISK_FACTORS,10-K,R2_first_anchor_dangling_later_resolvable,2,1,63031.0,35403,Item 1A. Risk Factors. The following risk factors should be read carefully in connection,Item 1A. Risk Factors and Business Environment of this section. You should understand that
0001483096-16-000021,WILLIAMS PARTNERS L.P.,RISK_FACTORS,10-K,R2_first_anchor_dangling_later_resolvable,2,1,84033.0,17851,Item 1A. Risk Factors FORWARD-LOOKING STATEMENTS AND CAUTIONARY STATEMENT FOR PURPOSES OF THE “SAFE,Item 1A. Risk Factors FORWARD-LOOKING STATEMENTS AND CAUTIONARY STATEMENT FOR PURPOSES OF THE “SAFE
0001539838-15-000037,"Diamondback Energy, Inc.",MDA,10-Q,R2_first_anchor_dangling_later_resolvable,2,1,9890.0,7839,ITEM 2. MANAGEMENT’S DISCUSSION AND ANALYSIS OF FINANCIAL CONDITION AND RESULTS OF OPERATIONS The,ITEM 2. MANAGEMENT’S DISCUSSION AND ANALYSIS OF FINANCIAL CONDITION AND RESULTS OF OPERATIONS The
0001555280-16-000344,Zoetis Inc.,MDA,10-K,R2_first_anchor_dangling_later_resolvable,2,1,67480.0,71,Table of Contents Item 7. Management’s Discussion and Analysis of Financial Condition and Results,Item 7. Management’s Discussion and Analysis of Financial Condition and Results of Operations. Introduction
0001555280-16-000344,Zoetis Inc.,RISK_FACTORS,10-K,R2_first_anchor_dangling_later_resolvable,2,1,85955.0,67335,Table of Contents Item 1A. Risk Factors. In addition to the other information in,"Item 1A. Risk Factors , and in the Comparability of historical results and our"
0001555280-17-000044,Zoetis Inc.,MDA,10-K,R2_first_anchor_dangling_later_resolvable,2,1,52066.0,71,Table of Contents Item 7. Management’s Discussion and Analysis of Financial Condition and Results,Item 7. Management’s Discussion and Analysis of Financial Condition and Results of Operations. Introduction
0001555280-17-000044,Zoetis Inc.,RISK_FACTORS,10-K,R2_first_anchor_dangling_later_resolvable,2,1,69799.0,51942,Item 1A. Risk Factors. In addition to the other information set forth in this,Item 1A. Risk Factors and Forward-looking statements and factors that may affect future results
0001564590-20-004822,WEYERHAEUSER CO,MDA,10-K,R2_first_anchor_dangling_later_resolvable,4,3,8049.0,54,MANAGEMENT’S DISCUSSION AND ANALYSIS OF FINANCIAL CONDITION AND RESULTS OF OPERATIONS (MD&A) WHAT YOU,ITEM 7. MANAGEMENT’S DISCUSSION AND ANALYSIS OF FINANCIAL CONDITION AND RESULTS OF OPERATIONS (MD&A)
0001652044-18-000007,Alphabet Inc.,RISK_FACTORS,10-K,R2_first_anchor_dangling_later_resolvable,2,1,10497.0,10497,ITEM 1A. RISK FACTORS Our operations and financial results are subject to various risks,ITEM 1A. RISK FACTORS Our operations and financial results are subject to various risks
0001673379-17-000004,APACHE CORP,MDA,10-K,R2_first_anchor_dangling_later_resolvable,3,2,52360.0,13098,ITEM 7. MANAGEMENT’S DISCUSSION AND ANALYSIS OF FINANCIAL CONDITION AND RESULTS OF OPERATIONS Apache,ITEM 7. MANAGEMENT’S DISCUSSION AND ANALYSIS OF FINANCIAL CONDITION AND RESULTS OF OPERATIONS Apache
0001673379-17-000004,APACHE CORP,RISK_FACTORS,10-K,R2_first_anchor_dangling_later_resolvable,3,2,60252.0,6941,ITEM 1A. RISK FACTORS Our business activities and the value of our securities are,ITEM 1A. RISK FACTORS Our business activities and the value of our securities are
0001673379-18-000008,APACHE CORP,MDA,10-K,R2_first_anchor_dangling_later_resolvable,3,2,46487.0,12759,ITEM 7. MANAGEMENT’S DISCUSSION AND ANALYSIS OF FINANCIAL CONDITION AND RESULTS OF OPERATIONS Apache,ITEM 7. MANAGEMENT’S DISCUSSION AND ANALYSIS OF FINANCIAL CONDITION AND RESULTS OF OPERATIONS Apache
0001673379-18-000008,APACHE CORP,RISK_FACTORS,10-K,R2_first_anchor_dangling_later_resolvable,3,2,54361.0,6966,ITEM 1A. RISK FACTORS Our business activities and the value of our securities are,ITEM 1A. RISK FACTORS Our business activities and the value of our securities are
0001682852-19-000023,"Moderna, Inc.",MDA,10-Q,R2_first_anchor_dangling_later_resolvable,2,1,10471.0,10471,Item 2. MANAGEMENT’S DISCUSSION AND ANALYSIS OF FINANCIAL CONDITION AND RESULTS OF OPERATIONS You,Item 2. MANAGEMENT’S DISCUSSION AND ANALYSIS OF FINANCIAL CONDITION AND RESULTS OF OPERATIONS You
0001733037-19-000004,APACHE CORP,MDA,10-K,R2_first_anchor_dangling_later_resolvable,3,2,47976.0,13200,ITEM 7. MANAGEMENT’S DISCUSSION AND ANALYSIS OF FINANCIAL CONDITION AND RESULTS OF OPERATIONS Apache,ITEM 7. MANAGEMENT’S DISCUSSION AND ANALYSIS OF FINANCIAL CONDITION AND RESULTS OF OPERATIONS Apache
0001733037-19-000004,APACHE CORP,RISK_FACTORS,10-K,R2_first_anchor_dangling_later_resolvable,3,2,56565.0,7466,ITEM 1A. RISK FACTORS Our business activities and the value of our securities are,ITEM 1A. RISK FACTORS Our business activities and the value of our securities are
0001733037-20-000004,APACHE CORP,MDA,10-K,R2_first_anchor_dangling_later_resolvable,3,2,53813.0,12804,ITEM 7. MANAGEMENT’S DISCUSSION AND ANALYSIS OF FINANCIAL CONDITION AND RESULTS OF OPERATIONS The,ITEM 7. MANAGEMENT’S DISCUSSION AND ANALYSIS OF FINANCIAL CONDITION AND RESULTS OF OPERATIONS The
0001733037-20-000004,APACHE CORP,RISK_FACTORS,10-K,R2_first_anchor_dangling_later_resolvable,3,2,62384.0,7777,ITEM 1A. RISK FACTORS Our business activities and the value of our securities are,ITEM 1A. RISK FACTORS Our business activities and the value of our securities are
