ticker,acc,form,section,e1_method,f3_method,f3_reason,f3_status,same,e1_words,f3_words
AAPL,0000320193-23-000104,8-K,EX99_PRESS_RELEASE,whole_document,whole_document,ok,OK,True,1467,1467
AAPL,0000320193-23-000106,10-K,MDA,anchor,anchor,ok,OK,True,2487,2487
AAPL,0000320193-23-000106,10-K,RISK_FACTORS,anchor,anchor,ok,OK,True,9797,9797
AAPL,0000320193-24-000005,8-K,EX99_PRESS_RELEASE,whole_document,whole_document,ok,OK,True,1407,1407
AAPL,0000320193-24-000006,10-Q,MDA,anchor,anchor,ok,OK,True,2420,2420
AAPL,0000320193-24-000006,10-Q,RISK_FACTORS,anchor,anchor,ok,OK,True,664,664
AAPL,0000320193-24-000067,8-K,EX99_PRESS_RELEASE,whole_document,whole_document,ok,OK,True,1525,1525
AAPL,0000320193-24-000069,10-Q,MDA,anchor,anchor,ok,OK,True,2725,2725
AAPL,0000320193-24-000069,10-Q,RISK_FACTORS,anchor,anchor,ok,OK,True,693,693
AAPL,0000320193-24-000080,8-K,EX99_PRESS_RELEASE,whole_document,whole_document,ok,OK,True,1497,1497
AAPL,0000320193-24-000081,10-Q,MDA,anchor,anchor,ok,OK,True,2830,2830
AAPL,0000320193-24-000081,10-Q,RISK_FACTORS,anchor,anchor,ok,OK,True,163,163
AAPL,0000320193-24-000120,8-K,EX99_PRESS_RELEASE,whole_document,whole_document,ok,OK,True,1955,1955
AAPL,0000320193-24-000123,10-K,MDA,anchor,anchor,ok,OK,True,2441,2441
AAPL,0000320193-24-000123,10-K,RISK_FACTORS,anchor,anchor,ok,OK,True,9914,9914
AAPL,0000320193-25-000007,8-K,EX99_PRESS_RELEASE,whole_document,whole_document,ok,OK,True,1383,1383
AAPL,0000320193-25-000008,10-Q,MDA,anchor,anchor,ok,OK,True,2485,2485
AAPL,0000320193-25-000008,10-Q,RISK_FACTORS,anchor,anchor,ok,OK,True,1318,1318
AAPL,0000320193-25-000055,8-K,EX99_PRESS_RELEASE,whole_document,whole_document,ok,OK,True,1492,1492
AAPL,0000320193-25-000057,10-Q,MDA,anchor,anchor,ok,OK,True,3333,3333
AAPL,0000320193-25-000057,10-Q,RISK_FACTORS,anchor,anchor,ok,OK,True,1792,1792
AAPL,0000320193-25-000071,8-K,EX99_PRESS_RELEASE,whole_document,whole_document,ok,OK,True,1465,1465
AAPL,0000320193-25-000073,10-Q,MDA,anchor,anchor,ok,OK,True,3160,3160
AAPL,0000320193-25-000073,10-Q,RISK_FACTORS,anchor,anchor,ok,OK,True,171,171
AAPL,0000320193-25-000077,8-K,EX99_PRESS_RELEASE,whole_document,whole_document,ok,OK,True,1973,1973
AAPL,0000320193-25-000079,10-K,MDA,anchor,anchor,ok,OK,True,2805,2805
AAPL,0000320193-25-000079,10-K,RISK_FACTORS,anchor,anchor,ok,OK,True,9784,9784
AAPL,0000320193-26-000005,8-K,EX99_PRESS_RELEASE,whole_document,whole_document,ok,OK,True,1401,1401
AAPL,0000320193-26-000006,10-Q,MDA,anchor,anchor,ok,OK,True,2740,2740
AAPL,0000320193-26-000006,10-Q,RISK_FACTORS,anchor,anchor,ok,OK,True,66,66
AAPL,0000320193-26-000011,8-K,EX99_PRESS_RELEASE,whole_document,whole_document,ok,OK,True,1542,1542
AAPL,0000320193-26-000013,10-Q,MDA,anchor,anchor,ok,OK,True,3460,3460
AAPL,0000320193-26-000013,10-Q,RISK_FACTORS,anchor,anchor,ok,OK,True,3185,3185
AAPL,0000320193-26-000018,8-K,EX99_PRESS_RELEASE,whole_document,whole_document,ok,OK,True,1489,1489
AAPL,0000320193-26-000020,10-Q,MDA,anchor,anchor,ok,OK,True,3373,3373
AAPL,0000320193-26-000020,10-Q,RISK_FACTORS,anchor,anchor,ok,OK,True,2794,2794
ABBV,0001551152-23-000036,8-K,EX99_PRESS_RELEASE,whole_document,whole_document,below_length_floor,FLAGGED,True,143,143
ABBV,0001551152-23-000040,8-K,EX99_PRESS_RELEASE,whole_document,whole_document,ok,OK,True,5431,5431
ABBV,0001551152-23-000045,10-Q,MDA,anchor,anchor,ok,OK,True,6655,6655
ABBV,0001551152-24-000002,8-K,EX99_PRESS_RELEASE,whole_document,whole_document,below_length_floor,FLAGGED,True,109,109
ABBV,0001551152-24-000007,8-K,EX99_PRESS_RELEASE,whole_document,whole_document,ok,OK,True,5513,5513
ABBV,0001551152-24-000011,10-K,MDA,anchor,anchor,ok,OK,True,9581,9581
ABBV,0001551152-24-000011,10-K,RISK_FACTORS,anchor,anchor,ok,OK,True,8477,8477
ABBV,0001551152-24-000013,8-K,EX99_PRESS_RELEASE,whole_document,whole_document,below_length_floor,FLAGGED,True,143,143
ABBV,0001551152-24-000016,8-K,EX99_PRESS_RELEASE,whole_document,whole_document,ok,OK,True,4206,4206
ABBV,0001551152-24-000020,10-Q,MDA,anchor,anchor,ok,OK,True,4780,4780
ABBV,0001551152-24-000024,8-K,EX99_PRESS_RELEASE,whole_document,whole_document,below_length_floor,FLAGGED,True,143,143
ABBV,0001551152-24-000026,8-K,EX99_PRESS_RELEASE,whole_document,whole_document,ok,OK,True,5137,5137
ABBV,0001551152-24-000031,10-Q,MDA,anchor,anchor,ok,OK,True,6253,6253
ABBV,0001551152-24-000033,8-K,EX99_PRESS_RELEASE,whole_document,whole_document,below_length_floor,FLAGGED,True,143,143
ABBV,0001551152-24-000036,8-K,EX99_PRESS_RELEASE,whole_document,whole_document,ok,OK,True,5353,5353
ABBV,0001551152-24-000040,10-Q,MDA,anchor,anchor,ok,OK,True,6881,6881
ABBV,0001551152-25-000002,8-K,EX99_PRESS_RELEASE,whole_document,whole_document,below_length_floor,FLAGGED,True,109,109
ABBV,0001551152-25-000011,8-K,EX99_PRESS_RELEASE,whole_document,whole_document,ok,OK,True,5141,5141
ABBV,0001551152-25-000020,10-K,MDA,anchor,anchor,ok,OK,True,9539,9539
ABBV,0001551152-25-000020,10-K,RISK_FACTORS,anchor,anchor,ok,OK,True,8463,8463
ABBV,0001551152-25-000023,8-K,EX99_PRESS_RELEASE,whole_document,whole_document,below_length_floor,FLAGGED,True,170,170
ABBV,0001551152-25-000026,8-K,EX99_PRESS_RELEASE,whole_document,whole_document,ok,OK,True,3328,3328
ABBV,0001551152-25-000029,10-Q,MDA,anchor,anchor,ok,OK,True,4413,4413
ABBV,0001551152-25-000034,8-K,EX99_PRESS_RELEASE,whole_document,whole_document,below_length_floor,FLAGGED,True,143,143
ABBV,0001551152-25-000036,8-K,EX99_PRESS_RELEASE,whole_document,whole_document,ok,OK,True,4625,4625
ABBV,0001551152-25-000040,10-Q,MDA,anchor,anchor,ok,OK,True,6229,6229
ABBV,0001551152-25-000043,8-K,EX99_PRESS_RELEASE,whole_document,whole_document,below_length_floor,FLAGGED,True,143,143
ABBV,0001551152-25-000047,8-K,EX99_PRESS_RELEASE,whole_document,whole_document,ok,OK,True,5327,5327
ABBV,0001551152-25-000049,10-Q,MDA,anchor,anchor,ok,OK,True,6839,6839
ABBV,0001551152-26-000002,8-K,EX99_PRESS_RELEASE,whole_document,whole_document,below_length_floor,FLAGGED,True,109,109
ABBV,0001551152-26-000004,8-K,EX99_PRESS_RELEASE,whole_document,whole_document,ok,OK,True,4766,4766
ABBV,0001551152-26-000008,10-K,MDA,anchor,anchor,ok,OK,True,9486,9486
ABBV,0001551152-26-000008,10-K,RISK_FACTORS,anchor,anchor,ok,OK,True,9163,9163
ABBV,0001551152-26-000011,8-K,EX99_PRESS_RELEASE,whole_document,whole_document,below_length_floor,FLAGGED,True,143,143
ABBV,0001551152-26-000013,8-K,EX99_PRESS_RELEASE,whole_document,whole_document,ok,OK,True,3430,3430
ABBV,0001551152-26-000017,10-Q,MDA,anchor,anchor,ok,OK,True,4326,4326
ABBV,0001551152-26-000021,8-K,EX99_PRESS_RELEASE,whole_document,whole_document,below_length_floor,FLAGGED,True,143,143
ABBV,0001551152-26-000023,8-K,EX99_PRESS_RELEASE,whole_document,whole_document,ok,OK,True,5312,5312
ABBV,0001551152-26-000026,10-Q,MDA,anchor,anchor,ok,OK,True,5597,5597
BAC,0000070858-23-000264,8-K,EX99_PRESS_RELEASE,whole_document,whole_document,ok,OK,True,9410,9410
BAC,0000070858-23-000272,10-Q,MDA,anchor,anchor,head_keyword_absent,FLAGGED,True,32151,32151
BAC,0000070858-23-000272,10-Q,RISK_FACTORS,anchor,anchor,ok,OK,True,31,31
BAC,0000070858-24-000006,8-K,8K_BODY,whole_document,item202_slice,earnings_item202_block_thin,FLAGGED,False,1412,665
BAC,0000070858-24-000011,8-K,EX99_PRESS_RELEASE,whole_document,whole_document,ok,OK,True,10373,10373
BAC,0000070858-24-000122,10-K,MDA,anchor,anchor,ok,OK,True,45243,45243
BAC,0000070858-24-000122,10-K,RISK_FACTORS,anchor,anchor,ok,OK,True,16680,16680
BAC,0000070858-24-000144,8-K,EX99_PRESS_RELEASE,whole_document,whole_document,ok,OK,True,9341,9341
BAC,0000070858-24-000156,10-Q,MDA,anchor,anchor,head_keyword_absent,FLAGGED,True,27421,27421
BAC,0000070858-24-000156,10-Q,RISK_FACTORS,anchor,anchor,ok,OK,True,31,31
BAC,0000070858-24-000186,8-K,EX99_PRESS_RELEASE,whole_document,whole_document,ok,OK,True,9780,9780
BAC,0000070858-24-000208,10-Q,MDA,anchor,anchor,head_keyword_absent,FLAGGED,True,31279,31279
BAC,0000070858-24-000208,10-Q,RISK_FACTORS,anchor,anchor,ok,OK,True,31,31
BAC,0000070858-24-000266,8-K,EX99_PRESS_RELEASE,whole_document,whole_document,ok,OK,True,9214,9214
BAC,0000070858-24-000280,10-Q,MDA,anchor,anchor,head_keyword_absent,FLAGGED,True,31633,31633
BAC,0000070858-24-000280,10-Q,RISK_FACTORS,anchor,anchor,ok,OK,True,31,31
BAC,0000070858-25-000011,8-K,EX99_PRESS_RELEASE,whole_document,whole_document,ok,OK,True,10041,10041
BAC,0000070858-25-000139,10-K,MDA,anchor,anchor,ok,OK,True,43711,43711
BAC,0000070858-25-000139,10-K,RISK_FACTORS,anchor,anchor,ok,OK,True,16756,16756
BAC,0000070858-25-000187,8-K,EX99_PRESS_RELEASE,whole_document,whole_document,ok,OK,True,8805,8805
BAC,0000070858-25-000200,10-Q,MDA,anchor,anchor,head_keyword_absent,FLAGGED,True,26503,26503
BAC,0000070858-25-000200,10-Q,RISK_FACTORS,anchor,anchor,ok,OK,True,31,31
BAC,0000070858-25-000254,8-K,EX99_PRESS_RELEASE,whole_document,whole_document,ok,OK,True,9556,9556
BAC,0000070858-25-000268,10-Q,MDA,anchor,anchor,head_keyword_absent,FLAGGED,True,31124,31124
BAC,0000070858-25-000268,10-Q,RISK_FACTORS,anchor,anchor,ok,OK,True,31,31
BAC,0000070858-25-000390,8-K,EX99_PRESS_RELEASE,whole_document,whole_document,ok,OK,True,9589,9589
BAC,0000070858-25-000405,10-Q,MDA,anchor,anchor,head_keyword_absent,FLAGGED,True,30646,30646
BAC,0000070858-25-000405,10-Q,RISK_FACTORS,anchor,anchor,ok,OK,True,31,31
BAC,0000070858-26-000020,8-K,EX99_PRESS_RELEASE,whole_document,whole_document,ok,OK,True,9963,9963
BAC,0000070858-26-000157,10-K,MDA,anchor,anchor,ok,OK,True,43940,43940
BAC,0000070858-26-000157,10-K,RISK_FACTORS,anchor,anchor,ok,OK,True,16634,16634
BAC,0000070858-26-000222,8-K,EX99_PRESS_RELEASE,whole_document,whole_document,ok,OK,True,9100,9100
BAC,0000070858-26-000249,10-Q,MDA,anchor,anchor,head_keyword_absent,FLAGGED,True,25881,25881
BAC,0000070858-26-000249,10-Q,RISK_FACTORS,anchor,anchor,ok,OK,True,31,31
BAC,0000070858-26-000353,8-K,EX99_PRESS_RELEASE,whole_document,whole_document,ok,OK,True,9754,9754
BAC,0000070858-26-000394,10-Q,MDA,anchor,anchor,head_keyword_absent,FLAGGED,True,29186,29186
BAC,0000070858-26-000394,10-Q,RISK_FACTORS,anchor,anchor,ok,OK,True,31,31
COP,0001163165-23-000031,10-Q,MDA,anchor,anchor,ok,OK,True,10625,10625
COP,0001163165-23-000031,10-Q,RISK_FACTORS,anchor,anchor,ok,OK,True,31,31
COP,0001163165-23-000029,8-K,EX99_PRESS_RELEASE,whole_document,whole_document,ok,OK,True,3445,3445
COP,0001163165-24-000004,8-K,EX99_PRESS_RELEASE,whole_document,whole_document,ok,OK,True,4210,4210
COP,0001163165-24-000010,10-K,MDA,anchor,anchor,ok,OK,True,17929,17929
COP,0001163165-24-000010,10-K,RISK_FACTORS,anchor,anchor,ok,OK,True,6218,6218
COP,0001163165-24-000023,10-Q,MDA,anchor,anchor,ok,OK,True,8687,8687
COP,0001163165-24-000023,10-Q,RISK_FACTORS,anchor,anchor,ok,OK,True,31,31
COP,0001163165-24-000018,8-K,EX99_PRESS_RELEASE,whole_document,whole_document,ok,OK,True,2499,2499
COP,0001163165-24-000037,10-Q,MDA,anchor,anchor,ok,OK,True,10509,10509
COP,0001163165-24-000037,10-Q,RISK_FACTORS,anchor,anchor,ok,OK,True,1523,1523
COP,0001163165-24-000034,8-K,EX99_PRESS_RELEASE,whole_document,whole_document,ok,OK,True,3169,3169
COP,0001163165-24-000052,10-Q,MDA,anchor,anchor,ok,OK,True,10771,10771
COP,0001163165-24-000052,10-Q,RISK_FACTORS,anchor,anchor,ok,OK,True,1480,1480
COP,0001163165-24-000049,8-K,EX99_PRESS_RELEASE,whole_document,whole_document,ok,OK,True,2914,2914
COP,0001163165-25-000006,8-K,EX99_PRESS_RELEASE,whole_document,whole_document,ok,OK,True,4434,4434
COP,0001163165-25-000012,10-K,MDA,anchor,anchor,ok,OK,True,18192,18192
COP,0001163165-25-000012,10-K,RISK_FACTORS,anchor,anchor,ok,OK,True,7017,7017
COP,0001163165-25-000025,10-Q,MDA,anchor,anchor,ok,OK,True,8457,8457
COP,0001163165-25-000025,10-Q,RISK_FACTORS,anchor,anchor,ok,OK,True,31,31
COP,0001163165-25-000023,8-K,EX99_PRESS_RELEASE,whole_document,whole_document,ok,OK,True,2887,2887
COP,0001163165-25-000042,10-Q,MDA,anchor,anchor,ok,OK,True,9536,9536
COP,0001163165-25-000042,10-Q,RISK_FACTORS,anchor,anchor,ok,OK,True,31,31
COP,0001163165-25-000040,8-K,EX99_PRESS_RELEASE,whole_document,whole_document,ok,OK,True,3147,3147
COP,0001163165-25-000058,10-Q,MDA,anchor,anchor,ok,OK,True,9497,9497
COP,0001163165-25-000058,10-Q,RISK_FACTORS,anchor,anchor,ok,OK,True,31,31
COP,0001163165-25-000056,8-K,EX99_PRESS_RELEASE,whole_document,whole_document,ok,OK,True,3506,3506
COP,0001163165-26-000005,8-K,EX99_PRESS_RELEASE,whole_document,whole_document,ok,OK,True,4036,4036
COP,0001163165-26-000009,10-K,MDA,anchor,anchor,ok,OK,True,17178,17178
COP,0001163165-26-000009,10-K,RISK_FACTORS,anchor,anchor,ok,OK,True,6247,6247
COP,0001163165-26-000018,10-Q,MDA,anchor,anchor,ok,OK,True,7269,7269
COP,0001163165-26-000018,10-Q,RISK_FACTORS,anchor,anchor,ok,OK,True,26,26
COP,0001163165-26-000016,8-K,EX99_PRESS_RELEASE,whole_document,whole_document,ok,OK,True,2736,2736
COP,0001163165-26-000032,10-Q,MDA,anchor,anchor,ok,OK,True,8738,8738
COP,0001163165-26-000032,10-Q,RISK_FACTORS,anchor,anchor,ok,OK,True,26,26
COP,0001163165-26-000030,8-K,EX99_PRESS_RELEASE,whole_document,whole_document,ok,OK,True,2983,2983
CSCO,0001193125-23-214316,8-K,EX99_PRESS_RELEASE,whole_document,whole_document,ok,OK,True,5677,5677
CSCO,0000858877-23-000023,10-K,MDA,anchor,anchor,ok,OK,True,11052,11052
CSCO,0000858877-23-000023,10-K,RISK_FACTORS,anchor,anchor,ok,OK,True,12539,12539
CSCO,0001193125-23-277891,8-K,EX99_PRESS_RELEASE,whole_document,whole_document,ok,OK,True,4893,4893
CSCO,0000858877-23-000031,10-Q,MDA,anchor,anchor,ok,OK,True,10377,10377
CSCO,0000858877-23-000031,10-Q,RISK_FACTORS,anchor,anchor,ok,OK,True,13148,13148
CSCO,0001193125-24-036201,8-K,EX99_PRESS_RELEASE,whole_document,whole_document,ok,OK,True,5404,5404
CSCO,0000858877-24-000003,10-Q,MDA,anchor,anchor,ok,OK,True,12176,12176
CSCO,0000858877-24-000003,10-Q,RISK_FACTORS,anchor,anchor,ok,OK,True,13406,13406
CSCO,0001193125-24-139371,8-K,EX99_PRESS_RELEASE,whole_document,whole_document,ok,OK,True,5674,5674
CSCO,0000858877-24-000007,10-Q,MDA,anchor,anchor,ok,OK,True,12608,12608
CSCO,0000858877-24-000007,10-Q,RISK_FACTORS,anchor,anchor,ok,OK,True,13565,13565
CSCO,0001193125-24-200636,8-K,EX99_PRESS_RELEASE,whole_document,whole_document,ok,OK,True,5931,5931
CSCO,0000858877-24-000017,10-K,MDA,anchor,anchor,ok,OK,True,11362,11362
CSCO,0000858877-24-000017,10-K,RISK_FACTORS,anchor,anchor,ok,OK,True,13279,13279
CSCO,0001193125-24-257224,8-K,EX99_PRESS_RELEASE,whole_document,whole_document,ok,OK,True,4728,4728
CSCO,0000858877-24-000030,10-Q,MDA,anchor,anchor,ok,OK,True,9772,9772
CSCO,0000858877-24-000030,10-Q,RISK_FACTORS,anchor,anchor,ok,OK,True,13351,13351
CSCO,0001193125-25-025114,8-K,EX99_PRESS_RELEASE,whole_document,whole_document,ok,OK,True,5368,5368
CSCO,0000858877-25-000007,10-Q,MDA,anchor,anchor,ok,OK,True,11670,11670
CSCO,0000858877-25-000007,10-Q,RISK_FACTORS,anchor,anchor,ok,OK,True,13280,13280
CSCO,0001193125-25-119864,8-K,EX99_PRESS_RELEASE,whole_document,whole_document,ok,OK,True,5424,5424
CSCO,0000858877-25-000033,10-Q,MDA,anchor,anchor,ok,OK,True,11848,11848
CSCO,0000858877-25-000033,10-Q,RISK_FACTORS,anchor,anchor,ok,OK,True,13271,13271
CSCO,0001193125-25-179820,8-K,EX99_PRESS_RELEASE,whole_document,whole_document,ok,OK,True,5794,5794
CSCO,0000858877-25-000111,10-K,MDA,anchor,anchor,ok,OK,True,10894,10894
CSCO,0000858877-25-000111,10-K,RISK_FACTORS,anchor,anchor,ok,OK,True,13416,13416
CSCO,0001193125-25-277624,8-K,EX99_PRESS_RELEASE,whole_document,whole_document,ok,OK,True,4783,4783
CSCO,0000858877-25-000171,10-Q,MDA,anchor,anchor,ok,OK,True,9383,9383
CSCO,0000858877-25-000171,10-Q,RISK_FACTORS,anchor,anchor,ok,OK,True,13371,13371
CSCO,0000858877-26-000006,8-K,EX99_PRESS_RELEASE,whole_document,whole_document,ok,OK,True,5396,5396
CSCO,0000858877-26-000021,10-Q,MDA,anchor,anchor,ok,OK,True,11348,11348
CSCO,0000858877-26-000021,10-Q,RISK_FACTORS,anchor,anchor,ok,OK,True,13395,13395
CSCO,0000858877-26-000075,8-K,EX99_PRESS_RELEASE,whole_document,whole_document,ok,OK,True,5530,5530
CSCO,0000858877-26-000078,10-Q,MDA,anchor,anchor,ok,OK,True,11748,11748
CSCO,0000858877-26-000078,10-Q,RISK_FACTORS,anchor,anchor,ok,OK,True,13646,13646
CVX,0000093410-23-000085,8-K,EX99_PRESS_RELEASE,whole_document,whole_document,ok,OK,True,4611,4611
CVX,0000093410-23-000088,10-Q,MDA,anchor,anchor,ok,OK,True,8121,8121
CVX,0000093410-23-000088,10-Q,RISK_FACTORS,anchor,anchor,ok,OK,True,525,525
CVX,0000093410-24-000002,8-K,8K_BODY,whole_document,item202_slice,ok,OK,False,1603,1297
CVX,0000093410-24-000006,8-K,EX99_PRESS_RELEASE,whole_document,whole_document,ok,OK,True,4906,4906
CVX,0000093410-24-000013,10-K,MDA,incorporated_by_reference_resolved,incorporated_by_reference_resolved,mda_stub_resolved,OK,True,14871,14871
CVX,0000093410-24-000013,10-K,RISK_FACTORS,anchor,anchor,ok,OK,True,5054,5054
CVX,0000093410-24-000017,8-K,EX99_PRESS_RELEASE,whole_document,whole_document,ok,OK,True,4205,4205
CVX,0000093410-24-000021,10-Q,MDA,anchor,anchor,ok,OK,True,7157,7157
CVX,0000093410-24-000021,10-Q,RISK_FACTORS,anchor,anchor,ok,OK,True,573,573
CVX,0000093410-24-000035,8-K,EX99_PRESS_RELEASE,whole_document,whole_document,ok,OK,True,4550,4550
CVX,0000093410-24-000040,10-Q,MDA,anchor,anchor,ok,OK,True,8364,8364
CVX,0000093410-24-000040,10-Q,RISK_FACTORS,anchor,anchor,ok,OK,True,553,553
CVX,0000093410-24-000055,8-K,EX99_PRESS_RELEASE,whole_document,whole_document,ok,OK,True,4818,4818
CVX,0000093410-24-000059,10-Q,MDA,anchor,anchor,ok,OK,True,9158,9158
CVX,0000093410-24-000059,10-Q,RISK_FACTORS,anchor,anchor,ok,OK,True,629,629
CVX,0000093410-25-000004,8-K,EX99_PRESS_RELEASE,whole_document,whole_document,ok,OK,True,5246,5246
CVX,0000093410-25-000009,10-K,MDA,incorporated_by_reference_resolved,incorporated_by_reference_resolved,mda_stub_resolved,OK,True,15563,15563
CVX,0000093410-25-000009,10-K,RISK_FACTORS,anchor,anchor,ok,OK,True,5438,5438
CVX,0000093410-25-000016,8-K,EX99_PRESS_RELEASE,whole_document,whole_document,ok,OK,True,4423,4423
CVX,0000093410-25-000019,10-Q,MDA,anchor,anchor,ok,OK,True,7726,7726
CVX,0000093410-25-000019,10-Q,RISK_FACTORS,anchor,anchor,ok,OK,True,673,673
CVX,0000093410-25-000058,8-K,EX99_PRESS_RELEASE,whole_document,whole_document,ok,OK,True,4865,4865
CVX,0000093410-25-000062,10-Q,MDA,anchor,anchor,ok,OK,True,9072,9072
CVX,0000093410-25-000062,10-Q,RISK_FACTORS,anchor,anchor,ok,OK,True,219,219
CVX,0000093410-25-000103,8-K,EX99_PRESS_RELEASE,whole_document,whole_document,ok,OK,True,4871,4871
CVX,0000093410-25-000108,10-Q,MDA,anchor,anchor,ok,OK,True,8758,8758
CVX,0000093410-25-000108,10-Q,RISK_FACTORS,anchor,anchor,ok,OK,True,220,220
CVX,0000093410-26-000019,8-K,EX99_PRESS_RELEASE,whole_document,whole_document,ok,OK,True,5478,5478
CVX,0000093410-26-000078,10-K,MDA,incorporated_by_reference_resolved,incorporated_by_reference_resolved,mda_stub_resolved,OK,True,15341,15341
CVX,0000093410-26-000078,10-K,RISK_FACTORS,anchor,anchor,ok,OK,True,4963,4963
CVX,0000093410-26-000108,8-K,8K_BODY,whole_document,item202_slice,ok,OK,False,2004,1700
CVX,0000093410-26-000110,8-K,EX99_PRESS_RELEASE,whole_document,whole_document,ok,OK,True,4404,4404
CVX,0000093410-26-000113,10-Q,MDA,anchor,anchor,ok,OK,True,7512,7512
CVX,0000093410-26-000113,10-Q,RISK_FACTORS,anchor,anchor,ok,OK,True,60,60
CVX,0000093410-26-000162,8-K,EX99_PRESS_RELEASE,whole_document,whole_document,ok,OK,True,5012,5012
CVX,0000093410-26-000167,10-Q,MDA,anchor,anchor,ok,OK,True,8884,8884
CVX,0000093410-26-000167,10-Q,RISK_FACTORS,anchor,anchor,ok,OK,True,60,60
GOOGL,0001652044-23-000088,8-K,EX99_PRESS_RELEASE,whole_document,whole_document,ok,OK,True,3515,3515
GOOGL,0001652044-23-000094,10-Q,MDA,anchor,anchor,ok,OK,True,9058,9058
GOOGL,0001652044-23-000094,10-Q,RISK_FACTORS,anchor,anchor,ok,OK,True,60,60
GOOGL,0001652044-24-000014,8-K,EX99_PRESS_RELEASE,whole_document,whole_document,ok,OK,True,3790,3790
GOOGL,0001652044-24-000022,10-K,MDA,anchor,anchor,ok,OK,True,9154,9154
GOOGL,0001652044-24-000022,10-K,RISK_FACTORS,anchor,anchor,ok,OK,True,11334,11334
GOOGL,0001652044-24-000047,8-K,EX99_PRESS_RELEASE,whole_document,whole_document,ok,OK,True,3804,3804
GOOGL,0001652044-24-000053,10-Q,MDA,anchor,anchor,ok,OK,True,7107,7107
GOOGL,0001652044-24-000053,10-Q,RISK_FACTORS,anchor,anchor,ok,OK,True,742,742
GOOGL,0001652044-24-000076,8-K,EX99_PRESS_RELEASE,whole_document,whole_document,ok,OK,True,3313,3313
GOOGL,0001652044-24-000079,10-Q,MDA,anchor,anchor,ok,OK,True,8085,8085
GOOGL,0001652044-24-000079,10-Q,RISK_FACTORS,anchor,anchor,ok,OK,True,395,395
GOOGL,0001652044-24-000115,8-K,EX99_PRESS_RELEASE,whole_document,whole_document,ok,OK,True,3514,3514
GOOGL,0001652044-24-000118,10-Q,MDA,anchor,anchor,ok,OK,True,8282,8282
GOOGL,0001652044-24-000118,10-Q,RISK_FACTORS,anchor,anchor,ok,OK,True,887,887
GOOGL,0001652044-25-000010,8-K,EX99_PRESS_RELEASE,whole_document,whole_document,ok,OK,True,3740,3740
GOOGL,0001652044-25-000014,10-K,MDA,anchor,anchor,ok,OK,True,8876,8876
GOOGL,0001652044-25-000014,10-K,RISK_FACTORS,anchor,anchor,ok,OK,True,12422,12422
GOOGL,0001652044-25-000040,8-K,EX99_PRESS_RELEASE,whole_document,whole_document,ok,OK,True,3468,3468
GOOGL,0001652044-25-000043,10-Q,MDA,anchor,anchor,ok,OK,True,7155,7155
GOOGL,0001652044-25-000043,10-Q,RISK_FACTORS,anchor,anchor,ok,OK,True,97,97
GOOGL,0001652044-25-000056,8-K,EX99_PRESS_RELEASE,whole_document,whole_document,ok,OK,True,3420,3420
GOOGL,0001652044-25-000062,10-Q,MDA,anchor,anchor,ok,OK,True,8131,8131
GOOGL,0001652044-25-000062,10-Q,RISK_FACTORS,anchor,anchor,ok,OK,True,97,97
GOOGL,0001652044-25-000087,8-K,EX99_PRESS_RELEASE,whole_document,whole_document,ok,OK,True,3895,3895
GOOGL,0001652044-25-000091,10-Q,MDA,anchor,anchor,ok,OK,True,8116,8116
GOOGL,0001652044-25-000091,10-Q,RISK_FACTORS,anchor,anchor,ok,OK,True,97,97
GOOGL,0001652044-26-000012,8-K,EX99_PRESS_RELEASE,whole_document,whole_document,ok,OK,True,3866,3866
GOOGL,0001652044-26-000018,10-K,MDA,anchor,anchor,ok,OK,True,7956,7956
GOOGL,0001652044-26-000018,10-K,RISK_FACTORS,anchor,anchor,ok,OK,True,12662,12662
GOOGL,0001652044-26-000043,8-K,EX99_PRESS_RELEASE,whole_document,whole_document,ok,OK,True,3398,3398
GOOGL,0001652044-26-000048,10-Q,MDA,anchor,anchor,ok,OK,True,7213,7213
GOOGL,0001652044-26-000048,10-Q,RISK_FACTORS,anchor,anchor,ok,OK,True,899,899
GOOGL,0001652044-26-000066,8-K,EX99_PRESS_RELEASE,whole_document,whole_document,ok,OK,True,3822,3822
GOOGL,0001652044-26-000071,10-Q,MDA,anchor,anchor,ok,OK,True,8020,8020
GOOGL,0001652044-26-000071,10-Q,RISK_FACTORS,anchor,anchor,ok,OK,True,2530,2530
GS,0001193125-23-257291,8-K,EX99_PRESS_RELEASE,whole_document,whole_document,ok,OK,True,4329,4329
GS,0000886982-23-000011,10-Q,MDA,anchor,anchor,ok,OK,True,47173,47173
GS,0001193125-24-008077,8-K,EX99_PRESS_RELEASE,whole_document,whole_document,ok,OK,True,5420,5420
GS,0000886982-24-000006,10-K,MDA,anchor,anchor,ok,OK,True,44245,44245
GS,0000886982-24-000006,10-K,RISK_FACTORS,anchor,anchor,ok,OK,True,21297,21297
GS,0001193125-24-095511,8-K,EX99_PRESS_RELEASE,whole_document,whole_document,ok,OK,True,3655,3655
GS,0000886982-24-000016,10-Q,MDA,anchor,anchor,ok,OK,True,45489,45489
GS,0001193125-24-178830,8-K,EX99_PRESS_RELEASE,whole_document,whole_document,ok,OK,True,4195,4195
GS,0000886982-24-000022,10-Q,MDA,anchor,anchor,ok,OK,True,49713,49713
GS,0001193125-24-237206,8-K,EX99_PRESS_RELEASE,whole_document,whole_document,ok,OK,True,4196,4196
GS,0000886982-24-000025,10-Q,MDA,anchor,anchor,ok,OK,True,50613,50613
GS,0001193125-25-006554,8-K,EX99_PRESS_RELEASE,whole_document,whole_document,ok,OK,True,5482,5482
GS,0000886982-25-000005,10-K,MDA,anchor,anchor,ok,OK,True,44771,44771
GS,0000886982-25-000005,10-K,RISK_FACTORS,anchor,anchor,ok,OK,True,21694,21694
GS,0001193125-25-079625,8-K,EX99_PRESS_RELEASE,whole_document,whole_document,ok,OK,True,3687,3687
GS,0000886982-25-000009,10-Q,MDA,anchor,anchor,ok,OK,True,45860,45860
GS,0001193125-25-159560,8-K,EX99_PRESS_RELEASE,whole_document,whole_document,ok,OK,True,3792,3792
GS,0000886982-25-000022,10-Q,MDA,anchor,anchor,ok,OK,True,49497,49497
GS,0001193125-25-238058,8-K,EX99_PRESS_RELEASE,whole_document,whole_document,ok,OK,True,3789,3789
GS,0000886982-25-001411,10-Q,MDA,anchor,anchor,ok,OK,True,51465,51465
GS,0000886982-26-000004,8-K,8K_BODY,whole_document,item202_slice,earnings_item202_block_thin,FLAGGED,False,2643,2225
GS,0000886982-26-000008,8-K,EX99_PRESS_RELEASE,whole_document,whole_document,ok,OK,True,5080,5080
GS,0000886982-26-000091,10-K,MDA,anchor,anchor,ok,OK,True,47066,47066
GS,0000886982-26-000091,10-K,RISK_FACTORS,anchor,anchor,ok,OK,True,21331,21331
GS,0000886982-26-000096,8-K,EX99_PRESS_RELEASE,whole_document,whole_document,ok,OK,True,3332,3332
GS,0000886982-26-000118,10-Q,MDA,anchor,anchor,ok,OK,True,45651,45651
GS,0000886982-26-000294,8-K,EX99_PRESS_RELEASE,whole_document,whole_document,ok,OK,True,3956,3956
GS,0000886982-26-000297,10-Q,MDA,anchor,anchor,ok,OK,True,49165,49165
HD,0000354950-23-000180,8-K,EX99_PRESS_RELEASE,whole_document,whole_document,ok,OK,True,1712,1712
HD,0000354950-23-000185,10-Q,MDA,anchor,anchor,ok,OK,True,4232,4232
HD,0000354950-23-000185,10-Q,RISK_FACTORS,anchor,anchor,ok,OK,True,104,104
HD,0000354950-23-000228,8-K,EX99_PRESS_RELEASE,whole_document,whole_document,ok,OK,True,1692,1692
HD,0000354950-23-000240,10-Q,MDA,anchor,anchor,ok,OK,True,4225,4225
HD,0000354950-23-000240,10-Q,RISK_FACTORS,anchor,anchor,ok,OK,True,104,104
HD,0000354950-24-000031,8-K,EX99_PRESS_RELEASE,whole_document,whole_document,ok,OK,True,1892,1892
HD,0000354950-24-000062,10-K,MDA,anchor,anchor,ok,OK,True,3736,3736
HD,0000354950-24-000062,10-K,RISK_FACTORS,anchor,anchor,ok,OK,True,9834,9834
HD,0000354950-24-000118,8-K,EX99_PRESS_RELEASE,whole_document,whole_document,ok,OK,True,1658,1658
HD,0000354950-24-000152,10-Q,MDA,anchor,anchor,ok,OK,True,3446,3446
HD,0000354950-24-000152,10-Q,RISK_FACTORS,anchor,anchor,ok,OK,True,107,107
HD,0000354950-24-000189,8-K,EX99_PRESS_RELEASE,whole_document,whole_document,ok,OK,True,2765,2765
HD,0000354950-24-000201,10-Q,MDA,anchor,anchor,ok,OK,True,5324,5324
HD,0000354950-24-000201,10-Q,RISK_FACTORS,anchor,anchor,ok,OK,True,107,107
HD,0000354950-24-000227,8-K,EX99_PRESS_RELEASE,whole_document,whole_document,ok,OK,True,2691,2691
HD,0000354950-24-000240,10-Q,MDA,anchor,anchor,ok,OK,True,5263,5263
HD,0000354950-24-000240,10-Q,RISK_FACTORS,anchor,anchor,ok,OK,True,101,101
HD,0000354950-25-000030,8-K,EX99_PRESS_RELEASE,whole_document,whole_document,ok,OK,True,2980,2980
HD,0000354950-25-000085,10-K,MDA,anchor,anchor,ok,OK,True,4851,4851
HD,0000354950-25-000085,10-K,RISK_FACTORS,anchor,anchor,ok,OK,True,10438,10438
HD,0000354950-25-000133,8-K,EX99_PRESS_RELEASE,whole_document,whole_document,ok,OK,True,2442,2442
HD,0000354950-25-000165,10-Q,MDA,anchor,anchor,ok,OK,True,3382,3382
HD,0000354950-25-000165,10-Q,RISK_FACTORS,anchor,anchor,ok,OK,True,101,101
HD,0000354950-25-000195,8-K,EX99_PRESS_RELEASE,whole_document,whole_document,ok,OK,True,2694,2694
HD,0000354950-25-000217,10-Q,MDA,anchor,anchor,ok,OK,True,4841,4841
HD,0000354950-25-000217,10-Q,RISK_FACTORS,anchor,anchor,ok,OK,True,100,100
HD,0000354950-25-000238,8-K,EX99_PRESS_RELEASE,whole_document,whole_document,ok,OK,True,2776,2776
HD,0001628280-25-053868,10-Q,MDA,anchor,anchor,ok,OK,True,5041,5041
HD,0001628280-25-053868,10-Q,RISK_FACTORS,anchor,anchor,ok,OK,True,100,100
HD,0000354950-26-000026,8-K,EX99_PRESS_RELEASE,whole_document,whole_document,ok,OK,True,3075,3075
HD,0001628280-26-019436,10-K,MDA,anchor,anchor,ok,OK,True,4858,4858
HD,0001628280-26-019436,10-K,RISK_FACTORS,anchor,anchor,ok,OK,True,10811,10811
HD,0000354950-26-000101,8-K,EX99_PRESS_RELEASE,whole_document,whole_document,ok,OK,True,2494,2494
HD,0001628280-26-038247,10-Q,MDA,anchor,anchor,ok,OK,True,3138,3138
HD,0001628280-26-038247,10-Q,RISK_FACTORS,anchor,anchor,ok,OK,True,100,100
JNJ,0000200406-23-000091,8-K,EX99_PRESS_RELEASE,whole_document,whole_document,ok,OK,True,1801,1801
JNJ,0000200406-23-000094,8-K,EX99_PRESS_RELEASE,whole_document,whole_document,ok,OK,True,2237,2237
JNJ,0000200406-23-000102,10-Q,MDA,anchor,anchor,ok,OK,True,7535,7535
JNJ,0000200406-24-000004,8-K,EX99_PRESS_RELEASE,whole_document,whole_document,ok,OK,True,2209,2209
JNJ,0000200406-24-000013,10-K,MDA,anchor,anchor,ok,OK,True,9876,9876
JNJ,0000200406-24-000013,10-K,RISK_FACTORS,anchor,anchor,ok,OK,True,6116,6116
JNJ,0000200406-24-000031,8-K,EX99_PRESS_RELEASE,whole_document,whole_document,ok,OK,True,2194,2194
JNJ,0000200406-24-000049,10-Q,MDA,anchor,anchor,ok,OK,True,5181,5181
JNJ,0000200406-24-000048,8-K,EX99_PRESS_RELEASE,whole_document,whole_document,ok,OK,True,1660,1660
JNJ,0000200406-24-000071,8-K,EX99_PRESS_RELEASE,whole_document,whole_document,ok,OK,True,2488,2488
JNJ,0000200406-24-000075,10-Q,MDA,anchor,anchor,ok,OK,True,7481,7481
JNJ,0000200406-24-000088,8-K,EX99_PRESS_RELEASE,whole_document,whole_document,ok,OK,True,2601,2601
JNJ,0000200406-24-000096,10-Q,MDA,anchor,anchor,ok,OK,True,7702,7702
JNJ,0000200406-25-000003,8-K,EX99_PRESS_RELEASE,whole_document,whole_document,ok,OK,True,2630,2630
JNJ,0000200406-25-000038,10-K,MDA,anchor,anchor,ok,OK,True,10261,10261
JNJ,0000200406-25-000038,10-K,RISK_FACTORS,anchor,anchor,ok,OK,True,5970,5970
JNJ,0000200406-25-000110,8-K,EX99_PRESS_RELEASE,whole_document,whole_document,ok,OK,True,2389,2389
JNJ,0000200406-25-000119,10-Q,MDA,anchor,anchor,ok,OK,True,5383,5383
JNJ,0000200406-25-000170,8-K,EX99_PRESS_RELEASE,whole_document,whole_document,ok,OK,True,2529,2529
JNJ,0000200406-25-000178,10-Q,MDA,anchor,anchor,ok,OK,True,7700,7700
JNJ,0000200406-25-000201,8-K,EX99_PRESS_RELEASE,whole_document,whole_document,ok,OK,True,2422,2422
JNJ,0000200406-25-000209,10-Q,MDA,anchor,anchor,ok,OK,True,7775,7775
JNJ,0000200406-26-000002,8-K,EX99_PRESS_RELEASE,whole_document,whole_document,ok,OK,True,2513,2513
JNJ,0000200406-26-000016,10-K,MDA,anchor,anchor,ok,OK,True,9951,9951
JNJ,0000200406-26-000016,10-K,RISK_FACTORS,anchor,anchor,ok,OK,True,6293,6293
JNJ,0000200406-26-000076,8-K,EX99_PRESS_RELEASE,whole_document,whole_document,ok,OK,True,2329,2329
JNJ,0000200406-26-000087,10-Q,MDA,anchor,anchor,ok,OK,True,4926,4926
JNJ,0000200406-26-000146,8-K,EX99_PRESS_RELEASE,whole_document,whole_document,ok,OK,True,2549,2549
JNJ,0000200406-26-000153,10-Q,MDA,anchor,anchor,ok,OK,True,6944,6944
JPM,0000019617-23-000508,8-K,EX99_PRESS_RELEASE,whole_document,whole_document,ok,OK,True,4526,4526
JPM,0000019617-23-000524,10-Q,MDA,anchor,anchor,ok,OK,True,111856,111856
JPM,0000019617-23-000524,10-Q,RISK_FACTORS,anchor,anchor,ok,OK,True,400,400
JPM,0000019617-24-000049,8-K,EX99_PRESS_RELEASE,whole_document,whole_document,ok,OK,True,4692,4692
JPM,0000019617-24-000225,10-K,MDA,incorporated_by_reference_resolved,incorporated_by_reference_resolved,mda_stub_resolved,OK,True,64645,64645
JPM,0000019617-24-000225,10-K,RISK_FACTORS,anchor,anchor,ok,OK,True,19253,19253
JPM,0000019617-24-000315,8-K,EX99_PRESS_RELEASE,whole_document,whole_document,ok,OK,True,4497,4497
JPM,0000019617-24-000326,10-Q,MDA,anchor,anchor,ok,OK,True,91173,91173
JPM,0000019617-24-000326,10-Q,RISK_FACTORS,anchor,anchor,ok,OK,True,66,66
JPM,0000019617-24-000446,8-K,EX99_PRESS_RELEASE,whole_document,whole_document,ok,OK,True,4692,4692
JPM,0000019617-24-000453,10-Q,MDA,anchor,anchor,ok,OK,True,102561,102561
JPM,0000019617-24-000453,10-Q,RISK_FACTORS,anchor,anchor,ok,OK,True,66,66
JPM,0000019617-24-000555,8-K,EX99_PRESS_RELEASE,whole_document,whole_document,ok,OK,True,3900,3900
JPM,0000019617-24-000611,10-Q,MDA,anchor,anchor,ok,OK,True,102116,102116
JPM,0000019617-24-000611,10-Q,RISK_FACTORS,anchor,anchor,ok,OK,True,66,66
JPM,0000019617-25-000040,8-K,EX99_PRESS_RELEASE,whole_document,whole_document,ok,OK,True,4083,4083
JPM,0000019617-25-000270,10-K,MDA,incorporated_by_reference_resolved,incorporated_by_reference_resolved,mda_stub_resolved,OK,True,60831,60831
JPM,0000019617-25-000270,10-K,RISK_FACTORS,anchor,anchor,ok,OK,True,19346,19346
JPM,0000019617-25-000332,8-K,EX99_PRESS_RELEASE,whole_document,whole_document,ok,OK,True,3960,3960
JPM,0000019617-25-000421,10-Q,MDA,anchor,anchor,ok,OK,True,84723,84723
JPM,0000019617-25-000421,10-Q,RISK_FACTORS,anchor,anchor,ok,OK,True,64,64
JPM,0000019617-25-000518,8-K,EX99_PRESS_RELEASE,whole_document,whole_document,ok,OK,True,4183,4183
JPM,0000019617-25-000615,10-Q,MDA,anchor,anchor,ok,OK,True,96470,96470
JPM,0000019617-25-000615,10-Q,RISK_FACTORS,anchor,anchor,ok,OK,True,64,64
JPM,0001628280-25-044845,8-K,EX99_PRESS_RELEASE,whole_document,whole_document,ok,OK,True,3763,3763
JPM,0001628280-25-048859,10-Q,MDA,anchor,anchor,ok,OK,True,97781,97781
JPM,0001628280-25-048859,10-Q,RISK_FACTORS,anchor,anchor,ok,OK,True,64,64
JPM,0001628280-26-001902,8-K,EX99_PRESS_RELEASE,whole_document,whole_document,ok,OK,True,3944,3944
JPM,0001628280-26-008131,10-K,MDA,incorporated_by_reference_resolved,incorporated_by_reference_resolved,mda_stub_resolved,OK,True,59804,59804
JPM,0001628280-26-008131,10-K,RISK_FACTORS,anchor,anchor,ok,OK,True,15902,15902
JPM,0001628280-26-024990,8-K,EX99_PRESS_RELEASE,whole_document,whole_document,ok,OK,True,3600,3600
JPM,0001628280-26-029344,10-Q,MDA,anchor,anchor,ok,OK,True,85436,85436
JPM,0001628280-26-029344,10-Q,RISK_FACTORS,anchor,anchor,ok,OK,True,64,64
JPM,0001628280-26-048078,8-K,EX99_PRESS_RELEASE,whole_document,whole_document,ok,OK,True,4035,4035
JPM,0001628280-26-054343,10-Q,MDA,anchor,anchor,ok,OK,True,97369,97369
JPM,0001628280-26-054343,10-Q,RISK_FACTORS,anchor,anchor,ok,OK,True,64,64
KO,0000021344-23-000060,10-Q,MDA,anchor,anchor,ok,OK,True,11999,11999
KO,0000021344-23-000060,10-Q,RISK_FACTORS,anchor,anchor,ok,OK,True,107,107
KO,0000021344-23-000057,8-K,EX99_PRESS_RELEASE,whole_document,whole_document,ok,OK,True,12220,12220
KO,0000021344-24-000004,8-K,EX99_PRESS_RELEASE,whole_document,whole_document,ok,OK,True,12882,12882
KO,0000021344-24-000009,10-K,MDA,anchor,anchor,ok,OK,True,16958,16958
KO,0000021344-24-000009,10-K,RISK_FACTORS,anchor,anchor,ok,OK,True,13080,13080
KO,0000021344-24-000013,8-K,EX99_PRESS_RELEASE,whole_document,whole_document,ok,OK,True,9314,9314
KO,0000021344-24-000017,10-Q,MDA,anchor,anchor,ok,OK,True,9467,9467
KO,0000021344-24-000017,10-Q,RISK_FACTORS,anchor,anchor,ok,OK,True,107,107
KO,0000021344-24-000037,8-K,EX99_PRESS_RELEASE,whole_document,whole_document,ok,OK,True,12052,12052
KO,0000021344-24-000044,10-Q,MDA,anchor,anchor,ok,OK,True,12538,12538
KO,0000021344-24-000044,10-Q,RISK_FACTORS,anchor,anchor,ok,OK,True,106,106
KO,0000021344-24-000056,8-K,EX99_PRESS_RELEASE,whole_document,whole_document,ok,OK,True,12601,12601
KO,0000021344-24-000060,10-Q,MDA,anchor,anchor,ok,OK,True,12951,12951
KO,0000021344-24-000060,10-Q,RISK_FACTORS,anchor,anchor,ok,OK,True,106,106
KO,0000021344-25-000005,8-K,EX99_PRESS_RELEASE,whole_document,whole_document,ok,OK,True,13366,13366
KO,0000021344-25-000011,10-K,MDA,anchor,anchor,ok,OK,True,17403,17403
KO,0000021344-25-000011,10-K,RISK_FACTORS,anchor,anchor,ok,OK,True,13292,13292
KO,0000021344-25-000024,8-K,EX99_PRESS_RELEASE,whole_document,whole_document,ok,OK,True,9099,9099
KO,0000021344-25-000029,10-Q,MDA,anchor,anchor,ok,OK,True,9215,9215
KO,0000021344-25-000029,10-Q,RISK_FACTORS,anchor,anchor,ok,OK,True,106,106
KO,0000021344-25-000054,8-K,EX99_PRESS_RELEASE,whole_document,whole_document,ok,OK,True,11850,11850
KO,0000021344-25-000061,10-Q,MDA,anchor,anchor,ok,OK,True,12072,12072
KO,0000021344-25-000061,10-Q,RISK_FACTORS,anchor,anchor,ok,OK,True,106,106
KO,0001628280-25-045577,8-K,EX99_PRESS_RELEASE,whole_document,whole_document,ok,OK,True,11986,11986
KO,0001628280-25-046054,10-Q,MDA,anchor,anchor,ok,OK,True,12799,12799
KO,0001628280-25-046054,10-Q,RISK_FACTORS,anchor,anchor,ok,OK,True,106,106
KO,0001628280-26-006642,8-K,EX99_PRESS_RELEASE,whole_document,whole_document,ok,OK,True,12974,12974
KO,0001628280-26-010047,10-K,MDA,anchor,anchor,ok,OK,True,16712,16712
KO,0001628280-26-010047,10-K,RISK_FACTORS,anchor,anchor,ok,OK,True,13502,13502
KO,0001628280-26-027723,8-K,EX99_PRESS_RELEASE,whole_document,whole_document,ok,OK,True,8736,8736
KO,0001628280-26-028802,10-Q,MDA,anchor,anchor,ok,OK,True,9040,9040
KO,0001628280-26-028802,10-Q,RISK_FACTORS,anchor,anchor,ok,OK,True,106,106
KO,0001628280-26-049922,8-K,EX99_PRESS_RELEASE,whole_document,whole_document,ok,OK,True,11209,11209
KO,0001628280-26-050503,10-Q,MDA,anchor,anchor,ok,OK,True,12059,12059
KO,0001628280-26-050503,10-Q,RISK_FACTORS,anchor,anchor,ok,OK,True,107,107
MA,0001141391-23-000157,10-Q,MDA,anchor,anchor,ok,OK,True,9274,9274
MA,0001141391-23-000157,10-Q,RISK_FACTORS,anchor,anchor,ok,OK,True,33,33
MA,0001141391-23-000155,8-K,EX99_PRESS_RELEASE,whole_document,whole_document,ok,OK,True,6472,6472
MA,0001141391-24-000011,8-K,EX99_PRESS_RELEASE,whole_document,whole_document,ok,OK,True,6546,6546
MA,0001141391-24-000022,10-K,MDA,anchor,anchor,ok,OK,True,8533,8533
MA,0001141391-24-000022,10-K,RISK_FACTORS,anchor,anchor,ok,OK,True,12324,12324
MA,0001141391-24-000087,10-Q,MDA,anchor,anchor,ok,OK,True,5700,5700
MA,0001141391-24-000087,10-Q,RISK_FACTORS,anchor,anchor,ok,OK,True,33,33
MA,0001141391-24-000085,8-K,EX99_PRESS_RELEASE,whole_document,whole_document,ok,OK,True,4366,4366
MA,0001141391-24-000161,10-Q,MDA,anchor,anchor,ok,OK,True,7234,7234
MA,0001141391-24-000161,10-Q,RISK_FACTORS,anchor,anchor,ok,OK,True,33,33
MA,0001141391-24-000159,8-K,EX99_PRESS_RELEASE,whole_document,whole_document,ok,OK,True,6140,6140
MA,0001141391-24-000202,10-Q,MDA,anchor,anchor,ok,OK,True,7897,7897
MA,0001141391-24-000202,10-Q,RISK_FACTORS,anchor,anchor,ok,OK,True,33,33
MA,0001141391-24-000200,8-K,EX99_PRESS_RELEASE,whole_document,whole_document,ok,OK,True,6334,6334
MA,0001141391-25-000003,8-K,EX99_PRESS_RELEASE,whole_document,whole_document,ok,OK,True,6344,6344
MA,0001141391-25-000011,10-K,MDA,anchor,anchor,ok,OK,True,8164,8164
MA,0001141391-25-000011,10-K,RISK_FACTORS,anchor,anchor,ok,OK,True,12101,12101
MA,0001141391-25-000090,10-Q,MDA,anchor,anchor,ok,OK,True,5752,5752
MA,0001141391-25-000090,10-Q,RISK_FACTORS,anchor,anchor,ok,OK,True,24,24
MA,0001141391-25-000088,8-K,EX99_PRESS_RELEASE,whole_document,whole_document,ok,OK,True,4481,4481
MA,0001141391-25-000172,10-Q,MDA,anchor,anchor,ok,OK,True,7379,7379
MA,0001141391-25-000172,10-Q,RISK_FACTORS,anchor,anchor,ok,OK,True,24,24
MA,0001141391-25-000170,8-K,EX99_PRESS_RELEASE,whole_document,whole_document,ok,OK,True,6195,6195
MA,0001141391-25-000193,10-Q,MDA,anchor,anchor,ok,OK,True,7697,7697
MA,0001141391-25-000193,10-Q,RISK_FACTORS,anchor,anchor,ok,OK,True,24,24
MA,0001141391-25-000191,8-K,EX99_PRESS_RELEASE,whole_document,whole_document,ok,OK,True,6455,6455
MA,0001141391-26-000003,8-K,EX99_PRESS_RELEASE,whole_document,whole_document,ok,OK,True,6504,6504
MA,0001141391-26-000013,10-K,MDA,anchor,anchor,ok,OK,True,7752,7752
MA,0001141391-26-000013,10-K,RISK_FACTORS,anchor,anchor,ok,OK,True,12319,12319
MA,0001141391-26-000031,10-Q,MDA,anchor,anchor,ok,OK,True,5557,5557
MA,0001141391-26-000031,10-Q,RISK_FACTORS,anchor,anchor,ok,OK,True,24,24
MA,0001141391-26-000029,8-K,EX99_PRESS_RELEASE,whole_document,whole_document,ok,OK,True,4398,4398
MA,0001141391-26-000083,10-Q,MDA,anchor,anchor,ok,OK,True,7259,7259
MA,0001141391-26-000083,10-Q,RISK_FACTORS,anchor,anchor,ok,OK,True,33,33
MA,0001141391-26-000081,8-K,EX99_PRESS_RELEASE,whole_document,whole_document,ok,OK,True,6266,6266
MCD,0000063908-23-000098,8-K,EX99_PRESS_RELEASE,whole_document,whole_document,ok,OK,True,1934,1934
MCD,0000063908-23-000101,10-Q,MDA,anchor,anchor,ok,OK,True,13073,13073
MCD,0000063908-23-000101,10-Q,RISK_FACTORS,anchor,anchor,ok,OK,True,28,28
MCD,0000063908-24-000029,8-K,EX99_PRESS_RELEASE,whole_document,whole_document,ok,OK,True,2578,2578
MCD,0000063908-24-000072,10-K,MDA,anchor,anchor,ok,OK,True,7170,7170
MCD,0000063908-24-000072,10-K,RISK_FACTORS,anchor,anchor,ok,OK,True,6353,6353
MCD,0000063908-24-000089,8-K,EX99_PRESS_RELEASE,whole_document,whole_document,ok,OK,True,1672,1672
MCD,0000063908-24-000092,10-Q,MDA,anchor,anchor,ok,OK,True,12513,12513
MCD,0000063908-24-000092,10-Q,RISK_FACTORS,anchor,anchor,ok,OK,True,28,28
MCD,0000063908-24-000119,8-K,EX99_PRESS_RELEASE,whole_document,whole_document,ok,OK,True,2011,2011
MCD,0000063908-24-000123,10-Q,MDA,anchor,anchor,ok,OK,True,14225,14225
MCD,0000063908-24-000123,10-Q,RISK_FACTORS,anchor,anchor,ok,OK,True,28,28
MCD,0000063908-24-000152,8-K,EX99_PRESS_RELEASE,whole_document,whole_document,ok,OK,True,2041,2041
MCD,0000063908-24-000156,10-Q,MDA,anchor,anchor,ok,OK,True,14341,14341
MCD,0000063908-24-000156,10-Q,RISK_FACTORS,anchor,anchor,ok,OK,True,28,28
MCD,0000063908-25-000006,8-K,EX99_PRESS_RELEASE,whole_document,whole_document,ok,OK,True,2476,2476
MCD,0000063908-25-000012,10-K,MDA,anchor,anchor,ok,OK,True,7285,7285
MCD,0000063908-25-000012,10-K,RISK_FACTORS,anchor,anchor,ok,OK,True,6532,6532
MCD,0000063908-25-000021,8-K,EX99_PRESS_RELEASE,whole_document,whole_document,ok,OK,True,1574,1574
MCD,0000063908-25-000025,10-Q,MDA,anchor,anchor,ok,OK,True,12600,12600
MCD,0000063908-25-000025,10-Q,RISK_FACTORS,anchor,anchor,ok,OK,True,28,28
MCD,0000063908-25-000039,10-Q,MDA,anchor,anchor,ok,OK,True,14138,14138
MCD,0000063908-25-000039,10-Q,RISK_FACTORS,anchor,anchor,ok,OK,True,28,28
MCD,0000063908-25-000036,8-K,EX99_PRESS_RELEASE,whole_document,whole_document,ok,OK,True,1925,1925
MCD,0000063908-25-000059,10-Q,MDA,anchor,anchor,ok,OK,True,14197,14197
MCD,0000063908-25-000059,10-Q,RISK_FACTORS,anchor,anchor,ok,OK,True,28,28
MCD,0000063908-25-000057,8-K,EX99_PRESS_RELEASE,whole_document,whole_document,ok,OK,True,1947,1947
MCD,0000063908-26-000032,8-K,EX99_PRESS_RELEASE,whole_document,whole_document,ok,OK,True,2439,2439
MCD,0000063908-26-000035,10-K,MDA,anchor,anchor,ok,OK,True,6464,6464
MCD,0000063908-26-000035,10-K,RISK_FACTORS,anchor,anchor,ok,OK,True,6770,6770
MCD,0000063908-26-000051,10-Q,MDA,anchor,anchor,ok,OK,True,12582,12582
MCD,0000063908-26-000051,10-Q,RISK_FACTORS,anchor,anchor,ok,OK,True,28,28
MCD,0000063908-26-000048,8-K,EX99_PRESS_RELEASE,whole_document,whole_document,ok,OK,True,1551,1551
MCD,0000063908-26-000067,8-K,EX99_PRESS_RELEASE,whole_document,whole_document,ok,OK,True,1990,1990
MCD,0000063908-26-000073,10-Q,MDA,anchor,anchor,ok,OK,True,13076,13076
MCD,0000063908-26-000073,10-Q,RISK_FACTORS,anchor,anchor,ok,OK,True,28,28
MRK,0001104659-23-111585,8-K,EX99_PRESS_RELEASE,whole_document,whole_document,ok,OK,True,6081,6081
MRK,0001628280-23-036717,10-Q,MDA,anchor,anchor,ok,OK,True,11876,11876
MRK,0001104659-24-009109,8-K,EX99_PRESS_RELEASE,whole_document,whole_document,ok,OK,True,7729,7729
MRK,0001628280-24-006850,10-K,MDA,anchor,anchor,ok,OK,True,19698,19698
MRK,0001628280-24-006850,10-K,RISK_FACTORS,anchor,anchor,ok,OK,True,10272,10272
MRK,0001104659-24-051517,8-K,EX99_PRESS_RELEASE,whole_document,whole_document,ok,OK,True,5529,5529
MRK,0001628280-24-020283,10-Q,MDA,anchor,anchor,ok,OK,True,8701,8701
MRK,0001104659-24-083722,8-K,EX99_PRESS_RELEASE,whole_document,whole_document,ok,OK,True,6181,6181
MRK,0001628280-24-034715,10-Q,MDA,anchor,anchor,ok,OK,True,11326,11326
MRK,0001104659-24-112841,8-K,EX99_PRESS_RELEASE,whole_document,whole_document,ok,OK,True,6765,6765
MRK,0001628280-24-045689,10-Q,MDA,anchor,anchor,ok,OK,True,12138,12138
MRK,0001104659-25-008863,8-K,EX99_PRESS_RELEASE,whole_document,whole_document,ok,OK,True,7896,7896
MRK,0001628280-25-007732,10-K,MDA,anchor,anchor,ok,OK,True,20285,20285
MRK,0001628280-25-007732,10-K,RISK_FACTORS,anchor,anchor,ok,OK,True,11013,11013
MRK,0001104659-25-038301,8-K,EX99_PRESS_RELEASE,whole_document,whole_document,ok,OK,True,5505,5505
MRK,0001628280-25-021834,10-Q,MDA,anchor,anchor,ok,OK,True,9098,9098
MRK,0001104659-25-071380,8-K,EX99_PRESS_RELEASE,whole_document,whole_document,ok,OK,True,6952,6952
MRK,0000310158-25-000014,10-Q,MDA,anchor,anchor,ok,OK,True,12019,12019
MRK,0001104659-25-103974,8-K,EX99_PRESS_RELEASE,whole_document,whole_document,ok,OK,True,7218,7218
MRK,0000310158-25-000059,10-Q,MDA,anchor,anchor,ok,OK,True,13738,13738
MRK,0001104659-26-009495,8-K,EX99_PRESS_RELEASE,whole_document,whole_document,ok,OK,True,7845,7845
MRK,0000310158-26-000063,10-K,MDA,anchor,anchor,ok,OK,True,21341,21341
MRK,0000310158-26-000063,10-K,RISK_FACTORS,anchor,anchor,ok,OK,True,11446,11446
MRK,0001104659-26-052081,8-K,EX99_PRESS_RELEASE,whole_document,whole_document,ok,OK,True,6676,6676
MRK,0001628280-26-029802,10-Q,MDA,anchor,anchor,ok,OK,True,11162,11162
MRK,0001104659-26-090045,8-K,EX99_PRESS_RELEASE,whole_document,whole_document,ok,OK,True,6656,6656
MRK,0000310158-26-000212,10-Q,MDA,anchor,anchor,ok,OK,True,13652,13652
MSFT,0000950170-23-054855,10-Q,MDA,anchor,anchor,ok,OK,True,6694,6694
MSFT,0000950170-23-054855,10-Q,RISK_FACTORS,anchor,anchor,ok,OK,True,10180,10180
MSFT,0000950170-23-054848,8-K,EX99_PRESS_RELEASE,whole_document,whole_document,ok,OK,True,2446,2446
MSFT,0000950170-24-008814,10-Q,MDA,anchor,anchor,ok,OK,True,8972,8972
MSFT,0000950170-24-008814,10-Q,RISK_FACTORS,anchor,anchor,ok,OK,True,10505,10505
MSFT,0000950170-24-008809,8-K,EX99_PRESS_RELEASE,whole_document,whole_document,ok,OK,True,2958,2958
MSFT,0000950170-24-048288,10-Q,MDA,anchor,anchor,ok,OK,True,8717,8717
MSFT,0000950170-24-048288,10-Q,RISK_FACTORS,anchor,anchor,ok,OK,True,10723,10723
MSFT,0000950170-24-048268,8-K,EX99_PRESS_RELEASE,whole_document,whole_document,ok,OK,True,2561,2561
MSFT,0000950170-24-087843,10-K,MDA,anchor,anchor,ok,OK,True,7740,7740
MSFT,0000950170-24-087843,10-K,RISK_FACTORS,anchor,anchor,ok,OK,True,10874,10874
MSFT,0000950170-24-087835,8-K,EX99_PRESS_RELEASE,whole_document,whole_document,ok,OK,True,3123,3123
MSFT,0000950170-24-118967,10-Q,MDA,anchor,anchor,ok,OK,True,6829,6829
MSFT,0000950170-24-118967,10-Q,RISK_FACTORS,anchor,anchor,ok,OK,True,10907,10907
MSFT,0000950170-24-118955,8-K,EX99_PRESS_RELEASE,whole_document,whole_document,ok,OK,True,2493,2493
MSFT,0000950170-25-010491,10-Q,MDA,anchor,anchor,ok,OK,True,7924,7924
MSFT,0000950170-25-010491,10-Q,RISK_FACTORS,anchor,anchor,ok,OK,True,10927,10927
MSFT,0000950170-25-010484,8-K,EX99_PRESS_RELEASE,whole_document,whole_document,ok,OK,True,2617,2617
MSFT,0000950170-25-061046,10-Q,MDA,anchor,anchor,ok,OK,True,8046,8046
MSFT,0000950170-25-061046,10-Q,RISK_FACTORS,anchor,anchor,ok,OK,True,10995,10995
MSFT,0000950170-25-061032,8-K,EX99_PRESS_RELEASE,whole_document,whole_document,ok,OK,True,2676,2676
MSFT,0000950170-25-100235,10-K,MDA,anchor,anchor,ok,OK,True,7239,7239
MSFT,0000950170-25-100235,10-K,RISK_FACTORS,anchor,anchor,ok,OK,True,10119,10119
MSFT,0000950170-25-100226,8-K,EX99_PRESS_RELEASE,whole_document,whole_document,ok,OK,True,2676,2676
MSFT,0001193125-25-256321,10-Q,MDA,anchor,anchor,ok,OK,True,7003,7003
MSFT,0001193125-25-256321,10-Q,RISK_FACTORS,anchor,anchor,ok,OK,True,10183,10183
MSFT,0001193125-25-256310,8-K,EX99_PRESS_RELEASE,whole_document,whole_document,ok,OK,True,2670,2670
MSFT,0001193125-26-027207,10-Q,MDA,anchor,anchor,ok,OK,True,8648,8648
MSFT,0001193125-26-027207,10-Q,RISK_FACTORS,anchor,anchor,ok,OK,True,10251,10251
MSFT,0001193125-26-027198,8-K,EX99_PRESS_RELEASE,whole_document,whole_document,ok,OK,True,2910,2910
MSFT,0001193125-26-191507,10-Q,MDA,anchor,anchor,ok,OK,True,8856,8856
MSFT,0001193125-26-191507,10-Q,RISK_FACTORS,anchor,anchor,ok,OK,True,10386,10386
MSFT,0001193125-26-191457,8-K,EX99_PRESS_RELEASE,whole_document,whole_document,ok,OK,True,2859,2859
MSFT,0001193125-26-323660,10-K,MDA,anchor,anchor,ok,OK,True,7695,7695
MSFT,0001193125-26-323660,10-K,RISK_FACTORS,anchor,anchor,ok,OK,True,11759,11759
MSFT,0001193125-26-323632,8-K,EX99_PRESS_RELEASE,whole_document,whole_document,ok,OK,True,3378,3378
NVDA,0001045810-23-000171,8-K,EX99_PRESS_RELEASE,whole_document,whole_document,ok,OK,True,3731,3731
NVDA,0001045810-23-000175,10-Q,MDA,anchor,anchor,ok,OK,True,5206,5206
NVDA,0001045810-23-000175,10-Q,RISK_FACTORS,anchor,anchor,ok,OK,True,7463,7463
NVDA,0001045810-23-000227,10-Q,MDA,anchor,anchor,ok,OK,True,6059,6059
NVDA,0001045810-23-000227,10-Q,RISK_FACTORS,anchor,anchor,ok,OK,True,7618,7618
NVDA,0001045810-23-000225,8-K,EX99_PRESS_RELEASE,whole_document,whole_document,ok,OK,True,3498,3498
NVDA,0001045810-24-000029,10-K,MDA,anchor,anchor,ok,OK,True,6242,6242
NVDA,0001045810-24-000029,10-K,RISK_FACTORS,anchor,anchor,ok,OK,True,16131,16131
NVDA,0001045810-24-000028,8-K,EX99_PRESS_RELEASE,whole_document,whole_document,ok,OK,True,3541,3541
NVDA,0001045810-24-000113,8-K,EX99_PRESS_RELEASE,whole_document,whole_document,ok,OK,True,3207,3207
NVDA,0001045810-24-000124,10-Q,MDA,anchor,anchor,ok,OK,True,5089,5089
NVDA,0001045810-24-000124,10-Q,RISK_FACTORS,anchor,anchor,ok,OK,True,5947,5947
NVDA,0001045810-24-000264,10-Q,MDA,anchor,anchor,ok,OK,True,6121,6121
NVDA,0001045810-24-000264,10-Q,RISK_FACTORS,anchor,anchor,ok,OK,True,5868,5868
NVDA,0001045810-24-000262,8-K,EX99_PRESS_RELEASE,whole_document,whole_document,ok,OK,True,3483,3483
NVDA,0001045810-24-000316,10-Q,MDA,anchor,anchor,ok,OK,True,5611,5611
NVDA,0001045810-24-000316,10-Q,RISK_FACTORS,anchor,anchor,ok,OK,True,5526,5526
NVDA,0001045810-24-000315,8-K,EX99_PRESS_RELEASE,whole_document,whole_document,ok,OK,True,3339,3339
NVDA,0001045810-25-000023,10-K,MDA,anchor,anchor,ok,OK,True,5861,5861
NVDA,0001045810-25-000023,10-K,RISK_FACTORS,anchor,anchor,ok,OK,True,16659,16659
NVDA,0001045810-25-000021,8-K,EX99_PRESS_RELEASE,whole_document,whole_document,ok,OK,True,3592,3592
NVDA,0001045810-25-000116,10-Q,MDA,anchor,anchor,ok,OK,True,4762,4762
NVDA,0001045810-25-000116,10-Q,RISK_FACTORS,anchor,anchor,ok,OK,True,5461,5461
NVDA,0001045810-25-000115,8-K,EX99_PRESS_RELEASE,whole_document,whole_document,ok,OK,True,3564,3564
NVDA,0001045810-25-000209,10-Q,MDA,anchor,anchor,ok,OK,True,5152,5152
NVDA,0001045810-25-000209,10-Q,RISK_FACTORS,anchor,anchor,ok,OK,True,4667,4667
NVDA,0001045810-25-000207,8-K,EX99_PRESS_RELEASE,whole_document,whole_document,ok,OK,True,3744,3744
NVDA,0001045810-25-000230,10-Q,MDA,anchor,anchor,ok,OK,True,5169,5169
NVDA,0001045810-25-000230,10-Q,RISK_FACTORS,anchor,anchor,ok,OK,True,7087,7087
NVDA,0001045810-25-000228,8-K,EX99_PRESS_RELEASE,whole_document,whole_document,ok,OK,True,3638,3638
NVDA,0001045810-26-000021,10-K,MDA,anchor,anchor,ok,OK,True,5255,5255
NVDA,0001045810-26-000021,10-K,RISK_FACTORS,anchor,anchor,ok,OK,True,17218,17218
NVDA,0001045810-26-000019,8-K,EX99_PRESS_RELEASE,whole_document,whole_document,ok,OK,True,4020,4020
NVDA,0001045810-26-000052,10-Q,MDA,anchor,anchor,ok,OK,True,4462,4462
NVDA,0001045810-26-000052,10-Q,RISK_FACTORS,anchor,anchor,ok,OK,True,6531,6531
NVDA,0001045810-26-000051,8-K,EX99_PRESS_RELEASE,whole_document,whole_document,ok,OK,True,3135,3135
OXY,0000797468-23-000086,8-K,EX99_PRESS_RELEASE,whole_document,whole_document,ok,OK,True,1067,1067
OXY,0000797468-23-000092,10-Q,MDA,anchor,anchor,ok,OK,True,6499,6499
OXY,0000797468-23-000092,10-Q,RISK_FACTORS,anchor,anchor,ok,OK,True,32,32
OXY,0000797468-23-000091,8-K,EX99_PRESS_RELEASE,whole_document,whole_document,ok,OK,True,8699,8699
OXY,0000797468-24-000003,8-K,EX99_PRESS_RELEASE,whole_document,whole_document,ok,OK,True,1284,1284
OXY,0000797468-24-000034,10-K,MDA,anchor,anchor,ok,OK,True,20536,20536
OXY,0000797468-24-000034,10-K,RISK_FACTORS,anchor,anchor,ok,OK,True,13459,13459
OXY,0000797468-24-000033,8-K,EX99_PRESS_RELEASE,whole_document,whole_document,ok,OK,True,11687,11687
OXY,0000797468-24-000083,8-K,EX99_PRESS_RELEASE,whole_document,whole_document,ok,OK,True,1318,1318
OXY,0000797468-24-000095,10-Q,MDA,anchor,anchor,ok,OK,True,5444,5444
OXY,0000797468-24-000095,10-Q,RISK_FACTORS,anchor,anchor,ok,OK,True,32,32
OXY,0000797468-24-000093,8-K,EX99_PRESS_RELEASE,whole_document,whole_document,ok,OK,True,8201,8201
OXY,0000797468-24-000121,8-K,EX99_PRESS_RELEASE,whole_document,whole_document,ok,OK,True,1149,1149
OXY,0000797468-24-000136,10-Q,MDA,anchor,anchor,ok,OK,True,6299,6299
OXY,0000797468-24-000136,10-Q,RISK_FACTORS,anchor,anchor,ok,OK,True,222,222
OXY,0000797468-24-000134,8-K,EX99_PRESS_RELEASE,whole_document,whole_document,ok,OK,True,8702,8702
OXY,0000797468-24-000158,8-K,EX99_PRESS_RELEASE,whole_document,whole_document,ok,OK,True,1152,1152
OXY,0000797468-24-000164,10-Q,MDA,anchor,anchor,ok,OK,True,6104,6104
OXY,0000797468-24-000164,10-Q,RISK_FACTORS,anchor,anchor,ok,OK,True,33,33
OXY,0000797468-24-000163,8-K,EX99_PRESS_RELEASE,whole_document,whole_document,ok,OK,True,9292,9292
OXY,0000797468-25-000003,8-K,EX99_PRESS_RELEASE,whole_document,whole_document,ok,OK,True,1143,1143
OXY,0000797468-25-000029,10-K,MDA,anchor,anchor,ok,OK,True,19493,19493
OXY,0000797468-25-000029,10-K,RISK_FACTORS,anchor,anchor,ok,OK,True,11648,11648
OXY,0000797468-25-000028,8-K,EX99_PRESS_RELEASE,whole_document,whole_document,ok,OK,True,12312,12312
OXY,0000797468-25-000067,8-K,EX99_PRESS_RELEASE,whole_document,whole_document,ok,OK,True,1157,1157
OXY,0000797468-25-000076,10-Q,MDA,anchor,anchor,ok,OK,True,5130,5130
OXY,0000797468-25-000076,10-Q,RISK_FACTORS,anchor,anchor,ok,OK,True,32,32
OXY,0000797468-25-000075,8-K,EX99_PRESS_RELEASE,whole_document,whole_document,ok,OK,True,8778,8778
OXY,0000797468-25-000101,8-K,EX99_PRESS_RELEASE,whole_document,whole_document,ok,OK,True,1258,1258
OXY,0000797468-25-000111,10-Q,MDA,anchor,anchor,ok,OK,True,5288,5288
OXY,0000797468-25-000111,10-Q,RISK_FACTORS,anchor,anchor,ok,OK,True,32,32
OXY,0000797468-25-000109,8-K,EX99_PRESS_RELEASE,whole_document,whole_document,ok,OK,True,9245,9245
OXY,0001628280-25-044718,8-K,EX99_PRESS_RELEASE,whole_document,whole_document,ok,OK,True,1170,1170
OXY,0001628280-25-051071,10-Q,MDA,anchor,anchor,ok,OK,True,5517,5517
OXY,0001628280-25-051071,10-Q,RISK_FACTORS,anchor,anchor,ok,OK,True,723,723
OXY,0001628280-25-051056,8-K,EX99_PRESS_RELEASE,whole_document,whole_document,ok,OK,True,9845,9845
OXY,0001628280-26-002483,8-K,EX99_PRESS_RELEASE,whole_document,whole_document,ok,OK,True,1299,1299
OXY,0001628280-26-009059,10-K,MDA,anchor,anchor,ok,OK,True,18745,18745
OXY,0001628280-26-009059,10-K,RISK_FACTORS,anchor,anchor,ok,OK,True,6476,6476
OXY,0001628280-26-009054,8-K,EX99_PRESS_RELEASE,whole_document,whole_document,ok,OK,True,12676,12676
OXY,0001628280-26-024581,8-K,EX99_PRESS_RELEASE,whole_document,whole_document,ok,OK,True,1194,1194
OXY,0001628280-26-030584,10-Q,MDA,anchor,anchor,ok,OK,True,4874,4874
OXY,0001628280-26-030584,10-Q,RISK_FACTORS,anchor,anchor,ok,OK,True,26,26
OXY,0001628280-26-030567,8-K,EX99_PRESS_RELEASE,whole_document,whole_document,ok,OK,True,8508,8508
OXY,0001628280-26-047886,8-K,EX99_PRESS_RELEASE,whole_document,whole_document,ok,OK,True,1216,1216
OXY,0001628280-26-053388,10-Q,MDA,anchor,anchor,ok,OK,True,5343,5343
OXY,0001628280-26-053388,10-Q,RISK_FACTORS,anchor,anchor,ok,OK,True,25,25
OXY,0001628280-26-053377,8-K,EX99_PRESS_RELEASE,whole_document,whole_document,ok,OK,True,8609,8609
PFE,0000078003-23-000099,8-K,EX99_PRESS_RELEASE,whole_document,whole_document,ok,OK,True,6447,6447
PFE,0000078003-23-000111,8-K,EX99_PRESS_RELEASE,whole_document,whole_document,ok,OK,True,17094,17094
PFE,0000078003-23-000115,10-Q,MDA,anchor,anchor,ok,OK,True,15148,15148
PFE,0000078003-23-000115,10-Q,RISK_FACTORS,anchor,anchor,ok,OK,True,971,971
PFE,0001193125-23-294930,8-K,EX99_PRESS_RELEASE,whole_document,whole_document,ok,OK,True,1472,1472
PFE,0000078003-24-000017,8-K,EX99_PRESS_RELEASE,whole_document,whole_document,ok,OK,True,16295,16295
PFE,0000078003-24-000039,10-K,MDA,anchor,anchor,ok,OK,True,15125,15125
PFE,0000078003-24-000039,10-K,RISK_FACTORS,anchor,anchor,ok,OK,True,12131,12131
PFE,0000078003-24-000103,8-K,EX99_PRESS_RELEASE,whole_document,whole_document,ok,OK,True,10068,10068
PFE,0000078003-24-000107,10-Q,MDA,anchor,anchor,ok,OK,True,11809,11809
PFE,0000078003-24-000107,10-Q,RISK_FACTORS,anchor,anchor,ok,OK,True,63,63
PFE,0000078003-24-000155,8-K,EX99_PRESS_RELEASE,whole_document,whole_document,ok,OK,True,12088,12088
PFE,0000078003-24-000166,10-Q,MDA,anchor,anchor,ok,OK,True,14446,14446
PFE,0000078003-24-000166,10-Q,RISK_FACTORS,anchor,anchor,ok,OK,True,63,63
PFE,0000078003-24-000188,8-K,EX99_PRESS_RELEASE,whole_document,whole_document,ok,OK,True,13051,13051
PFE,0000078003-24-000191,10-Q,MDA,anchor,anchor,ok,OK,True,14767,14767
PFE,0000078003-24-000191,10-Q,RISK_FACTORS,anchor,anchor,ok,OK,True,63,63
PFE,0000078003-25-000017,8-K,EX99_PRESS_RELEASE,whole_document,whole_document,ok,OK,True,13078,13078
PFE,0000078003-25-000054,10-K,MDA,anchor,anchor,ok,OK,True,15894,15894
PFE,0000078003-25-000054,10-K,RISK_FACTORS,anchor,anchor,ok,OK,True,11537,11537
PFE,0000078003-25-000111,8-K,EX99_PRESS_RELEASE,whole_document,whole_document,ok,OK,True,9973,9973
PFE,0000078003-25-000114,10-Q,MDA,anchor,anchor,ok,OK,True,12219,12219
PFE,0000078003-25-000114,10-Q,RISK_FACTORS,anchor,anchor,ok,OK,True,63,63
PFE,0000078003-25-000138,10-Q,MDA,anchor,anchor,ok,OK,True,14500,14500
PFE,0000078003-25-000138,10-Q,RISK_FACTORS,anchor,anchor,ok,OK,True,63,63
PFE,0000078003-25-000136,8-K,EX99_PRESS_RELEASE,whole_document,whole_document,ok,OK,True,11413,11413
PFE,0000078003-25-000150,10-Q,MDA,anchor,anchor,ok,OK,True,16006,16006
PFE,0000078003-25-000150,10-Q,RISK_FACTORS,anchor,anchor,ok,OK,True,64,64
PFE,0000078003-25-000149,8-K,EX99_PRESS_RELEASE,whole_document,whole_document,ok,OK,True,12404,12404
PFE,0000078003-26-000005,8-K,EX99_PRESS_RELEASE,whole_document,whole_document,ok,OK,True,12432,12432
PFE,0000078003-26-000026,10-K,MDA,anchor,anchor,ok,OK,True,15918,15918
PFE,0000078003-26-000026,10-K,RISK_FACTORS,anchor,anchor,ok,OK,True,12751,12751
PFE,0000078003-26-000054,10-Q,MDA,anchor,anchor,ok,OK,True,10261,10261
PFE,0000078003-26-000054,10-Q,RISK_FACTORS,anchor,anchor,ok,OK,True,62,62
PFE,0000078003-26-000053,8-K,EX99_PRESS_RELEASE,whole_document,whole_document,ok,OK,True,10312,10312
PFE,0000078003-26-000095,10-Q,MDA,anchor,anchor,ok,OK,True,13326,13326
PFE,0000078003-26-000095,10-Q,RISK_FACTORS,anchor,anchor,ok,OK,True,62,62
PFE,0000078003-26-000094,8-K,EX99_PRESS_RELEASE,whole_document,whole_document,ok,OK,True,13280,13280
PG,0000080424-23-000103,10-Q,MDA,anchor,anchor,ok,OK,True,7463,7463
PG,0000080424-23-000103,10-Q,RISK_FACTORS,anchor,anchor,ok,OK,True,32,32
PG,0000080424-23-000094,8-K,EX99_PRESS_RELEASE,whole_document,whole_document,ok,OK,True,4250,4250
PG,0000080424-24-000018,10-Q,MDA,anchor,anchor,ok,OK,True,11804,11804
PG,0000080424-24-000018,10-Q,RISK_FACTORS,anchor,anchor,ok,OK,True,32,32
PG,0000080424-24-000013,8-K,EX99_PRESS_RELEASE,whole_document,whole_document,ok,OK,True,5122,5122
PG,0000080424-24-000051,10-Q,MDA,anchor,anchor,ok,OK,True,11866,11866
PG,0000080424-24-000051,10-Q,RISK_FACTORS,anchor,anchor,ok,OK,True,38,38
PG,0000080424-24-000046,8-K,EX99_PRESS_RELEASE,whole_document,whole_document,ok,OK,True,4799,4799
PG,0000080424-24-000071,8-K,EX99_PRESS_RELEASE,whole_document,whole_document,ok,OK,True,6217,6217
PG,0000080424-24-000083,10-K,MDA,anchor,anchor,ok,OK,True,13892,13892
PG,0000080424-24-000083,10-K,RISK_FACTORS,anchor,anchor,ok,OK,True,5549,5549
PG,0000080424-24-000113,10-Q,MDA,anchor,anchor,ok,OK,True,7668,7668
PG,0000080424-24-000113,10-Q,RISK_FACTORS,anchor,anchor,ok,OK,True,38,38
PG,0000080424-24-000108,8-K,EX99_PRESS_RELEASE,whole_document,whole_document,ok,OK,True,4966,4966
PG,0000080424-25-000013,10-Q,MDA,anchor,anchor,ok,OK,True,11282,11282
PG,0000080424-25-000013,10-Q,RISK_FACTORS,anchor,anchor,ok,OK,True,32,32
PG,0000080424-25-000009,8-K,EX99_PRESS_RELEASE,whole_document,whole_document,ok,OK,True,4838,4838
PG,0000080424-25-000037,10-Q,MDA,anchor,anchor,ok,OK,True,11065,11065
PG,0000080424-25-000037,10-Q,RISK_FACTORS,anchor,anchor,ok,OK,True,32,32
PG,0000080424-25-000032,8-K,EX99_PRESS_RELEASE,whole_document,whole_document,ok,OK,True,4671,4671
PG,0000080424-25-000067,8-K,EX99_PRESS_RELEASE,whole_document,whole_document,ok,OK,True,6193,6193
PG,0000080424-25-000076,10-K,MDA,anchor,anchor,ok,OK,True,13998,13998
PG,0000080424-25-000076,10-K,RISK_FACTORS,anchor,anchor,ok,OK,True,5481,5481
PG,0000080424-25-000245,10-Q,MDA,anchor,anchor,ok,OK,True,7779,7779
PG,0000080424-25-000245,10-Q,RISK_FACTORS,anchor,anchor,ok,OK,True,32,32
PG,0000080424-25-000240,8-K,EX99_PRESS_RELEASE,whole_document,whole_document,ok,OK,True,4958,4958
PG,0000080424-26-000006,8-K,EX99_PRESS_RELEASE,whole_document,whole_document,ok,OK,True,4865,4865
PG,0000080424-26-000011,10-Q,MDA,anchor,anchor,ok,OK,True,11231,11231
PG,0000080424-26-000011,10-Q,RISK_FACTORS,anchor,anchor,ok,OK,True,32,32
PG,0000080424-26-000060,10-Q,MDA,anchor,anchor,ok,OK,True,11519,11519
PG,0000080424-26-000060,10-Q,RISK_FACTORS,anchor,anchor,ok,OK,True,32,32
PG,0000080424-26-000056,8-K,EX99_PRESS_RELEASE,whole_document,whole_document,ok,OK,True,5137,5137
PG,0000080424-26-000093,8-K,EX99_PRESS_RELEASE,whole_document,whole_document,ok,OK,True,6040,6040
PG,0000080424-26-000103,10-K,MDA,anchor,anchor,ok,OK,True,13959,13959
PG,0000080424-26-000103,10-K,RISK_FACTORS,anchor,anchor,ok,OK,True,5442,5442
SLB,0001193125-23-259572,8-K,EX99_PRESS_RELEASE,whole_document,whole_document,ok,OK,True,8268,8268
SLB,0000950170-23-055042,10-Q,MDA,anchor,anchor,ok,OK,True,3872,3872
SLB,0000950170-23-055042,10-Q,RISK_FACTORS,anchor,anchor,ok,OK,True,43,43
SLB,0001193125-24-010748,8-K,EX99_PRESS_RELEASE,whole_document,whole_document,ok,OK,True,10013,10013
SLB,0000950170-24-006884,10-K,MDA,anchor,anchor,ok,OK,True,6054,6054
SLB,0000950170-24-006884,10-K,RISK_FACTORS,anchor,anchor,ok,OK,True,4473,4473
SLB,0001193125-24-101633,8-K,EX99_PRESS_RELEASE,whole_document,whole_document,ok,OK,True,9531,9531
SLB,0000950170-24-047250,10-Q,MDA,anchor,anchor,ok,OK,True,3377,3377
SLB,0000950170-24-047250,10-Q,RISK_FACTORS,anchor,anchor,ok,OK,True,261,261
SLB,0001193125-24-181280,8-K,EX99_PRESS_RELEASE,whole_document,whole_document,ok,OK,True,9263,9263
SLB,0000950170-24-085905,10-Q,MDA,anchor,anchor,ok,OK,True,3646,3646
SLB,0000950170-24-085905,10-Q,RISK_FACTORS,anchor,anchor,ok,OK,True,77,77
SLB,0001193125-24-239201,8-K,EX99_PRESS_RELEASE,whole_document,whole_document,ok,OK,True,9111,9111
SLB,0000950170-24-116535,10-Q,MDA,anchor,anchor,ok,OK,True,3651,3651
SLB,0000950170-24-116535,10-Q,RISK_FACTORS,anchor,anchor,ok,OK,True,77,77
SLB,0001193125-25-008046,8-K,EX99_PRESS_RELEASE,whole_document,whole_document,ok,OK,True,10829,10829
SLB,0000950170-25-007638,10-K,MDA,anchor,anchor,ok,OK,True,5537,5537
SLB,0000950170-25-007638,10-K,RISK_FACTORS,anchor,anchor,ok,OK,True,4489,4489
SLB,0000950170-25-058413,10-Q,MDA,anchor,anchor,ok,OK,True,3407,3407
SLB,0000950170-25-058413,10-Q,RISK_FACTORS,anchor,anchor,ok,OK,True,43,43
SLB,0001193125-25-094916,8-K,EX99_PRESS_RELEASE,whole_document,whole_document,ok,OK,True,8804,8804
SLB,0001193125-25-160817,8-K,EX99_PRESS_RELEASE,whole_document,whole_document,ok,OK,True,8575,8575
SLB,0000950170-25-098217,10-Q,MDA,anchor,anchor,ok,OK,True,3154,3154
SLB,0000950170-25-098217,10-Q,RISK_FACTORS,anchor,anchor,ok,OK,True,75,75
SLB,0001193125-25-241946,8-K,EX99_PRESS_RELEASE,whole_document,whole_document,ok,OK,True,13547,13547
SLB,0001193125-25-246028,10-Q,MDA,anchor,anchor,ok,OK,True,3615,3615
SLB,0001193125-25-246028,10-Q,RISK_FACTORS,anchor,anchor,ok,OK,True,75,75
SLB,0001193125-26-021017,10-K,MDA,anchor,anchor,ok,OK,True,6976,6976
SLB,0001193125-26-021017,10-K,RISK_FACTORS,anchor,anchor,ok,OK,True,4360,4360
SLB,0001193125-26-020133,8-K,EX99_PRESS_RELEASE,whole_document,whole_document,ok,OK,True,12106,12106
SLB,0001193125-26-174940,8-K,EX99_PRESS_RELEASE,whole_document,whole_document,ok,OK,True,10504,10504
SLB,0001193125-26-190101,10-Q,MDA,anchor,anchor,ok,OK,True,3109,3109
SLB,0001193125-26-190101,10-Q,RISK_FACTORS,anchor,anchor,ok,OK,True,43,43
SLB,0001193125-26-315068,8-K,EX99_PRESS_RELEASE,whole_document,whole_document,ok,OK,True,12333,12333
SLB,0001193125-26-322595,10-Q,MDA,anchor,anchor,ok,OK,True,3142,3142
SLB,0001193125-26-322595,10-Q,RISK_FACTORS,anchor,anchor,ok,OK,True,43,43
UNH,0000731766-23-000058,8-K,EX99_PRESS_RELEASE,whole_document,whole_document,ok,OK,True,3209,3209
UNH,0000731766-23-000064,10-Q,MDA,anchor,anchor,ok,OK,True,4301,4301
UNH,0000731766-23-000064,10-Q,RISK_FACTORS,anchor,anchor,ok,OK,True,103,103
UNH,0000731766-24-000023,8-K,EX99_PRESS_RELEASE,whole_document,whole_document,ok,OK,True,3003,3003
UNH,0000731766-24-000081,10-K,MDA,anchor,anchor,ok,OK,True,5924,5924
UNH,0000731766-24-000081,10-K,RISK_FACTORS,anchor,anchor,ok,OK,True,9732,9732
UNH,0000731766-24-000146,8-K,EX99_PRESS_RELEASE,whole_document,whole_document,ok,OK,True,4412,4412
UNH,0000731766-24-000155,10-Q,MDA,anchor,anchor,ok,OK,True,4553,4553
UNH,0000731766-24-000155,10-Q,RISK_FACTORS,anchor,anchor,ok,OK,True,104,104
UNH,0000731766-24-000242,8-K,EX99_PRESS_RELEASE,whole_document,whole_document,ok,OK,True,4562,4562
UNH,0000731766-24-000262,10-Q,MDA,anchor,anchor,ok,OK,True,5067,5067
UNH,0000731766-24-000262,10-Q,RISK_FACTORS,anchor,anchor,ok,OK,True,104,104
UNH,0000731766-24-000320,8-K,EX99_PRESS_RELEASE,whole_document,whole_document,ok,OK,True,4179,4179
UNH,0000731766-24-000323,10-Q,MDA,anchor,anchor,ok,OK,True,5174,5174
UNH,0000731766-24-000323,10-Q,RISK_FACTORS,anchor,anchor,ok,OK,True,104,104
UNH,0000731766-25-000022,8-K,EX99_PRESS_RELEASE,whole_document,whole_document,ok,OK,True,4174,4174
UNH,0000731766-25-000063,10-K,MDA,anchor,anchor,ok,OK,True,6665,6665
UNH,0000731766-25-000063,10-K,RISK_FACTORS,anchor,anchor,ok,OK,True,9651,9651
UNH,0000731766-25-000123,8-K,EX99_PRESS_RELEASE,whole_document,whole_document,ok,OK,True,3053,3053
UNH,0000731766-25-000131,10-Q,MDA,anchor,anchor,ok,OK,True,4380,4380
UNH,0000731766-25-000131,10-Q,RISK_FACTORS,anchor,anchor,ok,OK,True,103,103
UNH,0000731766-25-000228,8-K,EX99_PRESS_RELEASE,whole_document,whole_document,ok,OK,True,4757,4757
UNH,0000731766-25-000236,10-Q,MDA,anchor,anchor,ok,OK,True,5193,5193
UNH,0000731766-25-000236,10-Q,RISK_FACTORS,anchor,anchor,ok,OK,True,103,103
UNH,0000731766-25-000305,10-Q,MDA,anchor,anchor,ok,OK,True,5398,5398
UNH,0000731766-25-000305,10-Q,RISK_FACTORS,anchor,anchor,ok,OK,True,103,103
UNH,0000731766-25-000301,8-K,EX99_PRESS_RELEASE,whole_document,whole_document,ok,OK,True,3720,3720
UNH,0000731766-26-000025,8-K,EX99_PRESS_RELEASE,whole_document,whole_document,ok,OK,True,6722,6722
UNH,0000731766-26-000062,10-K,MDA,anchor,anchor,ok,OK,True,7302,7302
UNH,0000731766-26-000062,10-K,RISK_FACTORS,anchor,anchor,ok,OK,True,9823,9823
UNH,0000731766-26-000121,8-K,EX99_PRESS_RELEASE,whole_document,whole_document,ok,OK,True,4643,4643
UNH,0000731766-26-000127,10-Q,MDA,anchor,anchor,ok,OK,True,5077,5077
UNH,0000731766-26-000127,10-Q,RISK_FACTORS,anchor,anchor,ok,OK,True,103,103
UNH,0000731766-26-000191,8-K,EX99_PRESS_RELEASE,whole_document,whole_document,ok,OK,True,5675,5675
V,0001403161-23-000092,8-K,EX99_PRESS_RELEASE,whole_document,whole_document,ok,OK,True,5467,5467
V,0001403161-23-000099,10-K,MDA,anchor,anchor,ok,OK,True,6962,6962
V,0001403161-23-000099,10-K,RISK_FACTORS,anchor,anchor,ok,OK,True,11066,11066
V,0001403161-24-000013,8-K,EX99_PRESS_RELEASE,whole_document,whole_document,ok,OK,True,3850,3850
V,0001403161-24-000016,10-Q,MDA,anchor,anchor,ok,OK,True,3791,3791
V,0001403161-24-000016,10-Q,RISK_FACTORS,anchor,anchor,ok,OK,True,36,36
V,0001403161-24-000027,8-K,EX99_PRESS_RELEASE,whole_document,whole_document,ok,OK,True,4327,4327
V,0001403161-24-000030,10-Q,MDA,anchor,anchor,ok,OK,True,4917,4917
V,0001403161-24-000030,10-Q,RISK_FACTORS,anchor,anchor,ok,OK,True,36,36
V,0001403161-24-000040,8-K,EX99_PRESS_RELEASE,whole_document,whole_document,ok,OK,True,4443,4443
V,0001403161-24-000041,10-Q,MDA,anchor,anchor,ok,OK,True,5183,5183
V,0001403161-24-000041,10-Q,RISK_FACTORS,anchor,anchor,ok,OK,True,36,36
V,0001403161-24-000053,8-K,EX99_PRESS_RELEASE,whole_document,whole_document,ok,OK,True,5303,5303
V,0001403161-24-000058,10-K,MDA,anchor,anchor,ok,OK,True,7552,7552
V,0001403161-24-000058,10-K,RISK_FACTORS,anchor,anchor,ok,OK,True,11810,11810
V,0001403161-25-000016,8-K,EX99_PRESS_RELEASE,whole_document,whole_document,ok,OK,True,3922,3922
V,0001403161-25-000017,10-Q,MDA,anchor,anchor,ok,OK,True,4102,4102
V,0001403161-25-000017,10-Q,RISK_FACTORS,anchor,anchor,ok,OK,True,36,36
V,0001403161-25-000035,8-K,EX99_PRESS_RELEASE,whole_document,whole_document,ok,OK,True,4295,4295
V,0001403161-25-000037,10-Q,MDA,anchor,anchor,ok,OK,True,5256,5256
V,0001403161-25-000037,10-Q,RISK_FACTORS,anchor,anchor,ok,OK,True,36,36
V,0001403161-25-000051,8-K,EX99_PRESS_RELEASE,whole_document,whole_document,ok,OK,True,4358,4358
V,0001403161-25-000052,10-Q,MDA,anchor,anchor,ok,OK,True,5637,5637
V,0001403161-25-000052,10-Q,RISK_FACTORS,anchor,anchor,ok,OK,True,35,35
V,0001403161-25-000077,8-K,EX99_PRESS_RELEASE,whole_document,whole_document,ok,OK,True,5296,5296
V,0001403161-25-000089,10-K,MDA,anchor,anchor,ok,OK,True,7489,7489
V,0001403161-25-000089,10-K,RISK_FACTORS,anchor,anchor,ok,OK,True,12081,12081
V,0001403161-26-000044,8-K,EX99_PRESS_RELEASE,whole_document,whole_document,ok,OK,True,4075,4075
V,0001403161-26-000045,10-Q,MDA,anchor,anchor,ok,OK,True,4204,4204
V,0001403161-26-000045,10-Q,RISK_FACTORS,anchor,anchor,ok,OK,True,35,35
V,0001403161-26-000077,8-K,EX99_PRESS_RELEASE,whole_document,whole_document,ok,OK,True,4578,4578
V,0001403161-26-000079,10-Q,MDA,anchor,anchor,ok,OK,True,5626,5626
V,0001403161-26-000079,10-Q,RISK_FACTORS,anchor,anchor,ok,OK,True,35,35
V,0001403161-26-000103,8-K,EX99_PRESS_RELEASE,whole_document,whole_document,ok,OK,True,4534,4534
V,0001403161-26-000104,10-Q,MDA,anchor,anchor,ok,OK,True,5984,5984
V,0001403161-26-000104,10-Q,RISK_FACTORS,anchor,anchor,ok,OK,True,35,35
WMT,0000104169-23-000088,8-K,EX99_PRESS_RELEASE,whole_document,whole_document,ok,OK,True,6316,6316
WMT,0000104169-23-000097,10-Q,MDA,anchor,anchor,ok,OK,True,7972,7972
WMT,0000104169-23-000097,10-Q,RISK_FACTORS,anchor,anchor,ok,OK,True,142,142
WMT,0000104169-23-000124,8-K,EX99_PRESS_RELEASE,whole_document,whole_document,ok,OK,True,6524,6524
WMT,0000104169-23-000132,10-Q,MDA,anchor,anchor,ok,OK,True,7825,7825
WMT,0000104169-23-000132,10-Q,RISK_FACTORS,anchor,anchor,ok,OK,True,142,142
WMT,0000104169-24-000019,8-K,EX99_PRESS_RELEASE,whole_document,whole_document,earnings_supplemental_diluted,FLAGGED,True,6926,6926
WMT,0000104169-24-000056,10-K,MDA,anchor,anchor,ok,OK,True,9478,9478
WMT,0000104169-24-000056,10-K,RISK_FACTORS,anchor,anchor,ok,OK,True,13052,13052
WMT,0000104169-24-000088,8-K,EX99_PRESS_RELEASE,whole_document,whole_document,ok,OK,True,5950,5950
WMT,0000104169-24-000105,10-Q,MDA,anchor,anchor,ok,OK,True,7128,7128
WMT,0000104169-24-000105,10-Q,RISK_FACTORS,anchor,anchor,ok,OK,True,142,142
WMT,0000104169-24-000131,8-K,EX99_PRESS_RELEASE,whole_document,whole_document,ok,OK,True,6334,6334
WMT,0000104169-24-000141,10-Q,MDA,anchor,anchor,ok,OK,True,7633,7633
WMT,0000104169-24-000141,10-Q,RISK_FACTORS,anchor,anchor,ok,OK,True,139,139
WMT,0000104169-24-000170,8-K,EX99_PRESS_RELEASE,whole_document,whole_document,ok,OK,True,6184,6184
WMT,0000104169-24-000178,10-Q,MDA,anchor,anchor,ok,OK,True,7682,7682
WMT,0000104169-24-000178,10-Q,RISK_FACTORS,anchor,anchor,ok,OK,True,140,140
WMT,0000104169-25-000010,8-K,EX99_PRESS_RELEASE,whole_document,whole_document,ok,OK,True,7264,7264
WMT,0000104169-25-000021,10-K,MDA,anchor,anchor,ok,OK,True,9156,9156
WMT,0000104169-25-000021,10-K,RISK_FACTORS,anchor,anchor,ok,OK,True,14285,14285
WMT,0000104169-25-000069,8-K,EX99_PRESS_RELEASE,whole_document,whole_document,ok,OK,True,6269,6269
WMT,0000104169-25-000090,10-Q,MDA,anchor,anchor,ok,OK,True,6324,6324
WMT,0000104169-25-000090,10-Q,RISK_FACTORS,anchor,anchor,ok,OK,True,139,139
WMT,0000104169-25-000120,8-K,EX99_PRESS_RELEASE,whole_document,whole_document,ok,OK,True,7247,7247
WMT,0000104169-25-000137,10-Q,MDA,anchor,anchor,ok,OK,True,7074,7074
WMT,0000104169-25-000137,10-Q,RISK_FACTORS,anchor,anchor,ok,OK,True,143,143
WMT,0000104169-25-000177,8-K,EX99_PRESS_RELEASE,whole_document,whole_document,earnings_supplemental_diluted,FLAGGED,True,7461,7461
WMT,0000104169-25-000191,10-Q,MDA,anchor,anchor,ok,OK,True,7169,7169
WMT,0000104169-25-000191,10-Q,RISK_FACTORS,anchor,anchor,ok,OK,True,140,140
WMT,0000104169-26-000032,8-K,EX99_PRESS_RELEASE,whole_document,whole_document,earnings_supplemental_diluted,FLAGGED,True,7576,7576
WMT,0000104169-26-000055,10-K,MDA,anchor,anchor,ok,OK,True,9017,9017
WMT,0000104169-26-000055,10-K,RISK_FACTORS,anchor,anchor,ok,OK,True,13566,13566
WMT,0000104169-26-000095,8-K,EX99_PRESS_RELEASE,whole_document,whole_document,ok,OK,True,6329,6329
WMT,0000104169-26-000102,10-Q,MDA,anchor,anchor,ok,OK,True,6501,6501
WMT,0000104169-26-000102,10-Q,RISK_FACTORS,anchor,anchor,ok,OK,True,143,143
XOM,0000034088-23-000054,8-K,EX99_PRESS_RELEASE,whole_document,whole_document,ok,OK,True,7723,7723
XOM,0000034088-23-000056,10-Q,MDA,anchor,anchor,ok,OK,True,6347,6347
XOM,0000034088-24-000007,8-K,EX99_PRESS_RELEASE,whole_document,whole_document,ok,OK,True,8715,8715
XOM,0000034088-24-000018,10-K,MDA,incorporated_by_reference_resolved,incorporated_by_reference_resolved,mda_stub_resolved,OK,True,17676,17676
XOM,0000034088-24-000018,10-K,RISK_FACTORS,anchor,anchor,ok,OK,True,4277,4277
XOM,0000034088-24-000025,8-K,EX99_PRESS_RELEASE,whole_document,whole_document,ok,OK,True,6494,6494
XOM,0000034088-24-000029,10-Q,MDA,anchor,anchor,ok,OK,True,5098,5098
XOM,0000034088-24-000048,8-K,EX99_PRESS_RELEASE,whole_document,whole_document,ok,OK,True,7884,7884
XOM,0000034088-24-000050,10-Q,MDA,anchor,anchor,ok,OK,True,6274,6274
XOM,0000034088-24-000066,8-K,EX99_PRESS_RELEASE,whole_document,whole_document,ok,OK,True,7967,7967
XOM,0000034088-24-000068,10-Q,MDA,anchor,anchor,ok,OK,True,6380,6380
XOM,0000034088-25-000006,8-K,EX99_PRESS_RELEASE,whole_document,whole_document,ok,OK,True,7766,7766
XOM,0000034088-25-000010,10-K,MDA,incorporated_by_reference_resolved,incorporated_by_reference_resolved,mda_stub_resolved,OK,True,18165,18165
XOM,0000034088-25-000010,10-K,RISK_FACTORS,anchor,anchor,ok,OK,True,4644,4644
XOM,0000034088-25-000022,8-K,EX99_PRESS_RELEASE,whole_document,whole_document,ok,OK,True,6551,6551
XOM,0000034088-25-000024,10-Q,MDA,anchor,anchor,ok,OK,True,5209,5209
XOM,0000034088-25-000040,8-K,EX99_PRESS_RELEASE,whole_document,whole_document,ok,OK,True,6992,6992
XOM,0000034088-25-000042,10-Q,MDA,anchor,anchor,ok,OK,True,6162,6162
XOM,0000034088-25-000059,8-K,EX99_PRESS_RELEASE,whole_document,whole_document,ok,OK,True,7069,7069
XOM,0000034088-25-000061,10-Q,MDA,anchor,anchor,ok,OK,True,6246,6246
XOM,0000034088-26-000033,8-K,EX99_PRESS_RELEASE,whole_document,whole_document,ok,OK,True,8052,8052
XOM,0000034088-26-000045,10-K,MDA,incorporated_by_reference_resolved,incorporated_by_reference_resolved,mda_stub_resolved,OK,True,17716,17716
XOM,0000034088-26-000045,10-K,RISK_FACTORS,anchor,anchor,ok,OK,True,5140,5140
XOM,0000034088-26-000065,8-K,EX99_PRESS_RELEASE,whole_document,whole_document,ok,OK,True,7392,7392
XOM,0000034088-26-000067,10-Q,MDA,anchor,anchor,ok,OK,True,4812,4812
XOM,0000034088-26-000093,10-Q,MDA,anchor,anchor,ok,OK,True,5812,5812
