rank,batch,chunk_id
1,batch_01,E2CHK-e95cce1305be9672
2,batch_01,E2CHK-d362e4ca7a577757
3,batch_01,E2CHK-956c6b9f57e2ead4
4,batch_01,E2CHK-b1b149916bf054c3
5,batch_01,E2CHK-9a698d7841cf38e1
6,batch_01,E2CHK-929886d5e0ebd1c7
7,batch_01,E2CHK-6cc380482ec83912
8,batch_01,E2CHK-cbc20c904f8df8d3
9,batch_01,E2CHK-dca07e8a0cfcc7fc
10,batch_01,E2CHK-b2b6e598b970440d
11,batch_01,E2CHK-95302e9d5038ecb7
12,batch_01,E2CHK-de71dbbf03a6cb3b
13,batch_01,E2CHK-0a1e6bc58dcb27b9
14,batch_01,E2CHK-7cf166c90d16c427
15,batch_01,E2CHK-6e4254f9fdb388cf
16,batch_01,E2CHK-8982301fb0df590d
17,batch_01,E2CHK-3f6dd03f4afc17ac
18,batch_01,E2CHK-15e70797e348a069
19,batch_01,E2CHK-0ce0f271a0db498d
20,batch_01,E2CHK-9139331d59f2a3fc
21,batch_01,E2CHK-89e59fcfd1838f56
22,batch_01,E2CHK-c767fe89c45aa50e
23,batch_01,E2CHK-2d804a444b2f09ff
24,batch_01,E2CHK-9ed330a5a63136c9
25,batch_01,E2CHK-d1fd9daf1bcbb960
26,batch_01,E2CHK-e4e6078c39f54dcb
27,batch_01,E2CHK-195c4f302b0636bf
28,batch_01,E2CHK-3063008745090369
29,batch_01,E2CHK-35bc809ea7b329f2
30,batch_01,E2CHK-57f1f5e507653634
31,batch_01,E2CHK-b43feaec8f15b532
32,batch_01,E2CHK-b59a71de64bc8dd2
33,batch_01,E2CHK-329aeb2738643931
34,batch_01,E2CHK-dd1e072a90628a46
35,batch_01,E2CHK-dfb41597a10fbecc
36,batch_01,E2CHK-33721641585dfae7
37,batch_01,E2CHK-acfd0b27f95008e6
38,batch_01,E2CHK-4ae73e0d138c26d6
39,batch_01,E2CHK-0d399f1a44b9ff50
40,batch_01,E2CHK-b07a012e3e8ea9d9
41,batch_02,E2CHK-172fa46a881240b8
42,batch_02,E2CHK-29ac271263df3df6
43,batch_02,E2CHK-4a09f1e27e3728d1
44,batch_02,E2CHK-53c7e256395f4d8f
45,batch_02,E2CHK-bcbc336fcdc592a8
46,batch_02,E2CHK-88e6b4cd70890339
47,batch_02,E2CHK-fefe96f00b0ea62b
48,batch_02,E2CHK-87f57fbbc1cc2552
49,batch_02,E2CHK-47b59f02a9d04e58
50,batch_02,E2CHK-393f0304159e7889
51,batch_02,E2CHK-3a0b7583ac8b8576
52,batch_02,E2CHK-e3275402293c7fcd
53,batch_02,E2CHK-48fb63493724f20b
54,batch_02,E2CHK-abdb9939c188bdd9
55,batch_02,E2CHK-1590b0e6ab37b7ec
56,batch_02,E2CHK-00117e52ac2439f5
57,batch_02,E2CHK-f81e3b8d6f822db5
58,batch_02,E2CHK-201551dd7e7402f9
59,batch_02,E2CHK-c139014881563565
60,batch_02,E2CHK-449091ac3604b0b8
61,batch_02,E2CHK-0bb11031c6b11b44
62,batch_02,E2CHK-d9f61da52aae4de1
63,batch_02,E2CHK-3740473cb4963ab2
64,batch_02,E2CHK-2a22fec2e02a07c5
65,batch_02,E2CHK-3d8d81d5cbe61eea
66,batch_02,E2CHK-7135ee2f5472798a
67,batch_02,E2CHK-f03ac52ac0c52612
68,batch_02,E2CHK-da79ee3a68b6f33b
69,batch_02,E2CHK-5a146f06e6a88b39
70,batch_02,E2CHK-abb5c701902a9312
71,batch_02,E2CHK-3d88cb8be0efa81b
72,batch_02,E2CHK-edf87b2927bbfe56
73,batch_02,E2CHK-afff31715a26e99a
74,batch_02,E2CHK-77c46216c8b8d81c
75,batch_02,E2CHK-14fd6824e0d8dca2
76,batch_02,E2CHK-f9432f5f81cbaf38
77,batch_02,E2CHK-54bfd57dab0bd838
78,batch_02,E2CHK-1cd95351e98782f0
79,batch_02,E2CHK-9e741f22d43db9dc
80,batch_02,E2CHK-bca3b03f7b2bff0c
81,batch_03,E2CHK-029cacf977677928
82,batch_03,E2CHK-179659419a317bb8
83,batch_03,E2CHK-2242ad1a4dcf8dc6
84,batch_03,E2CHK-e8130f4d89611677
85,batch_03,E2CHK-0ff998b6c50a9346
86,batch_03,E2CHK-0138602f200d6bcb
87,batch_03,E2CHK-73e3779070c4708b
88,batch_03,E2CHK-3f14cf282cf504e8
89,batch_03,E2CHK-ede5e91ded28ccec
90,batch_03,E2CHK-2c560e160d8cc5fa
91,batch_03,E2CHK-ce81df3c1d189fa0
92,batch_03,E2CHK-550b26b892978c38
93,batch_03,E2CHK-b5938d5890004829
94,batch_03,E2CHK-455a18a01debc20e
95,batch_03,E2CHK-981150c4aaf1bb55
96,batch_03,E2CHK-0a490c61fd366acd
97,batch_03,E2CHK-7c64c6fdd613a5c7
98,batch_03,E2CHK-4028f289789d161f
99,batch_03,E2CHK-5dd027bd6846ceea
100,batch_03,E2CHK-49aba42cc836f768
101,batch_03,E2CHK-06c24ba30f05e054
102,batch_03,E2CHK-7cec415877164dcc
103,batch_03,E2CHK-48d213746b0714d9
104,batch_03,E2CHK-6696be4c00546807
105,batch_03,E2CHK-ebf630ae3d0d7af0
106,batch_03,E2CHK-2d7441c53c60f4c0
107,batch_03,E2CHK-c977a4bb6d59c876
108,batch_03,E2CHK-f6a23b28398da366
109,batch_03,E2CHK-bb7411e77a7defc8
110,batch_03,E2CHK-fe194dd32c53c66e
111,batch_03,E2CHK-d04e735f336c15ab
112,batch_03,E2CHK-b40217ffa63a7cc5
113,batch_03,E2CHK-dda4c12bfebdaf25
114,batch_03,E2CHK-bc8f68735967cd5a
115,batch_03,E2CHK-9d439514c919670f
116,batch_03,E2CHK-0d980c1e7832cb26
117,batch_03,E2CHK-040942506845bb80
118,batch_03,E2CHK-3908a11bb590546a
119,batch_03,E2CHK-1cf736b21f979401
120,batch_03,E2CHK-19cbfdfda539b797
121,batch_04,E2CHK-19ad521422007e91
122,batch_04,E2CHK-a225b4072d490e6c
123,batch_04,E2CHK-1b61fb852a9073cf
124,batch_04,E2CHK-bc038b02a2c83033
125,batch_04,E2CHK-5d8161de3b3f9c3b
126,batch_04,E2CHK-a9f86731756ad5f6
127,batch_04,E2CHK-0e5a3607c3c9800c
128,batch_04,E2CHK-53e99d12cc4a1b19
129,batch_04,E2CHK-31b8211bed9cfbbd
130,batch_04,E2CHK-4cdb7b3bd5bdbf68
131,batch_04,E2CHK-af6972d4c50c8ae4
132,batch_04,E2CHK-dd331ef2080052ca
133,batch_04,E2CHK-ecd2ca41b77ee42f
134,batch_04,E2CHK-a57195ed78f3ce4a
135,batch_04,E2CHK-6f6b16b9fef5ebe1
136,batch_04,E2CHK-612ed6e9da9b6228
137,batch_04,E2CHK-590c3420f7ec83ae
138,batch_04,E2CHK-2dcd9a2066668174
139,batch_04,E2CHK-6d6cbe1c97c42ece
140,batch_04,E2CHK-c089f2181e437662
141,batch_04,E2CHK-77f9908e5dafd434
142,batch_04,E2CHK-449e8722b0f09e0f
143,batch_04,E2CHK-c27d0b89e44af924
144,batch_04,E2CHK-6dff99229d098d2a
145,batch_04,E2CHK-dd50b2c4f9f94871
146,batch_04,E2CHK-d97abfc5a21f6bad
147,batch_04,E2CHK-4b9157b50c939a1c
148,batch_04,E2CHK-4fba9689f1451f83
149,batch_04,E2CHK-35b96df4fe0b07b7
150,batch_04,E2CHK-f307072f2f01f95c
151,batch_04,E2CHK-7cb0f09c65a20a4d
152,batch_04,E2CHK-5349d923bae4dbc4
153,batch_04,E2CHK-764c32ef6b23e214
154,batch_04,E2CHK-75e59541bf13eef1
155,batch_04,E2CHK-2683c59700eec6d3
156,batch_04,E2CHK-9ad4bde75766e863
157,batch_04,E2CHK-edde638aa45bde93
158,batch_04,E2CHK-f543a4e7fa46e6a9
159,batch_04,E2CHK-e43b2a29330089de
160,batch_04,E2CHK-a88fc19db7efd8fd
161,batch_05,E2CHK-c05ee28d8225d0e1
162,batch_05,E2CHK-13ebd9ae899dd431
163,batch_05,E2CHK-3274b39619182ca1
164,batch_05,E2CHK-13118269fc011a43
165,batch_05,E2CHK-8c2d90c779858e69
166,batch_05,E2CHK-92b5ae844ca9544a
167,batch_05,E2CHK-81ff37be2806b9f7
168,batch_05,E2CHK-8b4adcb77ee14fc7
169,batch_05,E2CHK-dba86b67aed203e7
170,batch_05,E2CHK-f5aead7b295a4214
171,batch_05,E2CHK-acddff2c116c5a83
172,batch_05,E2CHK-ce05ab29a032e87c
173,batch_05,E2CHK-ceb9863fd10544fc
174,batch_05,E2CHK-6adeacfab14b3a04
175,batch_05,E2CHK-2f6acdcaa4a8e138
176,batch_05,E2CHK-af98d865cf1fcf87
177,batch_05,E2CHK-ffa7fb0f06f1083a
178,batch_05,E2CHK-5e3b77980f37a428
179,batch_05,E2CHK-5f1d29616874765b
180,batch_05,E2CHK-0e6ec714c7d46167
181,batch_05,E2CHK-a8a44197eba3d453
182,batch_05,E2CHK-0a2e1bb1a048802c
183,batch_05,E2CHK-948020f4453dd89b
184,batch_05,E2CHK-7afaf199e0e3971d
185,batch_05,E2CHK-d86d1e815ab6bd10
186,batch_05,E2CHK-9342fa8457cfb895
187,batch_05,E2CHK-93b76cc89e748627
188,batch_05,E2CHK-cf5aa0cd9c95e4ee
189,batch_05,E2CHK-36601e12c6b3177a
190,batch_05,E2CHK-98514b8d6cf9814e
191,batch_05,E2CHK-775fa52ea1fa1820
192,batch_05,E2CHK-cc4180ed654b42de
193,batch_05,E2CHK-69e7f9286d88e13e
194,batch_05,E2CHK-62b7f78ac141c48d
195,batch_05,E2CHK-eb7faaec93ffd0cd
196,batch_05,E2CHK-a83e92e090af3dc2
197,batch_05,E2CHK-763089c60ee1cbfd
198,batch_05,E2CHK-a888d45cb28cf251
199,batch_05,E2CHK-bbf21eef4bdca577
200,batch_05,E2CHK-9cbbbb12bdc63272
201,batch_06,E2CHK-2330859487453986
202,batch_06,E2CHK-d2925dad3092fd9d
203,batch_06,E2CHK-9b0e481826b4b02a
204,batch_06,E2CHK-9c96d5f4645c6f17
205,batch_06,E2CHK-5ae45af46e4a0558
206,batch_06,E2CHK-a45c7eb727c18fd4
207,batch_06,E2CHK-f8154d76409080a3
208,batch_06,E2CHK-375cc9f65b5f4ca2
209,batch_06,E2CHK-34ae3ecc75458c4c
210,batch_06,E2CHK-b9cbe918d3cead0a
211,batch_06,E2CHK-df17fa866f5ea2bc
212,batch_06,E2CHK-48a62fd38118e54c
213,batch_06,E2CHK-42398c6fe1c40f77
214,batch_06,E2CHK-de44426d67da502b
215,batch_06,E2CHK-397f693db996a0a5
216,batch_06,E2CHK-e7fae80d08d9ad65
217,batch_06,E2CHK-f1710be27660c442
218,batch_06,E2CHK-82b2492a67f3a838
219,batch_06,E2CHK-424ab90579241b5c
220,batch_06,E2CHK-5ce0422c899cd47f
221,batch_06,E2CHK-afda557ca8fa0a00
222,batch_06,E2CHK-07343153f4da0cd4
223,batch_06,E2CHK-9992a913245c70dc
224,batch_06,E2CHK-bd6d40bfa743d7e9
225,batch_06,E2CHK-b1dcfad4cf301fae
226,batch_06,E2CHK-cf40c42e13ffd313
227,batch_06,E2CHK-24ffe2cf322f5174
228,batch_06,E2CHK-072cdc9ef91088cf
229,batch_06,E2CHK-356ea310dacb3870
230,batch_06,E2CHK-5498fdccc84f4d31
231,batch_06,E2CHK-92bc555031d929d0
232,batch_06,E2CHK-bab88b607789ab2e
233,batch_06,E2CHK-43c99ed059e45bf9
234,batch_06,E2CHK-46e76944be24ceac
235,batch_06,E2CHK-3065eb4a544bc898
236,batch_06,E2CHK-aa6791cdc8cd9d42
237,batch_06,E2CHK-cac60fcf29f3459e
238,batch_06,E2CHK-09366f1650ed94d3
239,batch_06,E2CHK-501409621e5ca4b5
240,batch_06,E2CHK-7995f75857a3c8b9
241,batch_07,E2CHK-e9012e252ae60012
242,batch_07,E2CHK-b01df19d7e3fd960
243,batch_07,E2CHK-a6bddc058587bc6f
244,batch_07,E2CHK-e6c82266dc0dba90
245,batch_07,E2CHK-1fedbf9e1fa8c941
246,batch_07,E2CHK-e0bff5c28b3b4893
247,batch_07,E2CHK-371eab4898627682
248,batch_07,E2CHK-bbe514f22fde6389
249,batch_07,E2CHK-d747af0ef8e212a3
250,batch_07,E2CHK-ce92535a1177db1e
251,batch_07,E2CHK-57fd1acfe806ac73
252,batch_07,E2CHK-778fbd4e20e7cb7d
253,batch_07,E2CHK-bed403feac3278ef
254,batch_07,E2CHK-b802582aba1fb9f9
255,batch_07,E2CHK-b5151529936a822a
256,batch_07,E2CHK-a55a42eef205eb7f
257,batch_07,E2CHK-c01cab2aeaa56f31
258,batch_07,E2CHK-4679986c2d35061f
259,batch_07,E2CHK-0ab193960ac1b16e
260,batch_07,E2CHK-3281c060608b17e3
261,batch_07,E2CHK-d13cfe9ca5271caf
262,batch_07,E2CHK-c365ce339b2d0636
263,batch_07,E2CHK-41ec729cfa18210a
264,batch_07,E2CHK-b69e1ac3d92b9287
265,batch_07,E2CHK-7ff32fcd26f78e7c
266,batch_07,E2CHK-6d3a45b809b2c15c
267,batch_07,E2CHK-c96a9eb9f18a5219
268,batch_07,E2CHK-5e24420cdc959210
269,batch_07,E2CHK-31a4acb370e5d5fa
270,batch_07,E2CHK-668c51a0258a96ac
271,batch_07,E2CHK-64964ba526f30c04
272,batch_07,E2CHK-1520659824342413
273,batch_07,E2CHK-40a075138596207f
274,batch_07,E2CHK-57a2c3f396b8daae
275,batch_07,E2CHK-5f48f7b3a4ae87d4
276,batch_07,E2CHK-28641af1dd53a56c
277,batch_07,E2CHK-33fccbc999d29c39
278,batch_07,E2CHK-3b2368436e1dabeb
279,batch_07,E2CHK-449be2e96b98210f
280,batch_07,E2CHK-9e41e323b3bd3d74
281,batch_08,E2CHK-69be94c889ddae8f
282,batch_08,E2CHK-ef08533dd2d53c08
283,batch_08,E2CHK-77c41b5b86df350f
284,batch_08,E2CHK-f2a795fe479809c0
285,batch_08,E2CHK-6cd135825997ae1f
286,batch_08,E2CHK-85ceccd2f54e7cb5
287,batch_08,E2CHK-4225b0ead4a72be3
288,batch_08,E2CHK-639095b4598bbd6c
289,batch_08,E2CHK-254e479a0e14017c
290,batch_08,E2CHK-220362b8a5402f45
291,batch_08,E2CHK-7cbffd8ee5da4661
292,batch_08,E2CHK-fd078bde440967d5
293,batch_08,E2CHK-de8e4ed70e020195
294,batch_08,E2CHK-11a58e2f495bf74a
295,batch_08,E2CHK-00c161b034295d61
296,batch_08,E2CHK-ccefc92c68b96565
297,batch_08,E2CHK-4b6e4a6d39799bd6
298,batch_08,E2CHK-9515ef3c52d0810c
299,batch_08,E2CHK-d31e86fcdacacb90
300,batch_08,E2CHK-2ce9f3faf7cb5f52
301,batch_08,E2CHK-da9c2b450fde9ce1
302,batch_08,E2CHK-f27bf6c2b45ee4b6
303,batch_08,E2CHK-6ff03466617699bd
304,batch_08,E2CHK-69f2e3228c36c9e3
305,batch_08,E2CHK-f95062fdb4491102
306,batch_08,E2CHK-0cac4c283c6b0349
307,batch_08,E2CHK-9e6ceeacf4043d91
308,batch_08,E2CHK-c43eb3c0270ed234
309,batch_08,E2CHK-2b92694d27f44f44
310,batch_08,E2CHK-a3fa1fce9944732c
311,batch_08,E2CHK-72b036a1e637890c
312,batch_08,E2CHK-27e176de32394955
313,batch_08,E2CHK-52cc2d0dab5c20e7
314,batch_08,E2CHK-d9d934eeee7bc2ff
315,batch_08,E2CHK-6b3e31d591c4831a
316,batch_08,E2CHK-fb8de7ad4aede6ec
317,batch_08,E2CHK-a1d346c0cdecfb7b
318,batch_08,E2CHK-8ef2e0a0b47ecef2
319,batch_08,E2CHK-e7397d78fc42fd23
320,batch_08,E2CHK-2fa30845f07220da
321,batch_09,E2CHK-83bab413ca96db72
322,batch_09,E2CHK-be1cd6a6a48a21ca
323,batch_09,E2CHK-ee12a785445c615d
324,batch_09,E2CHK-085bd17662548c01
325,batch_09,E2CHK-6447928264fe436e
326,batch_09,E2CHK-3e3e8f98e3c78238
327,batch_09,E2CHK-c2dd3adcde295e94
328,batch_09,E2CHK-fa086d09dbde01b0
329,batch_09,E2CHK-28ebcd44d8b059be
330,batch_09,E2CHK-51046704d4d63683
331,batch_09,E2CHK-1e6540576b9b5608
332,batch_09,E2CHK-0456083c97ac08ee
333,batch_09,E2CHK-6c5a45cabe9acb51
334,batch_09,E2CHK-ddd4bfdea170c6e6
335,batch_09,E2CHK-f6a580a23f5c73c2
336,batch_09,E2CHK-ffe43fc41893b067
337,batch_09,E2CHK-27545805b9fd3ad2
338,batch_09,E2CHK-33d1c06d9617d8b5
339,batch_09,E2CHK-bc398911aebf0e58
340,batch_09,E2CHK-580b26993a6e7c27
341,batch_09,E2CHK-4ea264c16206c2ee
342,batch_09,E2CHK-77a86170e1ee1f63
343,batch_09,E2CHK-0841a5956f833f39
344,batch_09,E2CHK-0cc5e131fed8252b
345,batch_09,E2CHK-3a78c49f50c4a56c
346,batch_09,E2CHK-4aeadb05b8e30c1b
347,batch_09,E2CHK-e00bc8f76896345b
348,batch_09,E2CHK-e635c152d1658cb5
349,batch_09,E2CHK-fd489c7f49f99f08
350,batch_09,E2CHK-67e6cecd5b1abba2
351,batch_09,E2CHK-54fa185abdd953d8
352,batch_09,E2CHK-d089b676ee3165e6
353,batch_09,E2CHK-c5c863aade689171
354,batch_09,E2CHK-22c39cf287cfaa74
355,batch_09,E2CHK-8b7238499caecfe1
356,batch_09,E2CHK-ccc5704ba2f35ea4
357,batch_09,E2CHK-fbb19f8563ddc928
358,batch_09,E2CHK-a2fa6335f209b802
359,batch_09,E2CHK-af2ed9345811d30c
360,batch_09,E2CHK-2c0ad23fc92dee4e
361,batch_10,E2CHK-3ee0bbef93ae4dcb
362,batch_10,E2CHK-c930635e1e19d252
363,batch_10,E2CHK-0a42120714b1207d
364,batch_10,E2CHK-ed298eb2315250f3
365,batch_10,E2CHK-df0f98a67031f9fb
366,batch_10,E2CHK-66f7347c3bf8bd02
367,batch_10,E2CHK-1bbcab2078925a26
368,batch_10,E2CHK-231e11ce2174bd10
369,batch_10,E2CHK-174467ecd1d78cba
370,batch_10,E2CHK-c98142910010a2cd
371,batch_10,E2CHK-01c92684480b5513
372,batch_10,E2CHK-a731d11ca2a8e719
373,batch_10,E2CHK-1ab6da7f9ff3ff0e
374,batch_10,E2CHK-eaafdb3612d9cb6f
375,batch_10,E2CHK-abebf082e8e3654c
376,batch_10,E2CHK-fcf19eb28f8f76b5
377,batch_10,E2CHK-a758cd53755b26ef
378,batch_10,E2CHK-cffe17671c703cd6
379,batch_10,E2CHK-3f4eec59d8b29abc
380,batch_10,E2CHK-3e4b1e775f6dfa7c
381,batch_10,E2CHK-bfc8d598b0f65dcf
382,batch_10,E2CHK-3148c5ccd6f61f0c
383,batch_10,E2CHK-5f2b734c483093f8
384,batch_10,E2CHK-dcd193aceddd69bd
385,batch_10,E2CHK-eb22b11c66fc5e22
386,batch_10,E2CHK-994a0a58a10f6601
387,batch_10,E2CHK-c1af67064fd14a76
388,batch_10,E2CHK-24b6855a3e22af3c
389,batch_10,E2CHK-fccdba6e4a09e1b0
390,batch_10,E2CHK-3ba2e0555aa64516
391,batch_10,E2CHK-f600161c99dac606
392,batch_10,E2CHK-7990de57e2f57c69
393,batch_10,E2CHK-0ddee806369bb5ea
394,batch_10,E2CHK-0cfaf880f0c45565
395,batch_10,E2CHK-2e00f9f208eb07d1
396,batch_10,E2CHK-b35504e20027252b
397,batch_10,E2CHK-222e63615cde8b9e
398,batch_10,E2CHK-b28810fa52b98867
399,batch_10,E2CHK-3536f1859d0b9ace
400,batch_10,E2CHK-96587e26aae50670
401,batch_11,E2CHK-7d248b7a0ff69243
402,batch_11,E2CHK-054997137de82f7b
403,batch_11,E2CHK-f250711cbe52f65d
404,batch_11,E2CHK-eb0ee62af8e53b67
405,batch_11,E2CHK-3d5311484beff83b
406,batch_11,E2CHK-b6465997d25b9ad1
407,batch_11,E2CHK-b95d1a1455ae1d9c
408,batch_11,E2CHK-8a0a66af1210f721
409,batch_11,E2CHK-abd2f287f4fb05a2
410,batch_11,E2CHK-513c52760f4b57ab
411,batch_11,E2CHK-91128403425f3226
412,batch_11,E2CHK-47cc76dfb9a3c32a
413,batch_11,E2CHK-467320dd59f87847
414,batch_11,E2CHK-c7d6eab1006311ed
415,batch_11,E2CHK-ec221a30668ec7eb
416,batch_11,E2CHK-7e99ae13aba40039
417,batch_11,E2CHK-8b3bac8422ef1b11
418,batch_11,E2CHK-8a96bf6a3dd6c8af
419,batch_11,E2CHK-f473fa26a849163c
420,batch_11,E2CHK-8e725fe3f8f457ac
421,batch_11,E2CHK-572b9bcdc6974b67
422,batch_11,E2CHK-6e273e7fca87de2c
423,batch_11,E2CHK-9df306a8ee4ef6a4
424,batch_11,E2CHK-77ae5a3574840b81
425,batch_11,E2CHK-15db6e305205f638
426,batch_11,E2CHK-089c290420f4276a
427,batch_11,E2CHK-06aa17d41bd8951e
428,batch_11,E2CHK-76020604051d6b67
429,batch_11,E2CHK-01a091dac41c8ca4
430,batch_11,E2CHK-453d033a0c30650c
431,batch_11,E2CHK-c463b8e0e81caed9
432,batch_11,E2CHK-26745b5e49168f8f
433,batch_11,E2CHK-22ecc8db74085e3c
434,batch_11,E2CHK-d50bea6ae29510b8
435,batch_11,E2CHK-35cde1d3b4a84a48
436,batch_11,E2CHK-904fd36b7c6cda4a
437,batch_11,E2CHK-fdb7717f3a7c4df3
438,batch_11,E2CHK-2e0ce7c958667fd1
439,batch_11,E2CHK-3bbad561a9feafeb
440,batch_11,E2CHK-836ba628a6896314
441,batch_12,E2CHK-c6893f9e957dd08d
442,batch_12,E2CHK-3b55035eed37c009
443,batch_12,E2CHK-cecfe507af285466
444,batch_12,E2CHK-5ac9a7d1fa6700ad
445,batch_12,E2CHK-e8aae4c51cc7fb94
446,batch_12,E2CHK-a161581d1b1b04b2
447,batch_12,E2CHK-ed2706dfa61b52d9
448,batch_12,E2CHK-5aa7b1784a23960d
449,batch_12,E2CHK-153830b1cef2ff55
450,batch_12,E2CHK-2d90e2ccfe435d5c
451,batch_12,E2CHK-5dd07d9442b36942
452,batch_12,E2CHK-3c7fd18aaab7c7df
453,batch_12,E2CHK-b577f0e5e2ba7e9b
454,batch_12,E2CHK-fbfd259e6cd4a189
455,batch_12,E2CHK-9347d369054a29cc
456,batch_12,E2CHK-aededc1f02afd26d
457,batch_12,E2CHK-dc843d3a2623c573
458,batch_12,E2CHK-7b8487a0ae0f267d
459,batch_12,E2CHK-e554766755f75667
460,batch_12,E2CHK-8cd03e16acd39846
461,batch_12,E2CHK-f99b9542b58ebf7a
462,batch_12,E2CHK-c2811f3c825e7eb2
463,batch_12,E2CHK-2c90cf4ecfc18a2c
464,batch_12,E2CHK-b2e00fa4731541aa
465,batch_12,E2CHK-c6c7fad5d331f8a0
466,batch_12,E2CHK-cb2a41379789f3af
467,batch_12,E2CHK-abd698aac02b2ae8
468,batch_12,E2CHK-9eb79b6b9ed12833
469,batch_12,E2CHK-c4264ab9f3cf8e59
470,batch_12,E2CHK-3eb3f6cfec783dba
471,batch_12,E2CHK-57aced8928bd9a1d
472,batch_12,E2CHK-e1d332ecd68c19f5
473,batch_12,E2CHK-22f9206e6562326a
474,batch_12,E2CHK-682e7a65b1a2464d
475,batch_12,E2CHK-15bf587b7cca72e6
476,batch_12,E2CHK-9cf41ac3a9678062
477,batch_12,E2CHK-51bef9dd170a47a7
478,batch_12,E2CHK-74ce7b78ae9042b5
479,batch_12,E2CHK-d76995aaf3db0c47
480,batch_12,E2CHK-1e67c55d53778851
481,batch_13,E2CHK-d829f55ca8f37d7b
482,batch_13,E2CHK-80517001894518ed
483,batch_13,E2CHK-77d05055cdf09936
484,batch_13,E2CHK-cc5d2223bb5c7434
485,batch_13,E2CHK-13ac74e3f24918cf
486,batch_13,E2CHK-051f807ab7340029
487,batch_13,E2CHK-2b7216aa44bdef4a
488,batch_13,E2CHK-ce249c623371ab45
489,batch_13,E2CHK-5d92515d9b56cd6f
490,batch_13,E2CHK-f8c72ef20e9f47e5
491,batch_13,E2CHK-3a5f0a4b59768397
492,batch_13,E2CHK-d36b7ebe315b5249
493,batch_13,E2CHK-62aed2d9df1dab81
494,batch_13,E2CHK-ce124a805a8a90ac
495,batch_13,E2CHK-0e3ff17a9876d1b2
496,batch_13,E2CHK-ca351fee70f42ff4
497,batch_13,E2CHK-fdc144152bb9692f
498,batch_13,E2CHK-1f23ec86898ef77d
499,batch_13,E2CHK-d3ed4b842ec0082c
500,batch_13,E2CHK-2436649c4242e5a7
501,batch_13,E2CHK-b7915473737b6825
502,batch_13,E2CHK-30362d4945bdde07
503,batch_13,E2CHK-0bd15809fde55c9f
504,batch_13,E2CHK-0b4cbf6fefa46b1e
505,batch_13,E2CHK-55f3c41cbc0c40c4
506,batch_13,E2CHK-e6e052bda541c8cd
507,batch_13,E2CHK-4f560e57c0051a11
508,batch_13,E2CHK-658a9ac193f51aec
509,batch_13,E2CHK-52fa7e87bf812c16
510,batch_13,E2CHK-2d6fc9a160857d12
511,batch_13,E2CHK-ce72bb5abc821df6
512,batch_13,E2CHK-4fa532d3a2d17f1e
513,batch_13,E2CHK-cd70cef40486e00d
514,batch_13,E2CHK-0d2fcecfba4443e1
515,batch_13,E2CHK-e2b50bc7b83e55e1
516,batch_13,E2CHK-f7fab9fd23872ef2
517,batch_13,E2CHK-993aebfd867560b5
518,batch_13,E2CHK-95735ebb8e759307
519,batch_13,E2CHK-2066076789fd74d5
520,batch_13,E2CHK-3f35dadfb12041e2
521,batch_14,E2CHK-4f5e27f7fdc80654
522,batch_14,E2CHK-373ad9d2105f676c
523,batch_14,E2CHK-1dc28f80d6be3058
524,batch_14,E2CHK-e9eb3b68f3b42be6
525,batch_14,E2CHK-1e2619c28f2f551f
526,batch_14,E2CHK-b9201930e2c6eb33
527,batch_14,E2CHK-0151324a9c0e2bba
528,batch_14,E2CHK-67a82ff15c983117
529,batch_14,E2CHK-3bfb0ec599a78a4a
530,batch_14,E2CHK-1e231bbaae6e73fa
531,batch_14,E2CHK-576b4d2140d86cd6
532,batch_14,E2CHK-4706064f85923070
533,batch_14,E2CHK-04cc445a0f58ac07
534,batch_14,E2CHK-ce6eac4707573983
535,batch_14,E2CHK-cd7baf5cae71f612
536,batch_14,E2CHK-0511b5cde4fac95e
537,batch_14,E2CHK-3ea345cfc589396c
538,batch_14,E2CHK-dd92779b64084e68
539,batch_14,E2CHK-499418da7a0cc909
540,batch_14,E2CHK-2c02dec5b1bb6696
541,batch_14,E2CHK-8450fe31f7053112
542,batch_14,E2CHK-b456c292a28d4fb8
543,batch_14,E2CHK-2c5ff50972df0440
544,batch_14,E2CHK-e19a32a3cb00e8f9
545,batch_14,E2CHK-f06ad5ad94e40c95
546,batch_14,E2CHK-881ca5c9182d3a82
547,batch_14,E2CHK-2b605524d2f16bea
548,batch_14,E2CHK-4ff73ff61f02a105
549,batch_14,E2CHK-7f49f7c526083241
550,batch_14,E2CHK-325c3faffcdd9a7f
551,batch_14,E2CHK-60a9d30eda3fba96
552,batch_14,E2CHK-18c02bafee64fdfe
553,batch_14,E2CHK-be9cc9732d981b4e
554,batch_14,E2CHK-217a3455ffbbeb82
555,batch_14,E2CHK-5d00bc88cd98b761
556,batch_14,E2CHK-d547ce5ba2d65450
557,batch_14,E2CHK-4f12651a09de0b85
558,batch_14,E2CHK-6e9fffee086307d1
559,batch_14,E2CHK-2e806ececa6a76a3
560,batch_14,E2CHK-881ec176e727b919
561,batch_15,E2CHK-7ae98f76f805239a
562,batch_15,E2CHK-d5ccec4276df1c4e
563,batch_15,E2CHK-200ad84cdaebbf04
564,batch_15,E2CHK-4f259a30da9e1084
565,batch_15,E2CHK-945c77855269495a
566,batch_15,E2CHK-cbb9da8be4757a0c
567,batch_15,E2CHK-01f938193ec0c29a
568,batch_15,E2CHK-6a7987db7eb55fac
569,batch_15,E2CHK-6b132b3219f72f17
570,batch_15,E2CHK-d2383b7fdaba3894
571,batch_15,E2CHK-5444ca8574726e44
572,batch_15,E2CHK-16945c1850fb826e
573,batch_15,E2CHK-e0da585f7f4710f9
574,batch_15,E2CHK-e230c4d51fc42ccd
575,batch_15,E2CHK-f1b85b95d5d61041
576,batch_15,E2CHK-e45e9cdca77850ee
577,batch_15,E2CHK-e83deb713d8c9f5b
578,batch_15,E2CHK-d4da76e5274c7ff2
579,batch_15,E2CHK-57fcec50ebcdeb2d
580,batch_15,E2CHK-5712e6777412f816
