rank,batch,arm,chunk_id,section_type,home_sector,home_cik,home_company_name,home_filing_date,word_count,n_source_filings,in_member_spell,home_extraction_status,home_extraction_confidence,passage_was_head_truncated,train_overlap,selfid
1,batch_01,P,E2CHK-e95cce1305be9672,MDA,healthcare,927653,MCKESSON CORP,2024-11-07,388,2,False,OK,high,False,False,True
2,batch_01,P,E2CHK-d362e4ca7a577757,EX99_PRESS_RELEASE,consumer,109198,TJX COMPANIES INC /DE/,2020-11-18,363,1,False,OK,high,False,False,True
3,batch_01,P,E2CHK-956c6b9f57e2ead4,MDA,energy,1276187,Energy Transfer LP,2022-11-03,359,1,True,OK,high,False,False,False
4,batch_01,P,E2CHK-b1b149916bf054c3,EX99_PRESS_RELEASE,healthcare,872589,"REGENERON PHARMACEUTICALS, INC.",2015-08-04,480,8,False,OK,high,False,False,True
5,batch_01,P,E2CHK-9a698d7841cf38e1,EX99_PRESS_RELEASE,consumer,21344,COCA COLA CO,2016-10-26,364,1,True,OK,high,False,False,True
6,batch_01,G-N,E2CHK-929886d5e0ebd1c7,EX99_PRESS_RELEASE,financials,36104,US BANCORP \DE\,2023-07-19,396,1,True,OK,high,False,False,False
7,batch_01,P,E2CHK-6cc380482ec83912,RISK_FACTORS,tech,106040,WESTERN DIGITAL CORP,2021-08-27,423,2,False,OK,high,False,False,False
8,batch_01,G-A,E2CHK-cbc20c904f8df8d3,EX99_PRESS_RELEASE,tech,896878,INTUIT INC.,2018-05-22,381,1,True,OK,high,False,False,True
9,batch_01,P,E2CHK-dca07e8a0cfcc7fc,MDA,energy,1276187,Energy Transfer LP,2022-08-04,368,1,True,OK,high,False,False,False
10,batch_01,P,E2CHK-b2b6e598b970440d,MDA,healthcare,816284,CELGENE CORP /DE/,2016-05-03,375,1,False,OK,high,False,False,False
11,batch_01,G-A,E2CHK-95302e9d5038ecb7,EX99_PRESS_RELEASE,energy,6769,APACHE CORP,2018-05-03,389,1,True,OK,high,False,False,True
12,batch_01,G-A,E2CHK-de71dbbf03a6cb3b,EX99_PRESS_RELEASE,tech,47217,HP INC,2024-05-29,420,1,False,OK,high,False,False,False
13,batch_01,P,E2CHK-0a1e6bc58dcb27b9,EX99_PRESS_RELEASE,healthcare,1682852,"Moderna, Inc.",2021-01-04,406,1,False,FLAGGED,medium,False,False,False
14,batch_01,P,E2CHK-7cf166c90d16c427,MDA,consumer,77476,PEPSICO INC,2022-10-12,367,1,True,OK,high,False,False,True
15,batch_01,P,E2CHK-6e4254f9fdb388cf,MDA,financials,19617,JPMORGAN CHASE & CO,2019-05-02,457,4,True,OK,high,False,False,True
16,batch_01,P,E2CHK-8982301fb0df590d,MDA,financials,1404912,KKR & Co. Inc.,2015-08-07,412,6,False,OK,high,False,False,False
17,batch_01,G-A,E2CHK-3f6dd03f4afc17ac,EX99_PRESS_RELEASE,healthcare,1613103,Medtronic plc,2015-09-03,507,27,False,OK,high,False,False,True
18,batch_01,G-N,E2CHK-15e70797e348a069,EX99_PRESS_RELEASE,tech,47217,HP INC,2019-05-23,381,1,True,OK,high,False,False,False
19,batch_01,P,E2CHK-0ce0f271a0db498d,EX99_PRESS_RELEASE,healthcare,885725,BOSTON SCIENTIFIC CORP,2016-10-26,393,1,False,OK,high,False,False,False
20,batch_01,G-N,E2CHK-9139331d59f2a3fc,EX99_PRESS_RELEASE,healthcare,78003,PFIZER INC,2023-10-31,382,2,True,FLAGGED,medium,False,True,True
21,batch_01,P,E2CHK-89e59fcfd1838f56,MDA,tech,47217,HP INC,2019-12-12,374,1,True,OK,high,False,False,False
22,batch_01,P,E2CHK-c767fe89c45aa50e,MDA,financials,315293,Aon plc,2021-02-19,376,1,False,OK,high,False,False,False
23,batch_01,P,E2CHK-2d804a444b2f09ff,MDA,energy,1163165,CONOCOPHILLIPS,2018-10-30,422,1,True,OK,high,False,False,True
24,batch_01,G-A,E2CHK-9ed330a5a63136c9,EX99_PRESS_RELEASE,financials,798354,FISERV INC,2020-08-05,387,1,False,OK,high,False,False,True
25,batch_01,P,E2CHK-d1fd9daf1bcbb960,EX99_PRESS_RELEASE,consumer,1091667,"CHARTER COMMUNICATIONS, INC. /MO/",2020-07-31,404,1,True,OK,high,False,False,True
26,batch_01,P,E2CHK-e4e6078c39f54dcb,MDA,tech,1108524,"Salesforce, Inc.",2022-08-25,377,1,True,OK,high,False,False,False
27,batch_01,G-A,E2CHK-195c4f302b0636bf,EX99_PRESS_RELEASE,tech,47217,HP INC,2026-02-24,372,1,False,FLAGGED,medium,False,False,False
28,batch_01,G-N,E2CHK-3063008745090369,EX99_PRESS_RELEASE,healthcare,310158,"Merck & Co., Inc.",2023-04-27,404,1,True,OK,high,False,False,False
29,batch_01,P,E2CHK-35bc809ea7b329f2,MDA,tech,1645590,Hewlett Packard Enterprise Co,2017-09-07,441,1,False,OK,high,False,False,False
30,batch_01,P,E2CHK-57f1f5e507653634,MDA,tech,1108524,"Salesforce, Inc.",2018-05-31,397,1,True,OK,high,False,False,False
31,batch_01,P,E2CHK-b43feaec8f15b532,EX99_PRESS_RELEASE,financials,36104,US BANCORP \DE\,2016-10-19,367,1,True,OK,high,False,False,True
32,batch_01,G-N,E2CHK-b59a71de64bc8dd2,EX99_PRESS_RELEASE,healthcare,882095,"GILEAD SCIENCES, INC.",2019-02-04,368,1,True,OK,high,False,False,True
33,batch_01,G-A,E2CHK-329aeb2738643931,EX99_PRESS_RELEASE,energy,33213,EQT Corp,2021-05-05,387,1,False,OK,high,False,False,False
34,batch_01,P,E2CHK-dd1e072a90628a46,MDA,healthcare,872589,"REGENERON PHARMACEUTICALS, INC.",2018-05-03,380,33,True,OK,high,False,False,True
35,batch_01,P,E2CHK-dfb41597a10fbecc,EX99_PRESS_RELEASE,tech,1341439,ORACLE CORP,2023-09-11,368,4,True,OK,high,False,False,True
36,batch_01,P,E2CHK-33721641585dfae7,MDA,financials,19617,JPMORGAN CHASE & CO,2025-02-14,373,2,True,OK,medium,False,True,True
37,batch_01,P,E2CHK-acfd0b27f95008e6,RISK_FACTORS,financials,86312,"TRAVELERS COMPANIES, INC.",2022-02-17,363,2,False,OK,high,False,False,False
38,batch_01,P,E2CHK-4ae73e0d138c26d6,EX99_PRESS_RELEASE,energy,1061219,ENTERPRISE PRODUCTS PARTNERS L.P.,2019-07-31,399,2,True,OK,high,False,False,True
39,batch_01,G-A,E2CHK-0d399f1a44b9ff50,EX99_PRESS_RELEASE,consumer,354950,"HOME DEPOT, INC.",2020-05-19,365,1,True,OK,high,False,False,True
40,batch_01,P,E2CHK-b07a012e3e8ea9d9,EX99_PRESS_RELEASE,financials,19617,JPMORGAN CHASE & CO,2022-04-13,432,3,True,OK,high,False,False,False
41,batch_02,P,E2CHK-172fa46a881240b8,MDA,healthcare,731766,UNITEDHEALTH GROUP INC,2023-05-03,679,3,True,OK,high,False,True,False
42,batch_02,P,E2CHK-29ac271263df3df6,RISK_FACTORS,financials,1099590,MERCADOLIBRE INC,2017-02-24,374,1,False,FLAGGED,low,False,False,True
43,batch_02,P,E2CHK-4a09f1e27e3728d1,MDA,energy,1539838,"Diamondback Energy, Inc.",2020-05-08,390,1,False,OK,high,False,False,False
44,batch_02,P,E2CHK-53c7e256395f4d8f,MDA,financials,86312,"TRAVELERS COMPANIES, INC.",2025-04-16,367,6,False,OK,high,False,False,True
45,batch_02,P,E2CHK-bcbc336fcdc592a8,MDA,tech,1596532,"Arista Networks, Inc.",2018-08-08,391,1,False,OK,high,False,False,False
46,batch_02,P,E2CHK-88e6b4cd70890339,RISK_FACTORS,tech,1564408,Snap Inc,2023-07-26,370,2,False,OK,high,False,False,True
47,batch_02,P,E2CHK-fefe96f00b0ea62b,EX99_PRESS_RELEASE,healthcare,310764,STRYKER CORP,2020-04-30,411,12,True,OK,high,False,False,False
48,batch_02,G-A,E2CHK-87f57fbbc1cc2552,EX99_PRESS_RELEASE,healthcare,1555280,Zoetis Inc.,2020-08-06,359,2,True,OK,high,False,False,True
49,batch_02,P,E2CHK-47b59f02a9d04e58,RISK_FACTORS,tech,1564408,Snap Inc,2019-02-06,495,11,False,OK,high,False,False,True
50,batch_02,P,E2CHK-393f0304159e7889,MDA,consumer,60667,LOWES COMPANIES INC,2019-04-02,366,1,False,OK,high,False,False,False
51,batch_02,P,E2CHK-3a0b7583ac8b8576,MDA,consumer,829224,STARBUCKS CORP,2022-02-01,385,1,True,OK,high,False,False,True
52,batch_02,P,E2CHK-e3275402293c7fcd,MDA,tech,1108524,"Salesforce, Inc.",2023-11-30,974,1,True,OK,high,False,False,False
53,batch_02,G-A,E2CHK-48fb63493724f20b,EX99_PRESS_RELEASE,tech,1058290,COGNIZANT TECHNOLOGY SOLUTIONS CORP,2025-10-29,366,3,False,OK,high,False,False,False
54,batch_02,P,E2CHK-abdb9939c188bdd9,MDA,financials,1404912,KKR & Co. Inc.,2015-11-05,462,6,False,OK,high,False,False,False
55,batch_02,P,E2CHK-1590b0e6ab37b7ec,EX99_PRESS_RELEASE,consumer,1001250,ESTEE LAUDER COMPANIES INC,2017-05-03,417,1,False,OK,high,False,False,False
56,batch_02,G-N,E2CHK-00117e52ac2439f5,EX99_PRESS_RELEASE,consumer,31462,ECOLAB INC.,2016-05-03,379,1,False,OK,high,False,False,False
57,batch_02,P,E2CHK-f81e3b8d6f822db5,MDA,financials,1633917,"PayPal Holdings, Inc.",2019-02-07,448,4,True,OK,high,False,False,True
58,batch_02,P,E2CHK-201551dd7e7402f9,MDA,financials,886982,GOLDMAN SACHS GROUP INC,2019-02-26,363,2,True,OK,high,False,False,False
59,batch_02,P,E2CHK-c139014881563565,EX99_PRESS_RELEASE,financials,86312,"TRAVELERS COMPANIES, INC.",2026-01-21,377,1,False,OK,high,False,False,False
60,batch_02,P,E2CHK-449091ac3604b0b8,MDA,financials,886982,GOLDMAN SACHS GROUP INC,2024-05-03,355,4,True,OK,high,False,True,False
61,batch_02,P,E2CHK-0bb11031c6b11b44,EX99_PRESS_RELEASE,tech,1652044,Alphabet Inc.,2025-07-23,375,1,True,OK,high,False,True,True
62,batch_02,G-A,E2CHK-d9f61da52aae4de1,EX99_PRESS_RELEASE,healthcare,310158,"Merck & Co., Inc.",2022-04-28,387,1,True,FLAGGED,medium,False,False,True
63,batch_02,P,E2CHK-3740473cb4963ab2,EX99_PRESS_RELEASE,financials,315293,Aon plc,2023-07-28,357,1,False,OK,high,False,False,True
64,batch_02,P,E2CHK-2a22fec2e02a07c5,MDA,financials,1633917,"PayPal Holdings, Inc.",2022-02-03,388,5,True,OK,high,False,False,False
65,batch_02,G-N,E2CHK-3d8d81d5cbe61eea,EX99_PRESS_RELEASE,financials,86312,"TRAVELERS COMPANIES, INC.",2025-07-17,401,2,False,OK,high,False,False,False
66,batch_02,P,E2CHK-7135ee2f5472798a,RISK_FACTORS,tech,789019,MICROSOFT CORP,2019-04-24,356,6,True,OK,high,False,True,False
67,batch_02,G-A,E2CHK-f03ac52ac0c52612,EX99_PRESS_RELEASE,consumer,63908,MCDONALDS CORP,2020-04-30,354,1,True,FLAGGED,medium,False,False,False
68,batch_02,P,E2CHK-da79ee3a68b6f33b,RISK_FACTORS,financials,927628,CAPITAL ONE FINANCIAL CORP,2026-02-19,397,1,False,OK,high,False,False,True
69,batch_02,P,E2CHK-5a146f06e6a88b39,MDA,tech,1326801,"Meta Platforms, Inc.",2018-07-26,425,6,True,OK,high,False,False,False
70,batch_02,G-N,E2CHK-abb5c701902a9312,EX99_PRESS_RELEASE,financials,70858,BANK OF AMERICA CORP /DE/,2023-01-13,526,1,True,OK,high,False,False,True
71,batch_02,G-N,E2CHK-3d88cb8be0efa81b,EX99_PRESS_RELEASE,financials,1543151,"Uber Technologies, Inc",2024-10-31,354,1,True,OK,high,False,False,True
72,batch_02,P,E2CHK-edf87b2927bbfe56,EX99_PRESS_RELEASE,financials,1393818,Blackstone Inc.,2023-10-19,365,1,False,OK,high,True,False,False
73,batch_02,P,E2CHK-afff31715a26e99a,EX99_PRESS_RELEASE,energy,1373835,Spectra Energy Corp.,2016-02-03,391,1,False,OK,high,False,False,False
74,batch_02,P,E2CHK-77c46216c8b8d81c,MDA,financials,713676,"PNC FINANCIAL SERVICES GROUP, INC.",2015-11-05,376,1,False,FLAGGED,medium,False,False,True
75,batch_02,P,E2CHK-14fd6824e0d8dca2,MDA,consumer,63908,MCDONALDS CORP,2015-11-04,363,15,False,OK,high,False,False,False
76,batch_02,P,E2CHK-f9432f5f81cbaf38,RISK_FACTORS,consumer,89800,SHERWIN WILLIAMS CO,2022-02-17,446,1,False,OK,high,False,False,False
77,batch_02,P,E2CHK-54bfd57dab0bd838,EX99_PRESS_RELEASE,tech,804328,QUALCOMM INC/DE,2019-07-31,367,1,True,FLAGGED,medium,False,False,False
78,batch_02,G-A,E2CHK-1cd95351e98782f0,EX99_PRESS_RELEASE,consumer,37996,FORD MOTOR CO,2018-04-25,390,1,False,FLAGGED,medium,False,False,True
79,batch_02,P,E2CHK-9e741f22d43db9dc,MDA,financials,1099219,METLIFE INC,2018-03-01,362,1,True,OK,high,False,False,False
80,batch_02,G-N,E2CHK-bca3b03f7b2bff0c,EX99_PRESS_RELEASE,consumer,1103982,"Mondelez International, Inc.",2018-10-29,374,1,True,OK,high,False,False,False
81,batch_03,P,E2CHK-029cacf977677928,MDA,healthcare,1682852,"Moderna, Inc.",2019-05-09,404,2,False,FLAGGED,medium,False,False,True
82,batch_03,G-A,E2CHK-179659419a317bb8,EX99_PRESS_RELEASE,healthcare,59478,ELI LILLY & Co,2021-12-15,399,1,True,FLAGGED,medium,False,False,True
83,batch_03,P,E2CHK-2242ad1a4dcf8dc6,MDA,tech,712515,ELECTRONIC ARTS INC.,2021-05-26,135,1,True,OK,high,False,False,False
84,batch_03,G-A,E2CHK-e8130f4d89611677,EX99_PRESS_RELEASE,tech,1108524,"Salesforce, Inc.",2021-05-27,401,1,True,OK,high,False,False,False
85,batch_03,P,E2CHK-0ff998b6c50a9346,RISK_FACTORS,healthcare,872589,"REGENERON PHARMACEUTICALS, INC.",2021-11-04,407,2,True,OK,high,False,False,False
86,batch_03,G-A,E2CHK-0138602f200d6bcb,EX99_PRESS_RELEASE,energy,87347,SLB LIMITED/NV,2025-07-18,363,1,True,OK,high,False,False,True
87,batch_03,P,E2CHK-73e3779070c4708b,MDA,financials,1067983,BERKSHIRE HATHAWAY INC,2024-05-06,405,4,True,OK,high,False,False,True
88,batch_03,G-A,E2CHK-3f14cf282cf504e8,EX99_PRESS_RELEASE,tech,8670,AUTOMATIC DATA PROCESSING INC,2025-04-30,415,1,True,OK,high,False,False,False
89,batch_03,P,E2CHK-ede5e91ded28ccec,EX99_PRESS_RELEASE,healthcare,318154,AMGEN INC,2021-04-27,385,2,True,OK,high,False,False,False
90,batch_03,G-A,E2CHK-2c560e160d8cc5fa,EX99_PRESS_RELEASE,consumer,829224,STARBUCKS CORP,2018-04-26,365,1,True,OK,high,False,False,True
91,batch_03,P,E2CHK-ce81df3c1d189fa0,MDA,consumer,31462,ECOLAB INC.,2020-02-28,356,1,False,FLAGGED,low,False,False,True
92,batch_03,G-A,E2CHK-550b26b892978c38,EX99_PRESS_RELEASE,healthcare,10795,BECTON DICKINSON & CO,2026-08-06,356,1,False,OK,high,False,False,True
93,batch_03,P,E2CHK-b5938d5890004829,EX99_PRESS_RELEASE,energy,1061219,ENTERPRISE PRODUCTS PARTNERS L.P.,2023-02-01,365,1,True,OK,high,False,False,True
94,batch_03,P,E2CHK-455a18a01debc20e,MDA,financials,19617,JPMORGAN CHASE & CO,2018-10-31,376,1,True,OK,high,False,False,True
95,batch_03,G-N,E2CHK-981150c4aaf1bb55,EX99_PRESS_RELEASE,consumer,77476,PEPSICO INC,2025-04-24,386,1,True,OK,high,False,False,True
96,batch_03,P,E2CHK-0a490c61fd366acd,MDA,financials,19617,JPMORGAN CHASE & CO,2024-10-30,366,1,True,OK,high,False,True,False
97,batch_03,P,E2CHK-7c64c6fdd613a5c7,MDA,financials,1099219,METLIFE INC,2019-05-08,358,1,True,OK,high,False,False,False
98,batch_03,P,E2CHK-4028f289789d161f,MDA,tech,896878,INTUIT INC.,2019-08-30,441,1,True,OK,high,False,False,True
99,batch_03,P,E2CHK-5dd027bd6846ceea,EX99_PRESS_RELEASE,tech,1045810,NVIDIA CORP,2017-02-09,372,1,False,OK,high,False,False,True
100,batch_03,G-A,E2CHK-49aba42cc836f768,EX99_PRESS_RELEASE,tech,1645590,Hewlett Packard Enterprise Co,2020-05-21,532,1,False,OK,high,False,False,True
101,batch_03,P,E2CHK-06c24ba30f05e054,EX99_PRESS_RELEASE,tech,849399,Gen Digital Inc.,2023-11-07,366,1,False,OK,high,False,False,True
102,batch_03,P,E2CHK-7cec415877164dcc,EX99_PRESS_RELEASE,healthcare,59478,ELI LILLY & Co,2022-04-28,377,4,True,FLAGGED,medium,False,False,False
103,batch_03,G-N,E2CHK-48d213746b0714d9,EX99_PRESS_RELEASE,consumer,1001250,ESTEE LAUDER COMPANIES INC,2020-08-20,438,2,False,OK,high,False,False,False
104,batch_03,G-A,E2CHK-6696be4c00546807,EX99_PRESS_RELEASE,healthcare,885725,BOSTON SCIENTIFIC CORP,2020-01-14,368,1,True,FLAGGED,medium,False,False,False
105,batch_03,P,E2CHK-ebf630ae3d0d7af0,EX99_PRESS_RELEASE,healthcare,1156039,"Elevance Health, Inc.",2025-04-22,384,1,True,FLAGGED,medium,False,False,False
106,batch_03,P,E2CHK-2d7441c53c60f4c0,RISK_FACTORS,consumer,27419,TARGET CORP,2019-03-13,403,3,False,OK,high,False,False,True
107,batch_03,P,E2CHK-c977a4bb6d59c876,MDA,financials,1137774,PRUDENTIAL FINANCIAL INC,2017-05-05,363,1,True,OK,high,False,False,True
108,batch_03,P,E2CHK-f6a23b28398da366,MDA,financials,19617,JPMORGAN CHASE & CO,2021-08-02,394,1,True,OK,high,False,False,False
109,batch_03,P,E2CHK-bb7411e77a7defc8,MDA,tech,1596532,"Arista Networks, Inc.",2021-08-03,396,2,False,OK,high,False,False,False
110,batch_03,G-A,E2CHK-fe194dd32c53c66e,EX99_PRESS_RELEASE,energy,107263,"WILLIAMS COMPANIES, INC.",2021-05-03,389,1,True,OK,high,False,False,True
111,batch_03,G-A,E2CHK-d04e735f336c15ab,EX99_PRESS_RELEASE,consumer,1618921,"Walgreens Boots Alliance, Inc.",2025-06-26,391,1,False,FLAGGED,medium,False,False,False
112,batch_03,G-N,E2CHK-b40217ffa63a7cc5,EX99_PRESS_RELEASE,healthcare,875320,VERTEX PHARMACEUTICALS INC / MA,2017-04-27,382,1,False,OK,high,False,False,False
113,batch_03,P,E2CHK-dda4c12bfebdaf25,MDA,energy,34088,EXXON MOBIL CORP,2025-02-19,406,1,True,OK,medium,False,True,True
114,batch_03,P,E2CHK-bc8f68735967cd5a,MDA,financials,1099219,METLIFE INC,2018-08-07,364,14,True,OK,high,False,False,True
115,batch_03,P,E2CHK-9d439514c919670f,EX99_PRESS_RELEASE,financials,72971,WELLS FARGO & COMPANY/MN,2018-07-13,380,1,True,OK,high,False,False,True
116,batch_03,G-A,E2CHK-0d980c1e7832cb26,EX99_PRESS_RELEASE,healthcare,875320,VERTEX PHARMACEUTICALS INC / MA,2026-02-12,405,2,True,OK,high,False,False,True
117,batch_03,P,E2CHK-040942506845bb80,EX99_PRESS_RELEASE,tech,97476,TEXAS INSTRUMENTS INC,2019-10-22,141,2,True,FLAGGED,medium,False,False,False
118,batch_03,P,E2CHK-3908a11bb590546a,MDA,healthcare,927653,MCKESSON CORP,2015-10-29,442,2,False,OK,high,False,False,True
119,batch_03,P,E2CHK-1cf736b21f979401,EX99_PRESS_RELEASE,consumer,1413329,Philip Morris International Inc.,2022-04-21,391,1,True,OK,high,False,False,False
120,batch_03,G-N,E2CHK-19cbfdfda539b797,EX99_PRESS_RELEASE,energy,1552000,MPLX LP,2017-04-27,351,1,False,FLAGGED,medium,False,False,True
121,batch_04,P,E2CHK-19ad521422007e91,RISK_FACTORS,tech,813672,CADENCE DESIGN SYSTEMS INC,2015-07-27,414,229,False,OK,high,False,True,False
122,batch_04,P,E2CHK-a225b4072d490e6c,MDA,healthcare,875045,BIOGEN INC.,2025-05-01,359,3,False,OK,high,False,False,False
123,batch_04,P,E2CHK-1b61fb852a9073cf,RISK_FACTORS,financials,1099590,MERCADOLIBRE INC,2025-02-21,420,2,False,OK,high,False,False,False
124,batch_04,P,E2CHK-bc038b02a2c83033,EX99_PRESS_RELEASE,financials,1099590,MERCADOLIBRE INC,2025-02-20,739,1,False,OK,high,False,False,True
125,batch_04,P,E2CHK-5d8161de3b3f9c3b,MDA,financials,927628,CAPITAL ONE FINANCIAL CORP,2025-05-07,360,3,False,OK,high,False,False,True
126,batch_04,G-N,E2CHK-a9f86731756ad5f6,EX99_PRESS_RELEASE,consumer,104169,Walmart Inc.,2023-11-16,369,1,True,OK,high,False,True,True
127,batch_04,P,E2CHK-0e5a3607c3c9800c,RISK_FACTORS,energy,1038357,PIONEER NATURAL RESOURCES CO,2022-02-22,400,2,True,OK,high,False,False,True
128,batch_04,G-A,E2CHK-53e99d12cc4a1b19,EX99_PRESS_RELEASE,energy,1039684,ONEOK INC /NEW/,2017-10-31,360,1,False,OK,high,False,False,True
129,batch_04,P,E2CHK-31b8211bed9cfbbd,MDA,healthcare,310764,STRYKER CORP,2026-02-11,354,1,True,OK,high,False,False,False
130,batch_04,G-N,E2CHK-4cdb7b3bd5bdbf68,EX99_PRESS_RELEASE,financials,70858,BANK OF AMERICA CORP /DE/,2020-10-14,541,1,True,OK,high,True,False,True
131,batch_04,P,E2CHK-af6972d4c50c8ae4,RISK_FACTORS,healthcare,200406,JOHNSON & JOHNSON,2017-02-27,398,4,True,OK,high,False,False,False
132,batch_04,P,E2CHK-dd331ef2080052ca,RISK_FACTORS,healthcare,14272,BRISTOL MYERS SQUIBB CO,2021-02-10,402,1,True,OK,high,False,False,False
133,batch_04,P,E2CHK-ecd2ca41b77ee42f,EX99_PRESS_RELEASE,financials,19617,JPMORGAN CHASE & CO,2021-07-13,173,1,True,OK,high,False,False,True
134,batch_04,G-N,E2CHK-a57195ed78f3ce4a,EX99_PRESS_RELEASE,energy,1276187,Energy Transfer LP,2020-05-11,387,2,False,FLAGGED,medium,False,False,False
135,batch_04,P,E2CHK-6f6b16b9fef5ebe1,EX99_PRESS_RELEASE,tech,1418091,"TWITTER, INC.",2019-10-24,400,1,True,OK,high,False,False,False
136,batch_04,P,E2CHK-612ed6e9da9b6228,MDA,financials,1156375,CME GROUP INC.,2026-02-26,382,1,True,OK,high,False,False,False
137,batch_04,G-A,E2CHK-590c3420f7ec83ae,EX99_PRESS_RELEASE,consumer,1618921,"Walgreens Boots Alliance, Inc.",2022-10-13,363,1,False,FLAGGED,medium,False,False,True
138,batch_04,G-A,E2CHK-2dcd9a2066668174,EX99_PRESS_RELEASE,tech,1326801,"Meta Platforms, Inc.",2021-01-27,504,4,True,OK,high,False,False,False
139,batch_04,P,E2CHK-6d6cbe1c97c42ece,MDA,financials,92230,TRUIST FINANCIAL CORP,2016-04-29,362,6,False,OK,high,False,False,False
140,batch_04,P,E2CHK-c089f2181e437662,MDA,financials,5272,"AMERICAN INTERNATIONAL GROUP, INC.",2022-11-02,358,1,False,OK,high,False,False,False
141,batch_04,G-A,E2CHK-77f9908e5dafd434,EX99_PRESS_RELEASE,tech,1645590,Hewlett Packard Enterprise Co,2021-06-01,353,1,False,OK,high,False,False,True
142,batch_04,P,E2CHK-449e8722b0f09e0f,RISK_FACTORS,tech,2488,ADVANCED MICRO DEVICES INC,2022-08-03,420,7,True,OK,high,False,False,False
143,batch_04,P,E2CHK-c27d0b89e44af924,EX99_PRESS_RELEASE,tech,47217,HP INC,2019-08-22,377,1,True,OK,high,False,False,False
144,batch_04,G-A,E2CHK-6dff99229d098d2a,EX99_PRESS_RELEASE,tech,813672,CADENCE DESIGN SYSTEMS INC,2023-07-24,431,1,False,OK,high,False,False,True
145,batch_04,P,E2CHK-dd50b2c4f9f94871,MDA,consumer,109198,TJX COMPANIES INC /DE/,2018-04-04,383,1,True,FLAGGED,low,False,False,True
146,batch_04,P,E2CHK-d97abfc5a21f6bad,MDA,tech,6951,APPLIED MATERIALS INC /DE,2020-05-21,351,1,True,OK,high,False,False,True
147,batch_04,G-A,E2CHK-4b9157b50c939a1c,EX99_PRESS_RELEASE,healthcare,882095,"GILEAD SCIENCES, INC.",2021-01-11,356,1,True,FLAGGED,medium,False,False,True
148,batch_04,P,E2CHK-4fba9689f1451f83,EX99_PRESS_RELEASE,consumer,1103982,"Mondelez International, Inc.",2016-04-27,374,2,False,OK,high,False,False,False
149,batch_04,G-A,E2CHK-35b96df4fe0b07b7,EX99_PRESS_RELEASE,consumer,829224,STARBUCKS CORP,2021-07-27,397,1,True,OK,high,False,False,True
150,batch_04,G-N,E2CHK-f307072f2f01f95c,EX99_PRESS_RELEASE,healthcare,78003,PFIZER INC,2021-05-04,392,2,True,OK,high,False,False,True
151,batch_04,P,E2CHK-7cb0f09c65a20a4d,EX99_PRESS_RELEASE,consumer,109198,TJX COMPANIES INC /DE/,2023-11-15,374,1,False,OK,high,False,False,True
152,batch_04,P,E2CHK-5349d923bae4dbc4,MDA,healthcare,200406,JOHNSON & JOHNSON,2023-02-16,395,1,True,OK,high,False,False,False
153,batch_04,P,E2CHK-764c32ef6b23e214,RISK_FACTORS,tech,849399,Gen Digital Inc.,2025-08-13,401,3,False,OK,high,False,False,True
154,batch_04,P,E2CHK-75e59541bf13eef1,MDA,energy,93410,CHEVRON CORP,2020-02-21,415,1,True,OK,high,False,False,True
155,batch_04,G-N,E2CHK-2683c59700eec6d3,EX99_PRESS_RELEASE,tech,50863,INTEL CORP,2021-01-14,409,1,True,FLAGGED,medium,False,False,True
156,batch_04,G-A,E2CHK-9ad4bde75766e863,EX99_PRESS_RELEASE,healthcare,701221,Cigna Holding Co,2017-11-02,364,1,False,OK,high,False,False,True
157,batch_04,P,E2CHK-edde638aa45bde93,MDA,energy,1039684,ONEOK INC /NEW/,2019-05-01,435,5,True,OK,high,False,False,False
158,batch_04,P,E2CHK-f543a4e7fa46e6a9,EX99_PRESS_RELEASE,healthcare,1800,ABBOTT LABORATORIES,2021-10-20,357,1,True,OK,high,False,False,True
159,batch_04,P,E2CHK-e43b2a29330089de,EX99_PRESS_RELEASE,energy,1539838,"Diamondback Energy, Inc.",2024-02-12,384,1,True,FLAGGED,medium,False,False,False
160,batch_04,P,E2CHK-a88fc19db7efd8fd,RISK_FACTORS,energy,34088,EXXON MOBIL CORP,2019-02-27,370,1,True,FLAGGED,low,False,False,True
161,batch_05,P,E2CHK-c05ee28d8225d0e1,EX99_PRESS_RELEASE,healthcare,318154,AMGEN INC,2020-07-28,367,1,True,OK,high,False,False,True
162,batch_05,P,E2CHK-13ebd9ae899dd431,MDA,financials,1571949,"Intercontinental Exchange, Inc.",2021-04-29,389,15,True,OK,high,False,False,False
163,batch_05,G-N,E2CHK-3274b39619182ca1,EX99_PRESS_RELEASE,tech,718877,"Activision Blizzard, Inc.",2015-11-03,422,1,False,OK,high,False,False,True
164,batch_05,P,E2CHK-13118269fc011a43,MDA,consumer,764180,"ALTRIA GROUP, INC.",2022-02-25,408,1,True,OK,high,False,False,True
165,batch_05,P,E2CHK-8c2d90c779858e69,MDA,financials,1404912,KKR & Co. Inc.,2018-08-03,460,1,False,OK,high,False,False,False
166,batch_05,P,E2CHK-92b5ae844ca9544a,MDA,financials,70858,BANK OF AMERICA CORP /DE/,2021-02-24,420,1,True,OK,high,False,False,True
167,batch_05,G-N,E2CHK-81ff37be2806b9f7,EX99_PRESS_RELEASE,financials,713676,"PNC FINANCIAL SERVICES GROUP, INC.",2017-01-13,353,1,True,FLAGGED,medium,False,False,True
168,batch_05,P,E2CHK-8b4adcb77ee14fc7,EX99_PRESS_RELEASE,consumer,77476,PEPSICO INC,2017-02-15,370,1,True,FLAGGED,medium,False,False,True
169,batch_05,P,E2CHK-dba86b67aed203e7,EX99_PRESS_RELEASE,healthcare,1551152,AbbVie Inc.,2024-10-30,369,1,True,FLAGGED,medium,True,True,True
170,batch_05,P,E2CHK-f5aead7b295a4214,MDA,financials,19617,JPMORGAN CHASE & CO,2015-11-02,385,1,False,OK,high,False,False,False
171,batch_05,P,E2CHK-acddff2c116c5a83,MDA,financials,70858,BANK OF AMERICA CORP /DE/,2021-10-29,431,1,True,FLAGGED,medium,False,False,True
172,batch_05,P,E2CHK-ce05ab29a032e87c,MDA,financials,1393818,Blackstone Inc.,2023-05-05,396,2,False,OK,high,False,False,False
173,batch_05,P,E2CHK-ceb9863fd10544fc,MDA,financials,886982,GOLDMAN SACHS GROUP INC,2025-08-01,358,1,True,OK,high,False,True,True
174,batch_05,P,E2CHK-6adeacfab14b3a04,MDA,consumer,89800,SHERWIN WILLIAMS CO,2026-02-19,394,1,True,OK,high,False,False,False
175,batch_05,G-A,E2CHK-2f6acdcaa4a8e138,EX99_PRESS_RELEASE,consumer,1413329,Philip Morris International Inc.,2022-07-21,415,1,True,OK,high,False,False,False
176,batch_05,P,E2CHK-af98d865cf1fcf87,EX99_PRESS_RELEASE,tech,6951,APPLIED MATERIALS INC /DE,2017-11-16,381,1,True,OK,high,False,False,True
177,batch_05,P,E2CHK-ffa7fb0f06f1083a,EX99_PRESS_RELEASE,energy,1506307,"KINDER MORGAN, INC.",2019-07-17,376,1,True,OK,high,False,False,True
178,batch_05,P,E2CHK-5e3b77980f37a428,MDA,consumer,1001250,ESTEE LAUDER COMPANIES INC,2026-08-19,402,1,False,OK,high,False,False,False
179,batch_05,P,E2CHK-5f1d29616874765b,MDA,energy,797468,OCCIDENTAL PETROLEUM CORP /DE/,2021-02-26,434,5,True,OK,high,False,True,True
180,batch_05,P,E2CHK-0e6ec714c7d46167,EX99_PRESS_RELEASE,financials,80661,PROGRESSIVE CORP/OH/,2020-04-15,402,1,False,FLAGGED,medium,False,False,True
181,batch_05,G-N,E2CHK-a8a44197eba3d453,EX99_PRESS_RELEASE,healthcare,14272,BRISTOL MYERS SQUIBB CO,2023-07-27,358,1,True,OK,high,False,False,False
182,batch_05,P,E2CHK-0a2e1bb1a048802c,RISK_FACTORS,consumer,64803,CVS HEALTH Corp,2022-02-09,152,3,True,OK,high,False,False,False
183,batch_05,P,E2CHK-948020f4453dd89b,EX99_PRESS_RELEASE,tech,804753,CERNER Corp,2020-10-28,365,2,False,OK,high,False,False,True
184,batch_05,P,E2CHK-7afaf199e0e3971d,RISK_FACTORS,tech,1058290,COGNIZANT TECHNOLOGY SOLUTIONS CORP,2017-03-01,429,2,True,OK,high,False,False,False
185,batch_05,P,E2CHK-d86d1e815ab6bd10,EX99_PRESS_RELEASE,consumer,1413329,Philip Morris International Inc.,2021-10-19,372,1,True,OK,high,False,False,False
186,batch_05,P,E2CHK-9342fa8457cfb895,MDA,tech,723125,MICRON TECHNOLOGY INC,2019-10-17,350,1,False,FLAGGED,low,False,False,False
187,batch_05,P,E2CHK-93b76cc89e748627,MDA,energy,93410,CHEVRON CORP,2024-11-07,400,1,True,OK,high,False,True,True
188,batch_05,G-A,E2CHK-cf5aa0cd9c95e4ee,EX99_PRESS_RELEASE,healthcare,59478,ELI LILLY & Co,2021-12-15,373,1,True,FLAGGED,medium,False,False,True
189,batch_05,G-N,E2CHK-36601e12c6b3177a,EX99_PRESS_RELEASE,healthcare,78003,PFIZER INC,2018-05-01,351,3,True,OK,high,False,False,True
190,batch_05,P,E2CHK-98514b8d6cf9814e,MDA,financials,5272,"AMERICAN INTERNATIONAL GROUP, INC.",2018-02-16,379,1,True,OK,high,False,False,False
191,batch_05,G-N,E2CHK-775fa52ea1fa1820,EX99_PRESS_RELEASE,financials,1364742,"BlackRock Finance, Inc.",2019-01-16,369,1,True,FLAGGED,medium,False,False,False
192,batch_05,P,E2CHK-cc4180ed654b42de,MDA,consumer,64803,CVS HEALTH Corp,2020-02-18,374,4,True,OK,high,False,False,False
193,batch_05,P,E2CHK-69e7f9286d88e13e,MDA,financials,19617,JPMORGAN CHASE & CO,2017-05-02,367,1,True,OK,high,False,False,True
194,batch_05,G-A,E2CHK-62b7f78ac141c48d,EX99_PRESS_RELEASE,healthcare,310764,STRYKER CORP,2023-11-02,654,1,True,OK,high,False,False,True
195,batch_05,P,E2CHK-eb7faaec93ffd0cd,MDA,consumer,1001250,ESTEE LAUDER COMPANIES INC,2015-08-20,375,6,False,OK,high,False,False,False
196,batch_05,G-N,E2CHK-a83e92e090af3dc2,EX99_PRESS_RELEASE,financials,5272,"AMERICAN INTERNATIONAL GROUP, INC.",2023-05-04,354,1,False,OK,high,False,False,False
197,batch_05,G-N,E2CHK-763089c60ee1cbfd,EX99_PRESS_RELEASE,healthcare,310764,STRYKER CORP,2021-07-27,367,1,True,OK,high,False,False,True
198,batch_05,P,E2CHK-a888d45cb28cf251,EX99_PRESS_RELEASE,healthcare,701221,Cigna Holding Co,2018-08-02,384,1,False,OK,high,False,False,True
199,batch_05,G-A,E2CHK-bbf21eef4bdca577,EX99_PRESS_RELEASE,consumer,89800,SHERWIN WILLIAMS CO,2022-04-26,408,2,False,OK,high,False,False,True
200,batch_05,P,E2CHK-9cbbbb12bdc63272,MDA,consumer,1467858,General Motors Co,2016-02-03,351,1,False,OK,high,False,False,False
201,batch_06,G-A,E2CHK-2330859487453986,EX99_PRESS_RELEASE,energy,33213,EQT Corp,2020-01-13,377,1,False,FLAGGED,medium,False,False,False
202,batch_06,P,E2CHK-d2925dad3092fd9d,EX99_PRESS_RELEASE,energy,4447,HESS CORP,2022-07-27,351,1,True,OK,high,False,False,True
203,batch_06,P,E2CHK-9b0e481826b4b02a,EX99_PRESS_RELEASE,tech,1564408,Snap Inc,2026-05-06,407,2,False,FLAGGED,medium,False,False,True
204,batch_06,G-N,E2CHK-9c96d5f4645c6f17,EX99_PRESS_RELEASE,healthcare,78003,PFIZER INC,2026-08-04,376,1,True,OK,high,False,True,True
205,batch_06,P,E2CHK-5ae45af46e4a0558,EX99_PRESS_RELEASE,tech,51143,INTERNATIONAL BUSINESS MACHINES CORP,2024-04-24,361,1,True,OK,high,False,False,True
206,batch_06,P,E2CHK-a45c7eb727c18fd4,MDA,healthcare,59478,ELI LILLY & Co,2017-05-01,422,1,True,OK,high,False,False,False
207,batch_06,G-A,E2CHK-f8154d76409080a3,EX99_PRESS_RELEASE,consumer,64803,CVS HEALTH Corp,2015-10-30,388,1,False,FLAGGED,medium,False,False,False
208,batch_06,P,E2CHK-375cc9f65b5f4ca2,MDA,healthcare,1156039,"Elevance Health, Inc.",2017-02-22,910,1,True,OK,high,False,False,False
209,batch_06,G-A,E2CHK-34ae3ecc75458c4c,EX99_PRESS_RELEASE,financials,798354,FISERV INC,2020-05-07,354,2,False,FLAGGED,medium,False,False,True
210,batch_06,G-A,E2CHK-b9cbe918d3cead0a,EX99_PRESS_RELEASE,healthcare,10795,BECTON DICKINSON & CO,2019-11-05,404,1,True,OK,high,False,False,True
211,batch_06,P,E2CHK-df17fa866f5ea2bc,MDA,healthcare,1156039,"Elevance Health, Inc.",2022-07-20,400,1,True,OK,high,False,False,False
212,batch_06,P,E2CHK-48a62fd38118e54c,EX99_PRESS_RELEASE,tech,813672,CADENCE DESIGN SYSTEMS INC,2025-07-28,436,1,False,OK,high,False,False,True
213,batch_06,G-A,E2CHK-42398c6fe1c40f77,EX99_PRESS_RELEASE,consumer,77476,PEPSICO INC,2019-10-03,362,1,True,OK,high,False,False,False
214,batch_06,P,E2CHK-de44426d67da502b,RISK_FACTORS,financials,92230,TRUIST FINANCIAL CORP,2021-02-24,441,4,False,OK,high,False,False,True
215,batch_06,P,E2CHK-397f693db996a0a5,MDA,consumer,1166691,COMCAST CORP,2022-02-02,366,5,True,OK,high,False,False,True
216,batch_06,P,E2CHK-e7fae80d08d9ad65,RISK_FACTORS,tech,1596532,"Arista Networks, Inc.",2021-11-02,547,11,False,OK,high,False,False,False
217,batch_06,P,E2CHK-f1710be27660c442,MDA,healthcare,1035267,INTUITIVE SURGICAL INC,2023-02-10,383,1,True,OK,high,False,False,False
218,batch_06,P,E2CHK-82b2492a67f3a838,RISK_FACTORS,financials,92230,TRUIST FINANCIAL CORP,2023-02-28,359,2,True,OK,high,False,False,True
219,batch_06,G-N,E2CHK-424ab90579241b5c,EX99_PRESS_RELEASE,financials,1543151,"Uber Technologies, Inc",2023-08-01,401,5,False,OK,high,False,False,False
220,batch_06,P,E2CHK-5ce0422c899cd47f,MDA,consumer,764180,"ALTRIA GROUP, INC.",2023-04-27,369,9,True,OK,high,False,False,False
221,batch_06,P,E2CHK-afda557ca8fa0a00,MDA,financials,1136893,"Fidelity National Information Services, Inc.",2024-05-07,392,1,False,OK,high,False,False,False
222,batch_06,P,E2CHK-07343153f4da0cd4,MDA,consumer,320187,"NIKE, Inc.",2021-01-05,379,2,True,FLAGGED,low,False,False,True
223,batch_06,G-A,E2CHK-9992a913245c70dc,EX99_PRESS_RELEASE,energy,33213,EQT Corp,2022-10-26,379,1,False,FLAGGED,medium,False,False,True
224,batch_06,G-N,E2CHK-bd6d40bfa743d7e9,EX99_PRESS_RELEASE,energy,797468,OCCIDENTAL PETROLEUM CORP /DE/,2019-07-31,362,1,True,OK,high,False,False,True
225,batch_06,P,E2CHK-b1dcfad4cf301fae,MDA,financials,886982,GOLDMAN SACHS GROUP INC,2026-08-03,358,1,True,OK,high,False,True,False
226,batch_06,G-N,E2CHK-cf40c42e13ffd313,EX99_PRESS_RELEASE,tech,790070,EMC CORP,2015-10-13,353,1,False,FLAGGED,medium,False,False,False
227,batch_06,P,E2CHK-24ffe2cf322f5174,EX99_PRESS_RELEASE,tech,1045810,NVIDIA CORP,2026-02-25,386,1,True,OK,high,False,True,True
228,batch_06,P,E2CHK-072cdc9ef91088cf,RISK_FACTORS,tech,1137789,Seagate Technology Holdings plc,2018-08-03,393,1,False,OK,high,False,False,True
229,batch_06,P,E2CHK-356ea310dacb3870,MDA,financials,1137774,PRUDENTIAL FINANCIAL INC,2017-11-03,352,3,False,OK,high,False,True,False
230,batch_06,G-N,E2CHK-5498fdccc84f4d31,EX99_PRESS_RELEASE,financials,315293,Aon plc,2019-10-25,369,1,False,OK,high,False,False,False
231,batch_06,P,E2CHK-92bc555031d929d0,RISK_FACTORS,consumer,64803,CVS HEALTH Corp,2024-02-07,375,2,True,OK,high,False,False,False
232,batch_06,G-N,E2CHK-bab88b607789ab2e,EX99_PRESS_RELEASE,financials,316709,SCHWAB CHARLES CORP,2016-07-18,363,2,True,OK,high,False,False,True
233,batch_06,G-A,E2CHK-43c99ed059e45bf9,EX99_PRESS_RELEASE,healthcare,1035267,INTUITIVE SURGICAL INC,2020-04-08,371,1,True,FLAGGED,medium,False,False,True
234,batch_06,P,E2CHK-46e76944be24ceac,EX99_PRESS_RELEASE,energy,1552000,MPLX LP,2016-02-03,369,1,False,OK,high,False,False,True
235,batch_06,P,E2CHK-3065eb4a544bc898,MDA,energy,34088,EXXON MOBIL CORP,2018-08-02,362,1,True,FLAGGED,low,False,False,True
236,batch_06,P,E2CHK-aa6791cdc8cd9d42,EX99_PRESS_RELEASE,consumer,31462,ECOLAB INC.,2025-04-29,405,5,False,OK,high,False,False,True
237,batch_06,P,E2CHK-cac60fcf29f3459e,MDA,financials,5272,"AMERICAN INTERNATIONAL GROUP, INC.",2019-02-15,363,1,True,OK,high,False,False,False
238,batch_06,P,E2CHK-09366f1650ed94d3,RISK_FACTORS,financials,5272,"AMERICAN INTERNATIONAL GROUP, INC.",2022-02-17,500,1,False,OK,high,False,False,False
239,batch_06,P,E2CHK-501409621e5ca4b5,MDA,healthcare,1613103,Medtronic plc,2021-12-02,392,3,True,OK,high,False,False,False
240,batch_06,G-A,E2CHK-7995f75857a3c8b9,EX99_PRESS_RELEASE,tech,1271024,LINKEDIN CORP,2016-04-28,361,1,False,OK,high,False,False,False
241,batch_07,P,E2CHK-e9012e252ae60012,EX99_PRESS_RELEASE,financials,1156375,CME GROUP INC.,2026-04-22,389,1,True,OK,high,False,False,True
242,batch_07,G-N,E2CHK-b01df19d7e3fd960,EX99_PRESS_RELEASE,healthcare,927653,MCKESSON CORP,2018-05-24,391,1,True,OK,high,False,False,True
243,batch_07,P,E2CHK-a6bddc058587bc6f,MDA,energy,1389170,Targa Resources Corp.,2015-08-04,376,295,False,OK,high,False,True,False
244,batch_07,G-N,E2CHK-e6c82266dc0dba90,EX99_PRESS_RELEASE,energy,821189,EOG RESOURCES INC,2021-05-06,372,1,True,OK,high,False,False,False
245,batch_07,P,E2CHK-1fedbf9e1fa8c941,MDA,consumer,31462,ECOLAB INC.,2017-05-04,396,15,False,FLAGGED,low,False,False,False
246,batch_07,G-A,E2CHK-e0bff5c28b3b4893,EX99_PRESS_RELEASE,energy,33213,EQT Corp,2023-04-26,361,3,False,FLAGGED,medium,False,False,False
247,batch_07,P,E2CHK-371eab4898627682,MDA,energy,821189,EOG RESOURCES INC,2025-05-01,376,2,True,OK,high,False,False,True
248,batch_07,G-A,E2CHK-bbe514f22fde6389,EX99_PRESS_RELEASE,tech,1045810,NVIDIA CORP,2019-01-28,396,1,True,FLAGGED,medium,False,False,True
249,batch_07,P,E2CHK-d747af0ef8e212a3,MDA,energy,895126,EXPAND ENERGY Corp,2019-05-09,366,2,False,OK,high,False,False,False
250,batch_07,P,E2CHK-ce92535a1177db1e,EX99_PRESS_RELEASE,financials,1137774,PRUDENTIAL FINANCIAL INC,2015-11-04,375,1,False,OK,high,False,False,True
251,batch_07,P,E2CHK-57fd1acfe806ac73,EX99_PRESS_RELEASE,financials,1393818,Blackstone Inc.,2021-04-22,371,1,False,OK,high,True,False,True
252,batch_07,P,E2CHK-778fbd4e20e7cb7d,RISK_FACTORS,tech,769397,"Autodesk, Inc.",2019-03-25,353,7,False,OK,high,False,False,True
253,batch_07,G-A,E2CHK-bed403feac3278ef,EX99_PRESS_RELEASE,consumer,1782754,AZEK Co Inc.,2025-05-06,366,1,True,OK,high,False,False,True
254,batch_07,G-N,E2CHK-b802582aba1fb9f9,EX99_PRESS_RELEASE,tech,1652044,Alphabet Inc.,2016-10-27,350,1,False,FLAGGED,medium,False,False,True
255,batch_07,P,E2CHK-b5151529936a822a,EX99_PRESS_RELEASE,tech,1730168,Broadcom Inc.,2024-09-05,365,1,True,OK,high,False,False,True
256,batch_07,P,E2CHK-a55a42eef205eb7f,EX99_PRESS_RELEASE,financials,1137774,PRUDENTIAL FINANCIAL INC,2022-02-03,396,1,False,OK,high,False,False,True
257,batch_07,G-A,E2CHK-c01cab2aeaa56f31,EX99_PRESS_RELEASE,consumer,77476,PEPSICO INC,2022-04-26,355,2,True,FLAGGED,medium,False,False,True
258,batch_07,P,E2CHK-4679986c2d35061f,MDA,energy,1126975,"Magellan Midstream Partners, L.P.",2016-02-19,385,1,False,OK,high,False,False,True
259,batch_07,P,E2CHK-0ab193960ac1b16e,MDA,healthcare,1551152,AbbVie Inc.,2020-02-21,399,1,True,OK,high,False,False,True
260,batch_07,P,E2CHK-3281c060608b17e3,EX99_PRESS_RELEASE,energy,797468,OCCIDENTAL PETROLEUM CORP /DE/,2021-05-10,367,1,True,OK,high,False,False,False
261,batch_07,G-N,E2CHK-d13cfe9ca5271caf,EX99_PRESS_RELEASE,financials,1141391,Mastercard Inc,2021-04-29,356,4,True,OK,high,False,False,True
262,batch_07,G-A,E2CHK-c365ce339b2d0636,EX99_PRESS_RELEASE,financials,798354,FISERV INC,2020-05-07,367,1,False,FLAGGED,medium,False,False,True
263,batch_07,P,E2CHK-41ec729cfa18210a,MDA,financials,1543151,"Uber Technologies, Inc",2020-03-02,373,3,False,OK,high,False,False,False
264,batch_07,P,E2CHK-b69e1ac3d92b9287,MDA,consumer,1744489,Walt Disney Co,2019-11-20,356,1,False,OK,high,False,False,False
265,batch_07,P,E2CHK-7ff32fcd26f78e7c,RISK_FACTORS,tech,50863,INTEL CORP,2022-01-27,427,1,True,OK,high,False,False,False
266,batch_07,P,E2CHK-6d3a45b809b2c15c,MDA,financials,19617,JPMORGAN CHASE & CO,2024-05-01,392,5,True,OK,high,False,True,True
267,batch_07,G-N,E2CHK-c96a9eb9f18a5219,EX99_PRESS_RELEASE,tech,1585521,"Zoom Communications, Inc.",2023-02-27,377,1,True,OK,high,False,False,True
268,batch_07,P,E2CHK-5e24420cdc959210,RISK_FACTORS,tech,1326801,"Meta Platforms, Inc.",2023-10-26,353,3,True,OK,high,False,False,False
269,batch_07,P,E2CHK-31a4acb370e5d5fa,MDA,consumer,1782754,AZEK Co Inc.,2022-11-29,361,3,False,OK,high,False,False,False
270,batch_07,P,E2CHK-668c51a0258a96ac,MDA,financials,86312,"TRAVELERS COMPANIES, INC.",2025-04-16,362,1,False,OK,high,False,False,False
271,batch_07,P,E2CHK-64964ba526f30c04,RISK_FACTORS,energy,4447,HESS CORP,2021-03-01,553,5,True,OK,high,False,False,False
272,batch_07,P,E2CHK-1520659824342413,MDA,tech,106040,WESTERN DIGITAL CORP,2023-08-22,369,1,False,OK,high,False,False,False
273,batch_07,P,E2CHK-40a075138596207f,MDA,financials,70858,BANK OF AMERICA CORP /DE/,2022-07-29,366,1,True,FLAGGED,medium,False,False,True
274,batch_07,G-N,E2CHK-57a2c3f396b8daae,EX99_PRESS_RELEASE,consumer,60667,LOWES COMPANIES INC,2018-11-20,367,1,False,OK,high,False,False,False
275,batch_07,P,E2CHK-5f48f7b3a4ae87d4,EX99_PRESS_RELEASE,financials,1390777,Bank of New York Mellon Corp,2025-04-11,358,1,False,OK,high,False,False,True
276,batch_07,G-A,E2CHK-28641af1dd53a56c,EX99_PRESS_RELEASE,healthcare,1110803,"ILLUMINA, INC.",2017-04-25,382,1,False,OK,high,False,False,True
277,batch_07,G-N,E2CHK-33fccbc999d29c39,EX99_PRESS_RELEASE,energy,1161154,"Energy Transfer Operating, L.P.",2017-11-07,364,1,False,FLAGGED,medium,False,False,False
278,batch_07,P,E2CHK-3b2368436e1dabeb,EX99_PRESS_RELEASE,healthcare,1551152,AbbVie Inc.,2015-10-30,367,1,False,OK,high,False,False,True
279,batch_07,P,E2CHK-449be2e96b98210f,EX99_PRESS_RELEASE,financials,1543151,"Uber Technologies, Inc",2026-08-05,365,2,True,OK,high,False,False,True
280,batch_07,P,E2CHK-9e41e323b3bd3d74,MDA,healthcare,59478,ELI LILLY & Co,2019-02-19,419,1,True,OK,high,False,False,False
281,batch_08,P,E2CHK-69be94c889ddae8f,MDA,healthcare,310158,"Merck & Co., Inc.",2015-11-05,388,1,False,FLAGGED,low,False,False,False
282,batch_08,G-N,E2CHK-ef08533dd2d53c08,EX99_PRESS_RELEASE,energy,1038357,PIONEER NATURAL RESOURCES CO,2015-11-03,168,1,False,FLAGGED,medium,False,False,False
283,batch_08,P,E2CHK-77c41b5b86df350f,MDA,healthcare,1110803,"ILLUMINA, INC.",2020-10-30,438,1,True,OK,high,False,False,True
284,batch_08,P,E2CHK-f2a795fe479809c0,MDA,financials,1393612,Discover Financial Services,2019-05-02,359,3,False,OK,high,False,False,True
285,batch_08,P,E2CHK-6cd135825997ae1f,MDA,consumer,21344,COCA COLA CO,2020-07-22,751,2,True,OK,high,False,False,False
286,batch_08,G-N,E2CHK-85ceccd2f54e7cb5,EX99_PRESS_RELEASE,healthcare,1555280,Zoetis Inc.,2016-02-16,246,1,False,OK,high,False,False,False
287,batch_08,P,E2CHK-4225b0ead4a72be3,RISK_FACTORS,consumer,109198,TJX COMPANIES INC /DE/,2025-04-02,496,1,False,OK,high,False,False,False
288,batch_08,P,E2CHK-639095b4598bbd6c,MDA,energy,1061219,ENTERPRISE PRODUCTS PARTNERS L.P.,2020-11-06,377,1,True,OK,high,False,False,False
289,batch_08,G-A,E2CHK-254e479a0e14017c,EX99_PRESS_RELEASE,healthcare,1156039,"Elevance Health, Inc.",2017-02-01,408,2,True,FLAGGED,medium,False,False,False
290,batch_08,P,E2CHK-220362b8a5402f45,MDA,financials,80661,PROGRESSIVE CORP/OH/,2024-11-04,388,1,True,FLAGGED,low,False,False,False
291,batch_08,G-N,E2CHK-7cbffd8ee5da4661,EX99_PRESS_RELEASE,consumer,1637459,Kraft Heinz Co,2022-02-16,399,1,False,OK,high,False,False,True
292,batch_08,P,E2CHK-fd078bde440967d5,MDA,financials,1571949,"Intercontinental Exchange, Inc.",2025-02-06,417,2,False,OK,high,False,False,False
293,batch_08,P,E2CHK-de8e4ed70e020195,MDA,financials,798354,FISERV INC,2019-05-01,358,5,False,OK,high,False,False,False
294,batch_08,P,E2CHK-11a58e2f495bf74a,MDA,energy,1552000,MPLX LP,2025-08-05,370,1,False,OK,high,False,False,True
295,batch_08,P,E2CHK-00c161b034295d61,EX99_PRESS_RELEASE,tech,1645590,Hewlett Packard Enterprise Co,2017-09-05,352,1,False,OK,high,False,False,True
296,batch_08,P,E2CHK-ccefc92c68b96565,EX99_PRESS_RELEASE,energy,4447,HESS CORP,2021-01-27,374,1,True,OK,high,False,False,True
297,batch_08,G-N,E2CHK-4b6e4a6d39799bd6,EX99_PRESS_RELEASE,consumer,1413329,Philip Morris International Inc.,2021-07-20,368,1,True,OK,high,False,False,True
298,batch_08,G-N,E2CHK-9515ef3c52d0810c,EX99_PRESS_RELEASE,tech,1512673,"Block, Inc.",2022-05-05,381,1,False,OK,high,False,False,True
299,batch_08,G-A,E2CHK-d31e86fcdacacb90,EX99_PRESS_RELEASE,tech,1730168,Broadcom Inc.,2020-12-10,541,1,True,OK,high,False,False,True
300,batch_08,P,E2CHK-2ce9f3faf7cb5f52,MDA,healthcare,1099800,Edwards Lifesciences Corp,2025-08-06,281,1,False,OK,high,False,False,False
301,batch_08,P,E2CHK-da9c2b450fde9ce1,RISK_FACTORS,tech,320193,Apple Inc.,2015-10-28,399,17,False,OK,high,False,False,False
302,batch_08,P,E2CHK-f27bf6c2b45ee4b6,MDA,tech,1512673,"Block, Inc.",2025-11-06,251,1,False,OK,high,False,False,False
303,batch_08,P,E2CHK-6ff03466617699bd,EX99_PRESS_RELEASE,consumer,320187,"NIKE, Inc.",2016-12-23,380,1,True,FLAGGED,medium,False,False,False
304,batch_08,G-N,E2CHK-69f2e3228c36c9e3,EX99_PRESS_RELEASE,energy,1552000,MPLX LP,2019-02-07,362,1,False,OK,high,False,False,True
305,batch_08,P,E2CHK-f95062fdb4491102,RISK_FACTORS,consumer,77476,PEPSICO INC,2016-02-11,431,1,False,OK,high,False,False,False
306,batch_08,P,E2CHK-0cac4c283c6b0349,MDA,consumer,31462,ECOLAB INC.,2016-02-26,380,4,False,OK,high,False,False,False
307,batch_08,P,E2CHK-9e6ceeacf4043d91,MDA,energy,1090012,DEVON ENERGY CORP/DE,2021-08-04,353,2,False,OK,high,False,False,False
308,batch_08,G-A,E2CHK-c43eb3c0270ed234,EX99_PRESS_RELEASE,energy,1039684,ONEOK INC /NEW/,2021-04-27,581,1,True,OK,high,False,False,True
309,batch_08,P,E2CHK-2b92694d27f44f44,MDA,consumer,104169,Walmart Inc.,2024-06-07,530,3,True,OK,high,False,True,True
310,batch_08,P,E2CHK-a3fa1fce9944732c,MDA,consumer,320187,"NIKE, Inc.",2023-01-05,449,1,True,FLAGGED,low,False,False,True
311,batch_08,G-N,E2CHK-72b036a1e637890c,EX99_PRESS_RELEASE,healthcare,78003,PFIZER INC,2016-02-02,358,1,False,FLAGGED,medium,False,False,False
312,batch_08,P,E2CHK-27e176de32394955,EX99_PRESS_RELEASE,healthcare,59478,ELI LILLY & Co,2017-10-24,356,1,True,FLAGGED,medium,False,False,False
313,batch_08,G-N,E2CHK-52cc2d0dab5c20e7,EX99_PRESS_RELEASE,consumer,1618921,"Walgreens Boots Alliance, Inc.",2022-01-06,357,2,False,FLAGGED,medium,False,False,True
314,batch_08,G-A,E2CHK-d9d934eeee7bc2ff,EX99_PRESS_RELEASE,energy,1039684,ONEOK INC /NEW/,2016-11-01,358,1,False,OK,high,False,False,True
315,batch_08,P,E2CHK-6b3e31d591c4831a,EX99_PRESS_RELEASE,energy,4447,HESS CORP,2024-10-30,409,1,True,OK,high,False,False,True
316,batch_08,P,E2CHK-fb8de7ad4aede6ec,EX99_PRESS_RELEASE,consumer,64803,CVS HEALTH Corp,2024-08-07,398,1,True,OK,high,False,False,True
317,batch_08,P,E2CHK-a1d346c0cdecfb7b,EX99_PRESS_RELEASE,tech,858877,"CISCO SYSTEMS, INC.",2017-05-17,352,1,True,OK,high,False,False,False
318,batch_08,P,E2CHK-8ef2e0a0b47ecef2,MDA,financials,86312,"TRAVELERS COMPANIES, INC.",2020-07-23,405,2,False,OK,high,False,False,False
319,batch_08,P,E2CHK-e7397d78fc42fd23,EX99_PRESS_RELEASE,consumer,1103982,"Mondelez International, Inc.",2018-10-29,374,3,True,OK,high,False,False,False
320,batch_08,P,E2CHK-2fa30845f07220da,MDA,financials,886982,GOLDMAN SACHS GROUP INC,2024-08-02,352,1,True,OK,high,False,True,True
321,batch_09,G-N,E2CHK-83bab413ca96db72,EX99_PRESS_RELEASE,financials,1123360,GLOBAL PAYMENTS INC,2025-08-06,370,1,False,OK,high,False,False,True
322,batch_09,P,E2CHK-be1cd6a6a48a21ca,RISK_FACTORS,tech,1326801,"Meta Platforms, Inc.",2021-10-26,357,1,True,OK,high,False,False,False
323,batch_09,P,E2CHK-ee12a785445c615d,MDA,financials,895421,MORGAN STANLEY,2015-11-03,393,1,False,OK,high,False,False,False
324,batch_09,G-N,E2CHK-085bd17662548c01,EX99_PRESS_RELEASE,tech,712515,ELECTRONIC ARTS INC.,2024-01-30,208,1,False,OK,high,False,False,True
325,batch_09,P,E2CHK-6447928264fe436e,RISK_FACTORS,financials,886982,GOLDMAN SACHS GROUP INC,2023-02-24,498,4,True,OK,high,False,True,True
326,batch_09,G-N,E2CHK-3e3e8f98e3c78238,EX99_PRESS_RELEASE,healthcare,936402,Shire plc,2018-04-26,393,2,True,OK,high,False,False,False
327,batch_09,G-A,E2CHK-c2dd3adcde295e94,EX99_PRESS_RELEASE,energy,895728,ENBRIDGE INC,2022-07-29,414,1,True,OK,high,False,False,False
328,batch_09,P,E2CHK-fa086d09dbde01b0,MDA,tech,1137789,Seagate Technology Holdings plc,2023-08-04,215,3,False,OK,high,False,False,False
329,batch_09,G-N,E2CHK-28ebcd44d8b059be,EX99_PRESS_RELEASE,energy,1483096,WILLIAMS PARTNERS L.P.,2016-05-04,407,1,False,OK,high,False,False,True
330,batch_09,P,E2CHK-51046704d4d63683,MDA,financials,1067983,BERKSHIRE HATHAWAY INC,2023-05-08,413,3,True,OK,high,False,False,False
331,batch_09,P,E2CHK-1e6540576b9b5608,MDA,financials,927628,CAPITAL ONE FINANCIAL CORP,2018-02-21,375,2,False,OK,high,False,False,True
332,batch_09,P,E2CHK-0456083c97ac08ee,MDA,financials,896159,Chubb Ltd,2020-02-27,381,1,True,OK,high,False,False,True
333,batch_09,G-A,E2CHK-6c5a45cabe9acb51,EX99_PRESS_RELEASE,healthcare,1551152,AbbVie Inc.,2021-07-30,372,2,True,OK,high,False,False,True
334,batch_09,P,E2CHK-ddd4bfdea170c6e6,EX99_PRESS_RELEASE,financials,72971,WELLS FARGO & COMPANY/MN,2016-07-15,365,1,True,OK,high,False,False,True
335,batch_09,G-A,E2CHK-f6a580a23f5c73c2,EX99_PRESS_RELEASE,consumer,354950,"HOME DEPOT, INC.",2022-02-22,618,1,True,OK,high,False,False,True
336,batch_09,G-A,E2CHK-ffe43fc41893b067,EX99_PRESS_RELEASE,tech,813672,CADENCE DESIGN SYSTEMS INC,2022-04-25,373,7,False,OK,high,False,False,True
337,batch_09,P,E2CHK-27545805b9fd3ad2,EX99_PRESS_RELEASE,tech,718877,"Activision Blizzard, Inc.",2016-08-04,378,1,False,OK,high,False,False,True
338,batch_09,P,E2CHK-33d1c06d9617d8b5,MDA,financials,19617,JPMORGAN CHASE & CO,2019-02-26,353,1,True,OK,medium,False,False,True
339,batch_09,G-A,E2CHK-bc398911aebf0e58,EX99_PRESS_RELEASE,financials,798354,FISERV INC,2026-08-06,497,1,True,OK,high,False,False,True
340,batch_09,P,E2CHK-580b26993a6e7c27,MDA,financials,1099219,METLIFE INC,2023-11-02,359,1,False,OK,high,False,False,False
341,batch_09,P,E2CHK-4ea264c16206c2ee,MDA,financials,70858,BANK OF AMERICA CORP /DE/,2025-02-25,360,1,True,OK,high,False,True,True
342,batch_09,G-A,E2CHK-77a86170e1ee1f63,EX99_PRESS_RELEASE,consumer,37996,FORD MOTOR CO,2023-10-26,643,1,False,OK,high,False,False,True
343,batch_09,G-N,E2CHK-0841a5956f833f39,EX99_PRESS_RELEASE,energy,107263,"WILLIAMS COMPANIES, INC.",2024-02-14,386,1,True,OK,high,False,False,True
344,batch_09,P,E2CHK-0cc5e131fed8252b,RISK_FACTORS,healthcare,731766,UNITEDHEALTH GROUP INC,2021-03-01,399,1,True,OK,high,False,False,True
345,batch_09,P,E2CHK-3a78c49f50c4a56c,EX99_PRESS_RELEASE,energy,1012569,"Energy Transfer, LP",2017-02-22,161,1,True,FLAGGED,medium,False,False,False
346,batch_09,P,E2CHK-4aeadb05b8e30c1b,RISK_FACTORS,healthcare,318154,AMGEN INC,2021-04-28,524,1,True,OK,high,False,False,False
347,batch_09,P,E2CHK-e00bc8f76896345b,MDA,tech,769397,"Autodesk, Inc.",2023-06-01,368,1,False,OK,high,False,False,False
348,batch_09,P,E2CHK-e635c152d1658cb5,MDA,financials,72971,WELLS FARGO & COMPANY/MN,2017-08-04,377,2,True,FLAGGED,medium,False,False,False
349,batch_09,G-A,E2CHK-fd489c7f49f99f08,EX99_PRESS_RELEASE,consumer,27419,TARGET CORP,2020-05-20,368,3,False,OK,high,False,False,True
350,batch_09,G-A,E2CHK-67e6cecd5b1abba2,EX99_PRESS_RELEASE,financials,1543151,"Uber Technologies, Inc",2020-04-17,374,1,False,FLAGGED,medium,False,False,True
351,batch_09,P,E2CHK-54fa185abdd953d8,MDA,tech,858877,"CISCO SYSTEMS, INC.",2016-09-08,361,7,True,OK,high,False,False,True
352,batch_09,P,E2CHK-d089b676ee3165e6,MDA,energy,1483096,WILLIAMS PARTNERS L.P.,2017-05-04,352,1,True,OK,high,False,False,False
353,batch_09,P,E2CHK-c5c863aade689171,MDA,tech,1326801,"Meta Platforms, Inc.",2019-01-31,356,16,True,OK,high,False,False,False
354,batch_09,P,E2CHK-22c39cf287cfaa74,RISK_FACTORS,financials,70858,BANK OF AMERICA CORP /DE/,2024-02-20,397,1,True,OK,high,False,True,True
355,batch_09,P,E2CHK-8b7238499caecfe1,EX99_PRESS_RELEASE,consumer,1744489,Walt Disney Co,2019-11-07,373,5,False,OK,high,False,False,False
356,batch_09,P,E2CHK-ccc5704ba2f35ea4,MDA,consumer,1018724,AMAZON COM INC,2022-02-04,351,1,True,OK,high,False,False,False
357,batch_09,P,E2CHK-fbb19f8563ddc928,RISK_FACTORS,energy,1090012,DEVON ENERGY CORP/DE,2020-10-30,373,2,False,OK,high,False,False,True
358,batch_09,G-A,E2CHK-a2fa6335f209b802,EX99_PRESS_RELEASE,healthcare,936402,Shire plc,2016-11-01,387,1,True,OK,high,False,False,True
359,batch_09,P,E2CHK-af2ed9345811d30c,RISK_FACTORS,energy,1161154,"Energy Transfer Operating, L.P.",2021-02-19,448,1,False,OK,high,False,False,False
360,batch_09,P,E2CHK-2c0ad23fc92dee4e,EX99_PRESS_RELEASE,energy,1510295,Marathon Petroleum Corp,2023-08-01,167,1,True,OK,high,False,False,False
361,batch_10,P,E2CHK-3ee0bbef93ae4dcb,MDA,financials,92230,TRUIST FINANCIAL CORP,2020-05-08,352,3,False,OK,high,False,False,True
362,batch_10,G-A,E2CHK-c930635e1e19d252,EX99_PRESS_RELEASE,consumer,764180,"ALTRIA GROUP, INC.",2020-04-30,360,1,True,OK,high,False,False,True
363,batch_10,P,E2CHK-0a42120714b1207d,MDA,financials,92230,TRUIST FINANCIAL CORP,2024-11-01,380,1,False,FLAGGED,medium,False,False,True
364,batch_10,P,E2CHK-ed298eb2315250f3,MDA,financials,896159,Chubb Ltd,2025-10-27,364,1,True,OK,high,False,False,False
365,batch_10,G-A,E2CHK-df0f98a67031f9fb,EX99_PRESS_RELEASE,healthcare,49071,HUMANA INC,2018-02-07,384,1,False,OK,high,False,False,True
366,batch_10,P,E2CHK-66f7347c3bf8bd02,EX99_PRESS_RELEASE,financials,1156375,CME GROUP INC.,2018-02-01,366,1,False,OK,high,False,False,True
367,batch_10,P,E2CHK-1bbcab2078925a26,MDA,consumer,1065280,NETFLIX INC,2019-07-19,374,1,True,OK,high,False,False,False
368,batch_10,G-A,E2CHK-231e11ce2174bd10,EX99_PRESS_RELEASE,healthcare,875320,VERTEX PHARMACEUTICALS INC / MA,2022-05-05,377,1,True,OK,high,False,False,True
369,batch_10,P,E2CHK-174467ecd1d78cba,EX99_PRESS_RELEASE,healthcare,875045,BIOGEN INC.,2024-02-13,361,1,False,OK,high,False,False,True
370,batch_10,P,E2CHK-c98142910010a2cd,EX99_PRESS_RELEASE,tech,769397,"Autodesk, Inc.",2015-08-27,120,1,False,OK,high,False,False,False
371,batch_10,P,E2CHK-01c92684480b5513,MDA,healthcare,66740,3M CO,2019-02-07,360,1,True,OK,high,False,False,False
372,batch_10,G-N,E2CHK-a731d11ca2a8e719,EX99_PRESS_RELEASE,financials,1393818,Blackstone Inc.,2017-01-26,388,2,False,OK,high,False,False,False
373,batch_10,G-A,E2CHK-1ab6da7f9ff3ff0e,EX99_PRESS_RELEASE,energy,1539838,"Diamondback Energy, Inc.",2018-11-06,390,1,False,OK,high,False,False,True
374,batch_10,P,E2CHK-eaafdb3612d9cb6f,EX99_PRESS_RELEASE,financials,1099219,METLIFE INC,2018-03-29,381,1,True,FLAGGED,medium,False,False,True
375,batch_10,P,E2CHK-abebf082e8e3654c,MDA,tech,2488,ADVANCED MICRO DEVICES INC,2019-05-01,102,1,False,OK,high,False,False,False
376,batch_10,G-A,E2CHK-fcf19eb28f8f76b5,EX99_PRESS_RELEASE,tech,1341439,ORACLE CORP,2025-09-09,376,1,True,OK,high,False,False,True
377,batch_10,P,E2CHK-a758cd53755b26ef,MDA,energy,1163165,CONOCOPHILLIPS,2021-05-06,382,1,True,FLAGGED,low,False,False,True
378,batch_10,P,E2CHK-cffe17671c703cd6,MDA,energy,45012,HALLIBURTON CO,2015-07-24,358,1,False,OK,high,False,False,False
379,batch_10,P,E2CHK-3f4eec59d8b29abc,MDA,financials,5272,"AMERICAN INTERNATIONAL GROUP, INC.",2020-08-04,380,2,True,OK,high,False,False,False
380,batch_10,P,E2CHK-3e4b1e775f6dfa7c,MDA,financials,896159,Chubb Ltd,2017-11-01,377,1,True,OK,high,False,False,True
381,batch_10,P,E2CHK-bfc8d598b0f65dcf,MDA,tech,769397,"Autodesk, Inc.",2022-12-06,380,1,False,OK,high,False,False,True
382,batch_10,P,E2CHK-3148c5ccd6f61f0c,MDA,consumer,64803,CVS HEALTH Corp,2023-11-01,366,1,True,OK,high,False,False,False
383,batch_10,G-N,E2CHK-5f2b734c483093f8,EX99_PRESS_RELEASE,tech,1327567,Palo Alto Networks Inc,2024-08-19,409,8,False,OK,high,False,False,True
384,batch_10,P,E2CHK-dcd193aceddd69bd,MDA,tech,804328,QUALCOMM INC/DE,2022-02-02,386,2,True,OK,high,False,False,True
385,batch_10,P,E2CHK-eb22b11c66fc5e22,MDA,healthcare,1739940,Cigna Group,2023-02-23,255,1,True,OK,high,False,False,False
386,batch_10,P,E2CHK-994a0a58a10f6601,RISK_FACTORS,healthcare,59478,ELI LILLY & Co,2021-02-17,427,1,True,OK,high,False,False,True
387,batch_10,G-N,E2CHK-c1af67064fd14a76,EX99_PRESS_RELEASE,consumer,764180,"ALTRIA GROUP, INC.",2016-01-28,372,2,False,OK,high,False,False,True
388,batch_10,P,E2CHK-24b6855a3e22af3c,EX99_PRESS_RELEASE,consumer,1318605,"Tesla, Inc.",2025-10-22,578,1,True,FLAGGED,medium,False,False,False
389,batch_10,P,E2CHK-fccdba6e4a09e1b0,EX99_PRESS_RELEASE,consumer,1065280,NETFLIX INC,2023-01-19,126,1,True,OK,high,False,False,False
390,batch_10,P,E2CHK-3ba2e0555aa64516,MDA,tech,106040,WESTERN DIGITAL CORP,2023-05-10,367,2,False,OK,high,False,False,True
391,batch_10,G-A,E2CHK-f600161c99dac606,EX99_PRESS_RELEASE,energy,1506307,"KINDER MORGAN, INC.",2016-04-20,397,1,False,OK,high,False,False,False
392,batch_10,P,E2CHK-7990de57e2f57c69,RISK_FACTORS,financials,70858,BANK OF AMERICA CORP /DE/,2021-02-24,384,5,True,OK,high,False,True,True
393,batch_10,G-A,E2CHK-0ddee806369bb5ea,EX99_PRESS_RELEASE,energy,1163165,CONOCOPHILLIPS,2019-04-30,377,1,True,OK,high,False,False,True
394,batch_10,P,E2CHK-0cfaf880f0c45565,MDA,healthcare,872589,"REGENERON PHARMACEUTICALS, INC.",2024-08-01,422,1,True,OK,high,False,False,False
395,batch_10,P,E2CHK-2e00f9f208eb07d1,MDA,financials,1404912,KKR & Co. Inc.,2025-05-09,367,1,False,OK,high,False,False,False
396,batch_10,P,E2CHK-b35504e20027252b,MDA,tech,51143,INTERNATIONAL BUSINESS MACHINES CORP,2018-10-30,479,1,True,OK,high,False,False,False
397,batch_10,P,E2CHK-222e63615cde8b9e,MDA,healthcare,49071,HUMANA INC,2024-04-24,352,1,True,OK,high,False,False,False
398,batch_10,P,E2CHK-b28810fa52b98867,MDA,energy,1506307,"KINDER MORGAN, INC.",2018-02-09,367,1,True,OK,high,False,False,False
399,batch_10,G-A,E2CHK-3536f1859d0b9ace,EX99_PRESS_RELEASE,healthcare,59478,ELI LILLY & Co,2020-10-27,444,1,True,FLAGGED,medium,False,False,True
400,batch_10,P,E2CHK-96587e26aae50670,MDA,financials,86312,"TRAVELERS COMPANIES, INC.",2018-04-24,416,3,True,OK,high,False,False,True
401,batch_11,P,E2CHK-7d248b7a0ff69243,EX99_PRESS_RELEASE,financials,1065088,EBAY INC,2017-01-25,369,1,True,OK,high,False,False,True
402,batch_11,P,E2CHK-054997137de82f7b,RISK_FACTORS,healthcare,1555280,Zoetis Inc.,2020-02-13,352,3,False,OK,high,False,False,False
403,batch_11,G-N,E2CHK-f250711cbe52f65d,EX99_PRESS_RELEASE,healthcare,78003,PFIZER INC,2021-02-02,432,2,True,OK,high,False,False,True
404,batch_11,P,E2CHK-eb0ee62af8e53b67,MDA,financials,886982,GOLDMAN SACHS GROUP INC,2020-05-01,385,6,True,OK,high,False,False,True
405,batch_11,G-A,E2CHK-3d5311484beff83b,EX99_PRESS_RELEASE,tech,769397,"Autodesk, Inc.",2023-11-21,371,1,False,OK,high,False,False,True
406,batch_11,P,E2CHK-b6465997d25b9ad1,RISK_FACTORS,tech,1652044,Alphabet Inc.,2016-02-11,392,52,False,OK,high,False,True,True
407,batch_11,P,E2CHK-b95d1a1455ae1d9c,MDA,financials,927628,CAPITAL ONE FINANCIAL CORP,2017-11-01,352,1,False,OK,high,False,False,True
408,batch_11,G-A,E2CHK-8a0a66af1210f721,EX99_PRESS_RELEASE,healthcare,1555280,Zoetis Inc.,2024-02-13,368,1,True,OK,high,False,False,True
409,batch_11,P,E2CHK-abd2f287f4fb05a2,EX99_PRESS_RELEASE,financials,70858,BANK OF AMERICA CORP /DE/,2024-01-12,1052,1,True,FLAGGED,medium,True,False,True
410,batch_11,P,E2CHK-513c52760f4b57ab,MDA,financials,1067983,BERKSHIRE HATHAWAY INC,2020-08-10,392,1,True,OK,high,False,False,False
411,batch_11,G-N,E2CHK-91128403425f3226,EX99_PRESS_RELEASE,consumer,1166691,COMCAST CORP,2022-07-28,377,1,True,OK,high,False,False,True
412,batch_11,P,E2CHK-47cc76dfb9a3c32a,MDA,financials,1633917,"PayPal Holdings, Inc.",2023-02-10,422,1,True,OK,high,False,False,False
413,batch_11,G-A,E2CHK-467320dd59f87847,EX99_PRESS_RELEASE,healthcare,10795,BECTON DICKINSON & CO,2018-02-06,361,1,False,FLAGGED,medium,False,False,True
414,batch_11,P,E2CHK-c7d6eab1006311ed,MDA,financials,1099219,METLIFE INC,2019-11-05,385,1,True,OK,high,False,False,True
415,batch_11,P,E2CHK-ec221a30668ec7eb,MDA,consumer,829224,STARBUCKS CORP,2016-11-18,351,2,True,OK,high,False,False,False
416,batch_11,P,E2CHK-7e99ae13aba40039,EX99_PRESS_RELEASE,energy,895728,ENBRIDGE INC,2024-11-01,400,1,True,OK,high,False,False,True
417,batch_11,P,E2CHK-8b3bac8422ef1b11,MDA,financials,1099219,METLIFE INC,2015-08-06,462,1,False,OK,high,False,False,False
418,batch_11,P,E2CHK-8a96bf6a3dd6c8af,MDA,financials,1099219,METLIFE INC,2019-11-05,399,2,True,OK,high,False,False,False
419,batch_11,P,E2CHK-f473fa26a849163c,EX99_PRESS_RELEASE,healthcare,78003,PFIZER INC,2022-02-08,420,1,True,OK,high,False,False,True
420,batch_11,P,E2CHK-8e725fe3f8f457ac,MDA,energy,93410,CHEVRON CORP,2024-02-26,406,1,True,OK,medium,False,True,True
421,batch_11,G-A,E2CHK-572b9bcdc6974b67,EX99_PRESS_RELEASE,tech,1321655,Palantir Technologies Inc.,2024-08-05,358,1,False,OK,high,False,False,True
422,batch_11,P,E2CHK-6e273e7fca87de2c,MDA,healthcare,1035267,INTUITIVE SURGICAL INC,2025-10-22,359,1,True,OK,high,False,False,False
423,batch_11,P,E2CHK-9df306a8ee4ef6a4,EX99_PRESS_RELEASE,consumer,89800,SHERWIN WILLIAMS CO,2022-10-25,371,1,False,OK,high,False,False,True
424,batch_11,G-N,E2CHK-77ae5a3574840b81,EX99_PRESS_RELEASE,tech,718877,"Activision Blizzard, Inc.",2016-08-04,366,1,False,OK,high,False,False,True
425,batch_11,P,E2CHK-15db6e305205f638,EX99_PRESS_RELEASE,healthcare,78003,PFIZER INC,2023-12-14,290,1,True,FLAGGED,medium,False,False,True
426,batch_11,P,E2CHK-089c290420f4276a,EX99_PRESS_RELEASE,energy,1506307,"KINDER MORGAN, INC.",2020-01-22,439,1,True,OK,high,False,False,False
427,batch_11,P,E2CHK-06aa17d41bd8951e,MDA,financials,70858,BANK OF AMERICA CORP /DE/,2017-07-31,381,2,True,FLAGGED,medium,False,False,True
428,batch_11,P,E2CHK-76020604051d6b67,RISK_FACTORS,healthcare,1613103,Medtronic plc,2022-06-23,449,2,True,OK,high,False,False,True
429,batch_11,P,E2CHK-01a091dac41c8ca4,RISK_FACTORS,tech,1640147,Snowflake Inc.,2021-06-04,393,4,False,OK,high,False,False,False
430,batch_11,P,E2CHK-453d033a0c30650c,MDA,consumer,1637459,Kraft Heinz Co,2017-02-23,387,2,False,OK,high,False,False,False
431,batch_11,G-A,E2CHK-c463b8e0e81caed9,EX99_PRESS_RELEASE,tech,896878,INTUIT INC.,2019-05-23,389,1,True,OK,high,False,False,True
432,batch_11,P,E2CHK-26745b5e49168f8f,EX99_PRESS_RELEASE,energy,87347,SLB LIMITED/NV,2025-10-17,209,1,True,OK,high,False,False,True
433,batch_11,P,E2CHK-22ecc8db74085e3c,RISK_FACTORS,tech,858877,"CISCO SYSTEMS, INC.",2015-09-08,388,43,False,OK,high,False,True,False
434,batch_11,G-N,E2CHK-d50bea6ae29510b8,EX99_PRESS_RELEASE,healthcare,78003,PFIZER INC,2018-01-30,361,1,True,OK,high,False,False,True
435,batch_11,P,E2CHK-35cde1d3b4a84a48,EX99_PRESS_RELEASE,healthcare,1555280,Zoetis Inc.,2019-02-14,369,1,False,OK,high,False,False,True
436,batch_11,P,E2CHK-904fd36b7c6cda4a,MDA,financials,1123360,GLOBAL PAYMENTS INC,2018-10-30,352,4,False,OK,high,False,False,False
437,batch_11,P,E2CHK-fdb7717f3a7c4df3,MDA,healthcare,1800,ABBOTT LABORATORIES,2026-04-29,363,1,True,OK,high,False,False,True
438,batch_11,P,E2CHK-2e0ce7c958667fd1,MDA,consumer,1413329,Philip Morris International Inc.,2024-02-08,409,1,True,OK,high,False,False,False
439,batch_11,P,E2CHK-3bbad561a9feafeb,EX99_PRESS_RELEASE,consumer,1103982,"Mondelez International, Inc.",2015-10-28,366,1,False,OK,high,False,False,False
440,batch_11,G-A,E2CHK-836ba628a6896314,EX99_PRESS_RELEASE,energy,1163165,CONOCOPHILLIPS,2020-04-30,358,1,True,OK,high,False,False,True
441,batch_12,G-N,E2CHK-c6893f9e957dd08d,EX99_PRESS_RELEASE,healthcare,1555280,Zoetis Inc.,2024-08-06,378,2,True,OK,high,False,False,False
442,batch_12,P,E2CHK-3b55035eed37c009,EX99_PRESS_RELEASE,energy,107263,"WILLIAMS COMPANIES, INC.",2023-11-01,393,1,True,OK,high,False,False,True
443,batch_12,P,E2CHK-cecfe507af285466,EX99_PRESS_RELEASE,healthcare,66740,3M CO,2022-04-26,391,19,True,FLAGGED,medium,False,False,False
444,batch_12,P,E2CHK-5ac9a7d1fa6700ad,RISK_FACTORS,healthcare,882095,"GILEAD SCIENCES, INC.",2023-02-22,381,7,True,OK,high,False,False,False
445,batch_12,P,E2CHK-e8aae4c51cc7fb94,RISK_FACTORS,tech,97476,TEXAS INSTRUMENTS INC,2023-02-03,354,2,True,FLAGGED,low,False,False,False
446,batch_12,P,E2CHK-a161581d1b1b04b2,EX99_PRESS_RELEASE,healthcare,14272,BRISTOL MYERS SQUIBB CO,2023-02-02,380,1,True,OK,high,False,False,True
447,batch_12,P,E2CHK-ed2706dfa61b52d9,MDA,tech,47217,HP INC,2016-12-15,377,3,True,OK,high,False,False,False
448,batch_12,P,E2CHK-5aa7b1784a23960d,EX99_PRESS_RELEASE,tech,106040,WESTERN DIGITAL CORP,2016-10-26,353,1,True,OK,high,False,False,True
449,batch_12,G-A,E2CHK-153830b1cef2ff55,EX99_PRESS_RELEASE,healthcare,1110803,"ILLUMINA, INC.",2015-07-21,369,31,False,FLAGGED,medium,False,False,True
450,batch_12,G-N,E2CHK-2d90e2ccfe435d5c,EX99_PRESS_RELEASE,energy,1061219,ENTERPRISE PRODUCTS PARTNERS L.P.,2018-01-31,380,1,True,OK,high,False,False,True
451,batch_12,P,E2CHK-5dd07d9442b36942,MDA,energy,1161154,"Energy Transfer Operating, L.P.",2021-02-19,434,1,False,OK,high,False,False,False
452,batch_12,G-N,E2CHK-3c7fd18aaab7c7df,EX99_PRESS_RELEASE,financials,713676,"PNC FINANCIAL SERVICES GROUP, INC.",2021-01-15,392,1,True,FLAGGED,medium,False,False,False
453,batch_12,P,E2CHK-b577f0e5e2ba7e9b,MDA,tech,804753,CERNER Corp,2015-08-05,388,1,False,OK,high,False,False,True
454,batch_12,P,E2CHK-fbfd259e6cd4a189,MDA,tech,804328,QUALCOMM INC/DE,2016-07-20,382,8,True,OK,high,False,False,True
455,batch_12,P,E2CHK-9347d369054a29cc,EX99_PRESS_RELEASE,consumer,1618921,"Walgreens Boots Alliance, Inc.",2016-10-20,393,5,False,OK,high,False,False,True
456,batch_12,P,E2CHK-aededc1f02afd26d,EX99_PRESS_RELEASE,energy,1039684,ONEOK INC /NEW/,2017-02-27,390,1,False,FLAGGED,medium,False,False,True
457,batch_12,G-A,E2CHK-dc843d3a2623c573,EX99_PRESS_RELEASE,tech,1108524,"Salesforce, Inc.",2019-12-03,416,3,True,OK,high,False,False,True
458,batch_12,P,E2CHK-7b8487a0ae0f267d,RISK_FACTORS,consumer,1782754,AZEK Co Inc.,2025-05-07,368,1,True,OK,high,False,False,False
459,batch_12,P,E2CHK-e554766755f75667,MDA,healthcare,731766,UNITEDHEALTH GROUP INC,2020-08-03,363,2,True,OK,high,False,False,True
460,batch_12,G-A,E2CHK-8cd03e16acd39846,EX99_PRESS_RELEASE,healthcare,49071,HUMANA INC,2017-11-08,362,1,False,OK,high,False,False,True
461,batch_12,G-N,E2CHK-f99b9542b58ebf7a,EX99_PRESS_RELEASE,consumer,1637459,Kraft Heinz Co,2024-07-31,362,2,False,OK,high,False,False,False
462,batch_12,G-N,E2CHK-c2811f3c825e7eb2,EX99_PRESS_RELEASE,energy,87347,SLB LIMITED/NV,2016-07-21,376,1,True,OK,high,False,False,False
463,batch_12,P,E2CHK-2c90cf4ecfc18a2c,RISK_FACTORS,tech,1652044,Alphabet Inc.,2016-02-11,384,1,False,OK,high,False,False,False
464,batch_12,P,E2CHK-b2e00fa4731541aa,MDA,tech,47217,HP INC,2017-08-31,440,2,True,OK,high,False,False,False
465,batch_12,P,E2CHK-c6c7fad5d331f8a0,MDA,healthcare,310158,"Merck & Co., Inc.",2016-08-08,378,2,True,FLAGGED,low,False,False,True
466,batch_12,P,E2CHK-cb2a41379789f3af,MDA,financials,70858,BANK OF AMERICA CORP /DE/,2015-07-29,363,1,False,OK,high,False,False,True
467,batch_12,P,E2CHK-abd698aac02b2ae8,MDA,tech,1108524,"Salesforce, Inc.",2020-08-28,380,1,True,OK,high,False,False,False
468,batch_12,P,E2CHK-9eb79b6b9ed12833,MDA,tech,1108524,"Salesforce, Inc.",2019-03-08,372,1,True,OK,high,False,False,True
469,batch_12,G-N,E2CHK-c4264ab9f3cf8e59,EX99_PRESS_RELEASE,financials,1404912,KKR & Co. Inc.,2020-10-30,367,1,False,OK,high,True,False,True
470,batch_12,P,E2CHK-3eb3f6cfec783dba,MDA,healthcare,1613103,Medtronic plc,2025-08-26,376,1,True,OK,high,False,False,True
471,batch_12,P,E2CHK-57aced8928bd9a1d,MDA,tech,1652044,Alphabet Inc.,2022-02-02,351,5,True,OK,high,False,True,True
472,batch_12,P,E2CHK-e1d332ecd68c19f5,MDA,financials,886982,GOLDMAN SACHS GROUP INC,2019-11-01,379,27,True,OK,high,False,True,True
473,batch_12,P,E2CHK-22f9206e6562326a,EX99_PRESS_RELEASE,healthcare,1110803,"ILLUMINA, INC.",2018-10-23,366,1,False,OK,high,False,False,True
474,batch_12,G-N,E2CHK-682e7a65b1a2464d,EX99_PRESS_RELEASE,consumer,1001250,ESTEE LAUDER COMPANIES INC,2021-05-03,410,2,False,OK,high,False,False,False
475,batch_12,G-A,E2CHK-15bf587b7cca72e6,EX99_PRESS_RELEASE,financials,315293,Aon plc,2025-10-31,424,1,False,OK,high,False,False,True
476,batch_12,P,E2CHK-9cf41ac3a9678062,EX99_PRESS_RELEASE,financials,1099219,METLIFE INC,2022-11-02,365,1,False,FLAGGED,medium,False,False,True
477,batch_12,P,E2CHK-51bef9dd170a47a7,EX99_PRESS_RELEASE,consumer,64803,CVS HEALTH Corp,2019-11-06,369,2,True,OK,high,False,False,True
478,batch_12,G-N,E2CHK-74ce7b78ae9042b5,EX99_PRESS_RELEASE,financials,1393818,Blackstone Inc.,2019-10-23,369,2,False,OK,high,False,False,True
479,batch_12,P,E2CHK-d76995aaf3db0c47,MDA,energy,1510295,Marathon Petroleum Corp,2021-02-26,365,2,True,OK,high,False,False,False
480,batch_12,G-A,E2CHK-1e67c55d53778851,EX99_PRESS_RELEASE,energy,1039684,ONEOK INC /NEW/,2018-10-30,375,1,True,OK,high,False,False,True
481,batch_13,G-A,E2CHK-d829f55ca8f37d7b,EX99_PRESS_RELEASE,tech,849399,Gen Digital Inc.,2019-01-31,380,1,False,OK,high,False,False,True
482,batch_13,P,E2CHK-80517001894518ed,MDA,financials,896159,Chubb Ltd,2022-02-24,363,1,True,OK,high,False,False,False
483,batch_13,G-A,E2CHK-77d05055cdf09936,EX99_PRESS_RELEASE,healthcare,200406,JOHNSON & JOHNSON,2015-07-14,362,1,False,OK,high,False,False,False
484,batch_13,P,E2CHK-cc5d2223bb5c7434,RISK_FACTORS,consumer,89800,SHERWIN WILLIAMS CO,2019-02-22,478,4,False,OK,high,False,False,False
485,batch_13,P,E2CHK-13ac74e3f24918cf,MDA,consumer,104169,Walmart Inc.,2025-12-03,427,1,True,OK,high,False,True,True
486,batch_13,P,E2CHK-051f807ab7340029,RISK_FACTORS,tech,723125,MICRON TECHNOLOGY INC,2016-10-28,365,4,True,FLAGGED,low,False,False,False
487,batch_13,P,E2CHK-2b7216aa44bdef4a,EX99_PRESS_RELEASE,consumer,64803,CVS HEALTH Corp,2020-05-06,366,1,True,OK,high,False,False,False
488,batch_13,P,E2CHK-ce249c623371ab45,MDA,consumer,21665,COLGATE PALMOLIVE CO,2016-02-18,357,1,False,OK,high,False,False,False
489,batch_13,P,E2CHK-5d92515d9b56cd6f,RISK_FACTORS,energy,1163165,CONOCOPHILLIPS,2021-02-16,349,1,True,FLAGGED,low,False,False,False
490,batch_13,G-A,E2CHK-f8c72ef20e9f47e5,EX99_PRESS_RELEASE,healthcare,1110803,"ILLUMINA, INC.",2022-05-05,368,1,False,OK,high,False,False,True
491,batch_13,G-N,E2CHK-3a5f0a4b59768397,EX99_PRESS_RELEASE,financials,1393818,Blackstone Inc.,2018-02-01,352,1,False,OK,high,False,False,True
492,batch_13,G-A,E2CHK-d36b7ebe315b5249,EX99_PRESS_RELEASE,consumer,1618921,"Walgreens Boots Alliance, Inc.",2024-03-28,415,1,False,FLAGGED,medium,False,False,True
493,batch_13,G-N,E2CHK-62aed2d9df1dab81,EX99_PRESS_RELEASE,tech,1640147,Snowflake Inc.,2022-03-02,379,1,False,OK,high,False,False,False
494,batch_13,P,E2CHK-ce124a805a8a90ac,EX99_PRESS_RELEASE,healthcare,1613103,Medtronic plc,2019-11-19,381,1,True,OK,high,False,False,True
495,batch_13,P,E2CHK-0e3ff17a9876d1b2,MDA,tech,1341439,ORACLE CORP,2016-09-19,379,1,True,OK,high,False,False,True
496,batch_13,P,E2CHK-ca351fee70f42ff4,MDA,consumer,1065280,NETFLIX INC,2023-10-20,353,1,True,OK,high,False,False,False
497,batch_13,G-N,E2CHK-fdc144152bb9692f,EX99_PRESS_RELEASE,consumer,1413329,Philip Morris International Inc.,2021-02-04,374,1,True,OK,high,False,False,False
498,batch_13,P,E2CHK-1f23ec86898ef77d,MDA,financials,927628,CAPITAL ONE FINANCIAL CORP,2016-02-25,391,1,False,OK,high,False,False,True
499,batch_13,P,E2CHK-d3ed4b842ec0082c,EX99_PRESS_RELEASE,energy,4447,HESS CORP,2021-04-28,388,1,True,OK,high,False,False,True
500,batch_13,P,E2CHK-2436649c4242e5a7,EX99_PRESS_RELEASE,financials,1136893,"Fidelity National Information Services, Inc.",2018-05-08,407,1,False,FLAGGED,medium,False,False,False
501,batch_13,P,E2CHK-b7915473737b6825,MDA,healthcare,310764,STRYKER CORP,2021-07-28,380,1,True,FLAGGED,low,False,False,False
502,batch_13,P,E2CHK-30362d4945bdde07,MDA,financials,713676,"PNC FINANCIAL SERVICES GROUP, INC.",2017-08-02,369,1,True,FLAGGED,medium,False,False,True
503,batch_13,P,E2CHK-0bd15809fde55c9f,RISK_FACTORS,tech,1321655,Palantir Technologies Inc.,2023-05-09,531,2,False,OK,high,False,False,False
504,batch_13,P,E2CHK-0b4cbf6fefa46b1e,MDA,tech,1045810,NVIDIA CORP,2015-08-19,388,26,False,OK,high,False,True,True
505,batch_13,P,E2CHK-55f3c41cbc0c40c4,MDA,energy,1090012,DEVON ENERGY CORP/DE,2021-05-05,371,1,False,OK,high,False,False,False
506,batch_13,P,E2CHK-e6e052bda541c8cd,MDA,energy,4447,HESS CORP,2019-08-06,397,2,False,OK,high,False,False,True
507,batch_13,G-A,E2CHK-4f560e57c0051a11,EX99_PRESS_RELEASE,financials,798354,FISERV INC,2020-10-27,369,1,False,OK,high,False,False,True
508,batch_13,G-N,E2CHK-658a9ac193f51aec,EX99_PRESS_RELEASE,tech,1564408,Snap Inc,2022-07-21,384,1,True,FLAGGED,medium,False,False,False
509,batch_13,P,E2CHK-52fa7e87bf812c16,MDA,energy,1161154,"Energy Transfer Operating, L.P.",2017-08-09,391,5,False,OK,high,False,False,True
510,batch_13,P,E2CHK-2d6fc9a160857d12,RISK_FACTORS,tech,813672,CADENCE DESIGN SYSTEMS INC,2025-02-21,371,1,True,OK,high,False,False,False
511,batch_13,G-A,E2CHK-ce72bb5abc821df6,EX99_PRESS_RELEASE,consumer,764180,"ALTRIA GROUP, INC.",2022-10-27,402,1,True,OK,high,False,False,False
512,batch_13,P,E2CHK-4fa532d3a2d17f1e,EX99_PRESS_RELEASE,financials,1364742,"BlackRock Finance, Inc.",2017-10-11,357,1,True,FLAGGED,medium,False,False,True
513,batch_13,P,E2CHK-cd70cef40486e00d,MDA,tech,1535527,"CrowdStrike Holdings, Inc.",2024-11-27,478,7,False,OK,high,False,False,False
514,batch_13,P,E2CHK-0d2fcecfba4443e1,MDA,consumer,354950,"HOME DEPOT, INC.",2021-03-24,358,2,True,OK,high,False,False,False
515,batch_13,P,E2CHK-e2b50bc7b83e55e1,MDA,energy,1276187,Energy Transfer LP,2023-11-02,359,5,True,OK,high,False,False,False
516,batch_13,P,E2CHK-f7fab9fd23872ef2,MDA,consumer,109198,TJX COMPANIES INC /DE/,2016-11-30,389,1,False,FLAGGED,low,False,False,True
517,batch_13,G-N,E2CHK-993aebfd867560b5,EX99_PRESS_RELEASE,tech,8670,AUTOMATIC DATA PROCESSING INC,2022-07-27,379,1,False,OK,high,False,False,True
518,batch_13,P,E2CHK-95735ebb8e759307,EX99_PRESS_RELEASE,consumer,1001250,ESTEE LAUDER COMPANIES INC,2025-10-30,361,1,False,OK,high,False,False,True
519,batch_13,P,E2CHK-2066076789fd74d5,EX99_PRESS_RELEASE,energy,895126,EXPAND ENERGY Corp,2017-05-04,385,1,False,OK,high,False,False,False
520,batch_13,P,E2CHK-3f35dadfb12041e2,MDA,energy,1035002,VALERO ENERGY CORP/TX,2017-05-08,381,1,True,OK,high,False,False,True
521,batch_14,G-N,E2CHK-4f5e27f7fdc80654,EX99_PRESS_RELEASE,consumer,764180,"ALTRIA GROUP, INC.",2017-10-26,392,2,True,OK,high,False,False,True
522,batch_14,G-A,E2CHK-373ad9d2105f676c,EX99_PRESS_RELEASE,tech,47217,HP INC,2016-02-24,444,1,False,OK,high,False,False,False
523,batch_14,P,E2CHK-1dc28f80d6be3058,RISK_FACTORS,financials,713676,"PNC FINANCIAL SERVICES GROUP, INC.",2024-02-21,411,2,True,OK,high,False,False,False
524,batch_14,P,E2CHK-e9eb3b68f3b42be6,RISK_FACTORS,healthcare,1110803,"ILLUMINA, INC.",2024-02-16,369,2,False,OK,high,False,False,True
525,batch_14,G-A,E2CHK-1e2619c28f2f551f,EX99_PRESS_RELEASE,healthcare,78003,PFIZER INC,2020-04-28,404,2,True,OK,high,False,False,True
526,batch_14,G-A,E2CHK-b9201930e2c6eb33,EX99_PRESS_RELEASE,consumer,80424,PROCTER & GAMBLE Co,2018-07-31,201,1,True,OK,high,False,False,False
527,batch_14,G-A,E2CHK-0151324a9c0e2bba,EX99_PRESS_RELEASE,energy,1539838,"Diamondback Energy, Inc.",2016-11-07,353,1,False,OK,high,False,False,True
528,batch_14,G-N,E2CHK-67a82ff15c983117,EX99_PRESS_RELEASE,healthcare,1156039,"Elevance Health, Inc.",2019-07-24,376,1,True,OK,high,False,False,False
529,batch_14,P,E2CHK-3bfb0ec599a78a4a,RISK_FACTORS,financials,1403161,VISA INC.,2025-11-06,505,1,True,OK,high,False,True,False
530,batch_14,P,E2CHK-1e231bbaae6e73fa,EX99_PRESS_RELEASE,healthcare,1555280,Zoetis Inc.,2026-05-07,364,1,True,OK,high,False,False,True
531,batch_14,P,E2CHK-576b4d2140d86cd6,EX99_PRESS_RELEASE,consumer,89800,SHERWIN WILLIAMS CO,2021-04-27,330,1,True,OK,high,False,False,True
532,batch_14,P,E2CHK-4706064f85923070,RISK_FACTORS,healthcare,872589,"REGENERON PHARMACEUTICALS, INC.",2019-02-07,531,12,True,OK,high,False,False,False
533,batch_14,P,E2CHK-04cc445a0f58ac07,EX99_PRESS_RELEASE,financials,713676,"PNC FINANCIAL SERVICES GROUP, INC.",2016-04-14,379,2,False,FLAGGED,medium,False,False,True
534,batch_14,G-N,E2CHK-ce6eac4707573983,EX99_PRESS_RELEASE,financials,831001,CITIGROUP INC,2016-01-15,366,1,False,OK,high,False,False,False
535,batch_14,G-A,E2CHK-cd7baf5cae71f612,EX99_PRESS_RELEASE,energy,1039684,ONEOK INC /NEW/,2020-10-27,673,1,True,OK,high,False,False,True
536,batch_14,P,E2CHK-0511b5cde4fac95e,MDA,energy,1161154,"Energy Transfer Operating, L.P.",2018-05-10,470,2,False,OK,high,False,False,False
537,batch_14,G-A,E2CHK-3ea345cfc589396c,EX99_PRESS_RELEASE,tech,1108524,"Salesforce, Inc.",2016-08-31,393,1,True,OK,high,False,False,False
538,batch_14,P,E2CHK-dd92779b64084e68,MDA,healthcare,1613103,Medtronic plc,2016-12-05,386,2,False,OK,high,False,False,False
539,batch_14,P,E2CHK-499418da7a0cc909,EX99_PRESS_RELEASE,energy,1539838,"Diamondback Energy, Inc.",2025-08-04,377,1,True,FLAGGED,medium,False,False,True
540,batch_14,P,E2CHK-2c02dec5b1bb6696,MDA,financials,5272,"AMERICAN INTERNATIONAL GROUP, INC.",2016-02-19,362,1,False,OK,high,False,False,False
541,batch_14,P,E2CHK-8450fe31f7053112,MDA,consumer,1018724,AMAZON COM INC,2025-08-01,385,1,True,OK,high,False,False,True
542,batch_14,G-N,E2CHK-b456c292a28d4fb8,EX99_PRESS_RELEASE,financials,72971,WELLS FARGO & COMPANY/MN,2018-07-13,360,1,True,OK,high,False,False,True
543,batch_14,P,E2CHK-2c5ff50972df0440,MDA,financials,1571949,"Intercontinental Exchange, Inc.",2025-02-06,409,1,False,OK,high,False,False,False
544,batch_14,P,E2CHK-e19a32a3cb00e8f9,EX99_PRESS_RELEASE,financials,831001,CITIGROUP INC,2024-01-12,379,1,True,FLAGGED,medium,False,False,False
545,batch_14,P,E2CHK-f06ad5ad94e40c95,RISK_FACTORS,financials,92230,TRUIST FINANCIAL CORP,2019-02-26,386,1,False,OK,high,False,False,False
546,batch_14,G-A,E2CHK-881ca5c9182d3a82,EX99_PRESS_RELEASE,healthcare,1156039,"Elevance Health, Inc.",2017-07-26,360,1,False,OK,high,False,False,False
547,batch_14,P,E2CHK-2b605524d2f16bea,MDA,energy,93410,CHEVRON CORP,2024-05-02,362,1,True,OK,high,False,True,True
548,batch_14,P,E2CHK-4ff73ff61f02a105,MDA,healthcare,14272,BRISTOL MYERS SQUIBB CO,2017-02-21,418,4,True,OK,high,False,False,False
549,batch_14,P,E2CHK-7f49f7c526083241,MDA,energy,107263,"WILLIAMS COMPANIES, INC.",2021-02-24,411,2,True,OK,high,False,False,False
550,batch_14,G-N,E2CHK-325c3faffcdd9a7f,EX99_PRESS_RELEASE,financials,316709,SCHWAB CHARLES CORP,2020-04-15,365,2,True,OK,high,False,False,True
551,batch_14,P,E2CHK-60a9d30eda3fba96,MDA,financials,886982,GOLDMAN SACHS GROUP INC,2018-08-03,359,4,True,OK,high,False,False,False
552,batch_14,P,E2CHK-18c02bafee64fdfe,MDA,financials,5272,"AMERICAN INTERNATIONAL GROUP, INC.",2017-05-04,359,1,True,OK,high,False,False,False
553,batch_14,P,E2CHK-be9cc9732d981b4e,EX99_PRESS_RELEASE,financials,1136893,"Fidelity National Information Services, Inc.",2024-05-07,350,1,False,FLAGGED,medium,False,False,False
554,batch_14,P,E2CHK-217a3455ffbbeb82,EX99_PRESS_RELEASE,financials,86312,"TRAVELERS COMPANIES, INC.",2023-10-18,355,1,False,OK,high,False,False,False
555,batch_14,P,E2CHK-5d00bc88cd98b761,EX99_PRESS_RELEASE,financials,1065088,EBAY INC,2015-10-21,364,1,False,OK,high,False,False,True
556,batch_14,G-A,E2CHK-d547ce5ba2d65450,EX99_PRESS_RELEASE,consumer,37996,FORD MOTOR CO,2020-04-28,377,1,True,FLAGGED,medium,False,False,True
557,batch_14,G-A,E2CHK-4f12651a09de0b85,EX99_PRESS_RELEASE,consumer,104169,Walmart Inc.,2020-05-19,385,1,True,OK,high,False,False,True
558,batch_14,P,E2CHK-6e9fffee086307d1,RISK_FACTORS,energy,1276187,Energy Transfer LP,2024-05-09,177,1,True,OK,high,False,False,False
559,batch_14,P,E2CHK-2e806ececa6a76a3,MDA,consumer,829224,STARBUCKS CORP,2020-04-28,585,2,True,OK,high,False,False,False
560,batch_14,G-A,E2CHK-881ec176e727b919,EX99_PRESS_RELEASE,healthcare,78003,PFIZER INC,2021-02-02,359,2,True,OK,high,False,False,True
561,batch_15,P,E2CHK-7ae98f76f805239a,EX99_PRESS_RELEASE,financials,1099590,MERCADOLIBRE INC,2023-05-03,421,2,True,OK,high,False,False,True
562,batch_15,P,E2CHK-d5ccec4276df1c4e,MDA,tech,789019,MICROSOFT CORP,2025-04-30,352,1,True,OK,high,False,True,False
563,batch_15,P,E2CHK-200ad84cdaebbf04,MDA,financials,1099590,MERCADOLIBRE INC,2019-02-28,514,1,False,FLAGGED,low,False,False,True
564,batch_15,P,E2CHK-4f259a30da9e1084,MDA,consumer,1001250,ESTEE LAUDER COMPANIES INC,2025-10-30,366,3,False,OK,high,False,False,False
565,batch_15,G-A,E2CHK-945c77855269495a,EX99_PRESS_RELEASE,healthcare,59478,ELI LILLY & Co,2019-02-06,362,1,True,OK,high,False,False,True
566,batch_15,G-N,E2CHK-cbb9da8be4757a0c,EX99_PRESS_RELEASE,consumer,1001250,ESTEE LAUDER COMPANIES INC,2025-05-01,365,6,False,OK,high,False,False,False
567,batch_15,P,E2CHK-01f938193ec0c29a,MDA,consumer,1318605,"Tesla, Inc.",2017-08-04,375,1,False,OK,high,False,False,False
568,batch_15,G-N,E2CHK-6a7987db7eb55fac,EX99_PRESS_RELEASE,financials,80661,PROGRESSIVE CORP/OH/,2015-10-16,368,3,False,FLAGGED,medium,False,False,True
569,batch_15,P,E2CHK-6b132b3219f72f17,EX99_PRESS_RELEASE,consumer,60667,LOWES COMPANIES INC,2023-05-23,365,3,True,OK,high,False,False,True
570,batch_15,P,E2CHK-d2383b7fdaba3894,RISK_FACTORS,energy,1276187,Energy Transfer LP,2024-05-09,497,1,True,OK,high,False,False,False
571,batch_15,G-N,E2CHK-5444ca8574726e44,EX99_PRESS_RELEASE,energy,1539838,"Diamondback Energy, Inc.",2024-02-12,356,1,True,FLAGGED,medium,False,False,False
572,batch_15,P,E2CHK-16945c1850fb826e,EX99_PRESS_RELEASE,energy,1090012,DEVON ENERGY CORP/DE,2024-02-27,357,1,True,OK,high,False,False,True
573,batch_15,G-A,E2CHK-e0da585f7f4710f9,EX99_PRESS_RELEASE,healthcare,318154,AMGEN INC,2016-10-27,377,1,True,OK,high,False,False,True
574,batch_15,P,E2CHK-e230c4d51fc42ccd,MDA,tech,1321655,Palantir Technologies Inc.,2020-11-13,371,1,False,OK,high,False,False,False
575,batch_15,P,E2CHK-f1b85b95d5d61041,EX99_PRESS_RELEASE,tech,712515,ELECTRONIC ARTS INC.,2016-05-10,382,4,False,OK,high,False,False,True
576,batch_15,P,E2CHK-e45e9cdca77850ee,MDA,healthcare,872589,"REGENERON PHARMACEUTICALS, INC.",2015-11-04,364,2,False,OK,high,False,False,False
577,batch_15,P,E2CHK-e83deb713d8c9f5b,EX99_PRESS_RELEASE,consumer,1318605,"Tesla, Inc.",2016-02-10,375,1,False,FLAGGED,medium,False,False,True
578,batch_15,P,E2CHK-d4da76e5274c7ff2,EX99_PRESS_RELEASE,financials,80661,PROGRESSIVE CORP/OH/,2017-01-25,368,1,False,FLAGGED,medium,False,False,True
579,batch_15,P,E2CHK-57fcec50ebcdeb2d,MDA,financials,19617,JPMORGAN CHASE & CO,2026-05-01,376,1,True,OK,high,False,True,False
580,batch_15,P,E2CHK-5712e6777412f816,MDA,healthcare,1035267,INTUITIVE SURGICAL INC,2022-02-03,456,1,True,OK,high,False,False,False
