cik,name,tickers,sector,stratum,sic,member_from,member_to,n_reconstitutions,entry_sector_rank,exit_sector_rank,median_sector_rank,median_float_usd,all_dates
80424,PROCTER & GAMBLE Co,PG,consumer,core,2840,2016-07-01,2020-07-01,4,1,2,2.0,223000000000.0,False
1001039,TWDC Enterprises 18 Corp.,,consumer,core,7990,2016-07-01,2019-07-01,3,2,6,5.0,177900000000.0,False
21344,COCA COLA CO,KO,consumer,core,2080,2016-07-01,,11,3,7,5.0,215914430571.0,True
1018724,AMAZON COM INC,AMZN,consumer,core,5961,2016-07-01,,11,4,1,1.0,944744113598.0,True
354950,"HOME DEPOT, INC.",HD,consumer,core,5211,2016-07-01,,11,5,6,4.0,285600000000.0,True
1166691,COMCAST CORP,"CMCSA,CCZ",consumer,core,4841,2016-07-01,,11,6,12,7.0,170209000000.0,True
77476,PEPSICO INC,PEP,consumer,core,2080,2016-07-01,2017-07-01,1,7,7,7.0,137900000000.0,False
1413329,Philip Morris International Inc.,PM,consumer,core,2111,2016-07-01,,11,8,8,9.0,153000000000.0,True
64803,CVS HEALTH Corp,CVS,consumer,core,5912,2016-07-01,,11,9,17,14.0,86382523283.0,True
764180,"ALTRIA GROUP, INC.",MO,consumer,core,2111,2016-07-01,,11,10,15,15.0,88000000000.0,True
63908,MCDONALDS CORP,MCD,consumer,core,5812,2016-07-01,,11,11,9,10.0,157661991693.0,True
320187,"NIKE, Inc.",NKE,consumer,core,3021,2016-07-01,2026-07-01,10,12,13,12.0,111897502210.0,False
829224,STARBUCKS CORP,SBUX,consumer,core,5810,2016-07-01,,11,13,14,14.0,89800000000.0,True
1105705,"WARNER MEDIA, LLC",,consumer,core,4841,2016-07-01,2019-07-01,3,14,13,14.0,68960000000.0,False
1103982,"Mondelez International, Inc.",MDLZ,consumer,core,2000,2016-07-01,,11,15,16,16.0,76700000000.0,True
60667,LOWES COMPANIES INC,LOW,consumer,core,5211,2016-07-01,2017-07-01,1,16,16,16.0,64300000000.0,False
1532063,Express Scripts Holding Co.,,consumer,core,5912,2016-07-01,2017-07-01,1,17,17,17.0,59987373540.0,False
21665,COLGATE PALMOLIVE CO,CL,consumer,core,2844,2016-07-01,2021-07-01,5,18,16,16.0,61300000000.0,False
37996,FORD MOTOR CO,"F,F-PB,F-PC,F-PD",consumer,core,3711,2016-07-01,2017-07-01,1,19,19,19.0,58530047195.0,False
1467858,General Motors Co,GM,consumer,core,3711,2016-07-01,2017-07-01,1,20,20,20.0,52400000000.0,False
104169,Walmart Inc.,WMT,consumer,core,5331,2017-07-01,,10,9,5,8.0,184527097677.5,False
1637459,Kraft Heinz Co,KHC,consumer,core,2030,2017-07-01,2019-07-01,2,10,19,14.5,79500000000.0,False
1618921,"Walgreens Boots Alliance, Inc.",,consumer,core,5912,2017-07-01,2018-07-01,1,15,15,15.0,73000000000.0,False
109198,TJX COMPANIES INC /DE/,TJX,consumer,core,5651,2017-07-01,2018-07-01,1,19,19,19.0,53583828925.0,False
1091667,"CHARTER COMMUNICATIONS, INC. /MO/",CHTR,consumer,core,4841,2017-07-01,2023-07-01,6,20,18,17.5,66650000000.0,False
1065280,NETFLIX INC,NFLX,consumer,core,7841,2018-07-01,,9,18,3,7.0,192301932760.0,False
1467858,General Motors Co,GM,consumer,core,3711,2018-07-01,2021-07-01,3,20,18,18.0,54700000000.0,False
77476,PEPSICO INC,PEP,consumer,core,2080,2019-07-01,,8,5,10,7.5,194650000000.0,False
1318605,"Tesla, Inc.",TSLA,consumer,core,3711,2019-07-01,2020-07-01,1,19,19,19.0,46570000000.0,False
37996,FORD MOTOR CO,"F,F-PB,F-PC,F-PD",consumer,core,3711,2019-07-01,2020-07-01,1,20,20,20.0,43335618411.0,False
31462,ECOLAB INC.,ECL,consumer,core,2840,2020-07-01,2021-07-01,1,17,17,17.0,56547973473.0,False
89800,SHERWIN WILLIAMS CO,SHW,consumer,core,5200,2020-07-01,2021-07-01,1,19,19,19.0,42201407338.0,False
27419,TARGET CORP,TGT,consumer,core,5331,2020-07-01,2024-07-01,4,20,19,19.5,69062870468.5,False
80424,PROCTER & GAMBLE Co,PG,consumer,core,2840,2021-07-01,,6,2,4,4.0,351000000000.0,False
1744489,Walt Disney Co,DIS,consumer,core,7990,2021-07-01,,6,9,11,9.0,203150000000.0,False
1318605,"Tesla, Inc.",TSLA,consumer,core,3711,2021-07-01,,6,10,2,2.0,565325000000.0,False
60667,LOWES COMPANIES INC,LOW,consumer,core,5211,2021-07-01,,6,13,13,14.0,128400000000.0,False
1001250,ESTEE LAUDER COMPANIES INC,EL,consumer,core,2844,2023-07-01,2024-07-01,1,16,16,16.0,86000000000.0,False
1782754,AZEK Co Inc.,,consumer,core,3089,2024-07-01,2025-07-01,1,1,1,1.0,2796678033000.0,False
89800,SHERWIN WILLIAMS CO,SHW,consumer,core,5200,2024-07-01,,3,20,18,19.0,75067265612.0,False
21665,COLGATE PALMOLIVE CO,CL,consumer,core,2844,2025-07-01,,2,17,19,18.0,76300000000.0,False
31462,ECOLAB INC.,ECL,consumer,core,2840,2026-07-01,,1,20,20,20.0,67088288734.0,False
34088,EXXON MOBIL CORP,,energy,core,2911,2016-07-01,,11,1,1,1.0,350000000000.0,True
93410,CHEVRON CORP,CVX,energy,core,2911,2016-07-01,,11,2,2,2.0,236200000000.0,True
87347,SLB LIMITED/NV,SLB,energy,core,1389,2016-07-01,,11,3,12,5.0,66860000000.0,True
1163165,CONOCOPHILLIPS,COP,energy,core,2911,2016-07-01,,11,4,3,4.0,80900000000.0,True
1506307,"KINDER MORGAN, INC.","KMI,EP-PC",energy,core,4922,2016-07-01,,11,5,7,10.0,36152128132.0,True
821189,EOG RESOURCES INC,EOG,energy,core,1311,2016-07-01,,11,6,6,6.0,63532000000.0,True
797468,OCCIDENTAL PETROLEUM CORP /DE/,"OXY,OXY-WT",energy,core,1311,2016-07-01,,11,7,15,7.0,51700000000.0,True
1534701,Phillips 66,PSX,energy,core,2911,2016-07-01,,11,8,11,9.0,42300000000.0,True
773910,ANADARKO PETROLEUM CORP,,energy,core,1311,2016-07-01,2020-07-01,4,9,11,11.0,32250000000.0,False
107263,"WILLIAMS COMPANIES, INC.",WMB,energy,core,4922,2016-07-01,2017-07-01,1,10,10,10.0,39345468396.0,False
1061219,ENTERPRISE PRODUCTS PARTNERS L.P.,"EPD,EPDU",energy,core,4922,2016-07-01,,11,11,13,11.0,39610000000.0,True
45012,HALLIBURTON CO,HAL,energy,core,1389,2016-07-01,2026-07-01,10,12,20,18.0,23850000000.0,False
1035002,VALERO ENERGY CORP/TX,VLO,energy,core,2911,2016-07-01,,11,13,14,12.0,35500000000.0,True
1483096,WILLIAMS PARTNERS L.P.,,energy,core,4922,2016-07-01,2019-07-01,3,14,9,14.0,28408143353.0,False
1510295,Marathon Petroleum Corp,MPC,energy,core,2911,2016-07-01,,11,15,10,10.0,36700000000.0,True
1276187,Energy Transfer LP,"ET,ET-PI",energy,core,4922,2016-07-01,2017-07-01,1,16,16,16.0,25400000000.0,False
1012569,"Energy Transfer, LP",,energy,core,4922,2016-07-01,2018-07-01,2,17,17,17.0,21715000000.0,False
1090012,DEVON ENERGY CORP/DE,DVN,energy,core,1311,2016-07-01,2018-07-01,2,18,18,18.0,21600000000.0,False
1373835,Spectra Energy Corp.,,energy,core,4923,2016-07-01,2017-07-01,1,19,19,19.0,22000000000.0,False
6769,APACHE CORP,,energy,core,1311,2016-07-01,2020-07-01,4,20,20,19.5,19688369297.0,False
1038357,PIONEER NATURAL RESOURCES CO,,energy,core,1311,2017-07-01,2025-07-01,8,12,8,12.5,29474102514.5,False
1126975,"Magellan Midstream Partners, L.P.",,energy,core,4610,2017-07-01,2018-07-01,1,19,19,19.0,17271907668.0,False
4447,HESS CORP,,energy,core,2911,2017-07-01,2018-07-01,1,20,20,20.0,16770000000.0,False
107263,"WILLIAMS COMPANIES, INC.",WMB,energy,core,4922,2018-07-01,,9,16,5,13.0,32986794536.0,False
1161154,"Energy Transfer Operating, L.P.",,energy,core,4610,2018-07-01,2020-07-01,2,17,17,17.0,21645000000.0,False
1039684,ONEOK INC /NEW/,OKE,energy,core,4923,2018-07-01,,9,18,9,16.0,27400000000.0,False
1358071,CONCHO RESOURCES INC,,energy,core,1311,2018-07-01,2021-07-01,3,20,17,19.0,20433760692.0,False
1090012,DEVON ENERGY CORP/DE,DVN,energy,core,1311,2019-07-01,2020-07-01,1,16,16,16.0,22500000000.0,False
895728,ENBRIDGE INC,"ENB,EBBNF,EBBGF,EBGEF,EBRGF,EBRZF,ENBFF,ENBGF,ENBHF,ENBMF,ENBNF,ENBOF,ENBRF,ENBSF,ENFFF,ENNPF",energy,core,4610,2020-07-01,,7,3,4,4.0,77500000000.0,False
1276187,Energy Transfer LP,"ET,ET-PI",energy,core,4922,2020-07-01,,7,14,8,14.0,30570000000.0,False
4447,HESS CORP,,energy,core,2911,2020-07-01,2026-07-01,6,19,15,16.5,26881000000.0,False
1539838,"Diamondback Energy, Inc.",FANG,energy,core,1311,2020-07-01,2021-07-01,1,20,20,20.0,15900000000.0,False
1126975,"Magellan Midstream Partners, L.P.",,energy,core,4610,2021-07-01,2022-07-01,1,19,19,19.0,9686843947.0,False
1552000,MPLX LP,"MPLX,MPLXP",energy,core,4610,2021-07-01,2022-07-01,1,20,20,20.0,6800000000.0,False
1090012,DEVON ENERGY CORP/DE,DVN,energy,core,1311,2022-07-01,,5,18,19,18.0,29500000000.0,False
1539838,"Diamondback Energy, Inc.",FANG,energy,core,1311,2022-07-01,,5,20,18,19.0,23400000000.0,False
1389170,Targa Resources Corp.,TRGP,energy,core,4922,2025-07-01,,2,19,16,17.5,32418400000.0,False
33213,EQT Corp,EQT,energy,core,1311,2026-07-01,,1,17,17,17.0,34700000000.0,False
895126,EXPAND ENERGY Corp,EXE,energy,core,1311,2026-07-01,,1,20,20,20.0,19600000000.0,False
72971,WELLS FARGO & COMPANY/MN,"WFC,WFC-PY,WFC-PL,WFC-PC,WFCNP,WFC-PA,WFC-PD,WFC-PZ",financials,core,6021,2016-07-01,,11,1,6,6.0,208700000000.0,True
1067983,BERKSHIRE HATHAWAY INC,"BRK-B,BRK-A",financials,core,6331,2016-07-01,,11,2,1,1.0,417300000000.0,True
19617,JPMORGAN CHASE & CO,"JPM,JPM-PC,AMJB,JPM-PD,JPM-PJ,JPM-PK,JPM-PL,JPM-PM,VYLD",financials,core,6021,2016-07-01,,11,3,2,2.0,354989423493.0,True
70858,BANK OF AMERICA CORP /DE/,"BAC,BML-PG,BML-PL,BAC-PB,BAC-PK,BAC-PE,BAC-PL,BAC-PM,BAC-PN,BAC-PO,BAC-PP,BAC-PQ,BAC-PS,BACRP,BML-PH,BML-PJ,MER-PK",financials,core,6021,2016-07-01,,11,4,5,5.0,250136457342.0,True
831001,CITIGROUP INC,"C,C-PN,C-PR",financials,core,6021,2016-07-01,,11,5,11,7.0,123000000000.0,True
1403161,VISA INC.,V,financials,core,7389,2016-07-01,,11,6,3,3.0,272700000000.0,True
1141391,Mastercard Inc,MA,financials,core,7389,2016-07-01,,11,7,4,5.0,261300000000.0,True
886982,GOLDMAN SACHS GROUP INC,"GS,GSCE,GS-PA,GS-PC,GS-PD",financials,core,6211,2016-07-01,,11,8,8,9.0,88600000000.0,True
5272,"AMERICAN INTERNATIONAL GROUP, INC.",AIG,financials,core,6331,2016-07-01,2021-07-01,5,9,20,15.0,56480000000.0,False
36104,US BANCORP \DE\,"USB,USB-PA,USB-PH,USB-PP,USB-PQ,USB-PR,USB-PS",financials,core,6021,2016-07-01,2024-07-01,8,10,17,10.0,79250000000.0,False
895421,MORGAN STANLEY,"MS,MS-PK,MS-PE,MS-PA,MS-PF,MS-PI,MS-PL,MS-PO,MS-PP,MS-PQ",financials,core,6211,2016-07-01,,11,11,7,10.0,79320949858.0,True
1065088,EBAY INC,EBAY,financials,core,7389,2016-07-01,2017-07-01,1,12,12,12.0,67436299797.0,False
1099219,METLIFE INC,"MET,MET-PA,MET-PE,MET-PF",financials,core,6311,2016-07-01,2021-07-01,5,13,19,17.0,46500000000.0,False
1364742,"BlackRock Finance, Inc.",,financials,core,6211,2016-07-01,2025-07-01,9,14,9,11.0,79100000000.0,False
713676,"PNC FINANCIAL SERVICES GROUP, INC.",PNC,financials,core,6021,2016-07-01,2021-07-01,5,15,15,15.0,59800000000.0,False
927628,CAPITAL ONE FINANCIAL CORP,"COF,COF-PI,COF-PJ,COF-PK,COF-PL,COF-PN",financials,core,6021,2016-07-01,2017-07-01,1,16,16,16.0,47456297783.0,False
1390777,Bank of New York Mellon Corp,"BNY,BNY-PK",financials,core,6022,2016-07-01,2020-07-01,4,17,17,16.5,49509176735.0,False
1137774,PRUDENTIAL FINANCIAL INC,"PRU,PFH,PRH,PRS",financials,core,6311,2016-07-01,2017-07-01,1,18,18,18.0,39550000000.0,False
316709,SCHWAB CHARLES CORP,"SCHW,SCHW-PD,SCHW-PJ",financials,core,6211,2016-07-01,2017-07-01,1,19,19,19.0,38000000000.0,False
896159,Chubb Ltd,CB,financials,core,6331,2016-07-01,2022-07-01,6,20,15,14.5,59500000000.0,False
1633917,"PayPal Holdings, Inc.",PYPL,financials,core,7389,2017-07-01,2025-07-01,8,16,17,10.5,89600000000.0,False
62709,"MARSH & MCLENNAN COMPANIES, INC.",MRSH,financials,core,6411,2017-07-01,2018-07-01,1,18,18,18.0,35474889954.0,False
86312,"TRAVELERS COMPANIES, INC.",TRV,financials,core,6331,2017-07-01,2018-07-01,1,19,19,19.0,34172576191.0,False
1222333,SPDR GOLD TRUST,GLD,financials,core,6221,2017-07-01,2018-07-01,1,20,20,20.0,32760852000.0,False
316709,SCHWAB CHARLES CORP,"SCHW,SCHW-PD,SCHW-PJ",financials,core,6211,2018-07-01,2021-07-01,3,18,18,18.0,51200000000.0,False
1137774,PRUDENTIAL FINANCIAL INC,"PRU,PFH,PRH,PRS",financials,core,6311,2018-07-01,2019-07-01,1,19,19,19.0,46180000000.0,False
1156375,CME GROUP INC.,CME,financials,core,6200,2018-07-01,,9,20,19,17.0,68500000000.0,False
927628,CAPITAL ONE FINANCIAL CORP,"COF,COF-PI,COF-PJ,COF-PK,COF-PL,COF-PN",financials,core,6021,2019-07-01,2020-07-01,1,20,20,20.0,43100000000.0,False
62709,"MARSH & MCLENNAN COMPANIES, INC.",MRSH,financials,core,6411,2020-07-01,2022-07-01,2,16,17,16.5,52128565812.0,False
1571949,"Intercontinental Exchange, Inc.",ICE,financials,core,6200,2020-07-01,2021-07-01,1,17,17,17.0,48031836007.0,False
1136893,"Fidelity National Information Services, Inc.",FIS,financials,core,7389,2021-07-01,2023-07-01,2,9,14,11.5,85121757298.0,False
798354,FISERV INC,FISV,financials,core,7389,2021-07-01,2023-07-01,2,13,20,16.5,67822821953.5,False
1543151,"Uber Technologies, Inc",UBER,financials,core,7389,2021-07-01,2023-07-01,2,18,13,15.5,71250000000.0,False
92230,TRUIST FINANCIAL CORP,"TFC,TFC-PI,TFC-PO,TFC-PR",financials,core,6021,2021-07-01,2023-07-01,2,19,18,18.5,62200000000.0,False
1123360,GLOBAL PAYMENTS INC,GPN,financials,core,7389,2021-07-01,2022-07-01,1,20,20,20.0,50324272356.0,False
316709,SCHWAB CHARLES CORP,"SCHW,SCHW-PD,SCHW-PJ",financials,core,6211,2022-07-01,,5,12,10,10.0,122800000000.0,False
713676,"PNC FINANCIAL SERVICES GROUP, INC.",PNC,financials,core,6021,2022-07-01,2024-07-01,2,16,20,18.0,72700000000.0,False
1099590,MERCADOLIBRE INC,MELI,financials,core,7389,2022-07-01,2023-07-01,1,19,19,19.0,71151553526.0,False
1393612,Discover Financial Services,,financials,core,6141,2023-07-01,2024-07-01,1,12,12,12.0,82497990080.0,False
896159,Chubb Ltd,CB,financials,core,6331,2023-07-01,,4,13,15,14.0,92500000000.0,False
62709,"MARSH & MCLENNAN COMPANIES, INC.",MRSH,financials,core,6411,2023-07-01,,4,15,17,14.0,98218073834.5,False
1222333,SPDR GOLD TRUST,GLD,financials,core,6221,2023-07-01,2024-07-01,1,18,18,18.0,68128669000.0,False
80661,PROGRESSIVE CORP/OH/,PGR,financials,core,6331,2023-07-01,,4,19,12,13.5,98889631824.0,False
1543151,"Uber Technologies, Inc",UBER,financials,core,7389,2024-07-01,,3,13,9,9.0,147000000000.0,False
798354,FISERV INC,FISV,financials,core,7389,2024-07-01,,3,16,20,16.0,85486940134.0,False
315293,Aon plc,AON,financials,core,6411,2024-07-01,2025-07-01,1,18,18,18.0,70135237097.0,False
1393818,Blackstone Inc.,BX,financials,core,6282,2024-07-01,,3,20,16,16.0,88200000000.0,False
1571949,"Intercontinental Exchange, Inc.",ICE,financials,core,6200,2025-07-01,,2,17,18,17.5,91200000000.0,False
1099590,MERCADOLIBRE INC,MELI,financials,core,7389,2025-07-01,,2,18,14,16.0,100076686438.0,False
1404912,KKR & Co. Inc.,"KKR,KKR-PD,KKRS,KKRT",financials,core,6282,2025-07-01,2026-07-01,1,19,19,19.0,71400000000.0,False
927628,CAPITAL ONE FINANCIAL CORP,"COF,COF-PI,COF-PJ,COF-PK,COF-PL,COF-PN",financials,core,6021,2026-07-01,,1,13,13,13.0,135200000000.0,False
200406,JOHNSON & JOHNSON,JNJ,healthcare,core,2834,2016-07-01,,11,1,2,1.0,363000000000.0,True
78003,PFIZER INC,PFE,healthcare,core,2834,2016-07-01,,11,2,11,3.0,209000000000.0,True
310158,"Merck & Co., Inc.",MRK,healthcare,core,2834,2016-07-01,,11,3,6,4.0,196870000000.0,True
882095,"GILEAD SCIENCES, INC.",GILD,healthcare,core,2836,2016-07-01,2023-07-01,7,4,20,13.0,79506595778.0,False
1578845,Allergan plc,,healthcare,core,2834,2016-07-01,2021-07-01,5,5,17,12.0,81000000000.0,False
731766,UNITEDHEALTH GROUP INC,UNH,healthcare,core,6324,2016-07-01,,11,6,4,2.0,281771756077.0,True
14272,BRISTOL MYERS SQUIBB CO,"BMY,CELG-RI",healthcare,core,2834,2016-07-01,,11,7,16,10.0,110846810075.0,True
1551152,AbbVie Inc.,ABBV,healthcare,core,2834,2016-07-01,,11,8,3,5.0,171597270533.0,True
318154,AMGEN INC,AMGN,healthcare,core,2836,2016-07-01,,11,9,9,9.0,125649811435.0,True
875045,BIOGEN INC.,BIIB,healthcare,core,2836,2016-07-01,2020-07-01,4,10,15,15.0,57743849868.5,False
816284,CELGENE CORP /DE/,,healthcare,core,2834,2016-07-01,2020-07-01,4,11,18,12.0,83997559338.0,False
66740,3M CO,MMM,healthcare,core,3841,2016-07-01,2024-07-01,8,12,15,10.5,102950000000.0,False
59478,ELI LILLY & Co,LLY,healthcare,core,2834,2016-07-01,,11,13,1,7.0,138907000000.0,True
1800,ABBOTT LABORATORIES,ABT,healthcare,core,2834,2016-07-01,,11,14,5,7.0,157956823602.0,True
872589,"REGENERON PHARMACEUTICALS, INC.",REGN,healthcare,core,2834,2016-07-01,2019-07-01,3,15,16,16.0,50337000000.0,False
936402,Shire plc,,healthcare,core,2834,2016-07-01,2019-07-01,3,16,17,16.0,50100000000.0,False
1122304,AETNA INC /PA/,,healthcare,core,6324,2016-07-01,2019-07-01,3,17,19,17.0,43200000000.0,False
1156039,"Elevance Health, Inc.",ELV,healthcare,core,6324,2016-07-01,2017-07-01,1,18,18,18.0,42815533599.0,False
927653,MCKESSON CORP,MCK,healthcare,core,5122,2016-07-01,2018-07-01,2,19,19,19.0,40050000000.0,False
701221,Cigna Holding Co,,healthcare,core,6324,2016-07-01,2017-07-01,1,20,20,20.0,41600000000.0,False
1613103,Medtronic plc,MDT,healthcare,core,3845,2017-07-01,,10,6,12,8.5,118150000000.0,False
310764,STRYKER CORP,SYK,healthcare,core,3841,2017-07-01,,10,18,10,14.0,71414257894.0,False
1156039,"Elevance Health, Inc.",ELV,healthcare,core,6324,2018-07-01,,9,18,18,13.0,87349478366.0,False
10795,BECTON DICKINSON & CO,BDX,healthcare,core,3841,2019-07-01,2026-07-01,7,16,19,18.0,70252717647.0,False
1035267,INTUITIVE SURGICAL INC,ISRG,healthcare,core,3842,2019-07-01,,8,19,7,13.5,90050000000.0,False
885725,BOSTON SCIENTIFIC CORP,BSX,healthcare,core,3841,2019-07-01,2021-07-01,2,20,19,19.5,49050000000.0,False
1555280,Zoetis Inc.,ZTS,healthcare,core,2834,2020-07-01,,7,18,20,17.0,78673000000.0,False
1110803,"ILLUMINA, INC.",ILMN,healthcare,core,3826,2020-07-01,2021-07-01,1,20,20,20.0,48200000000.0,False
875320,VERTEX PHARMACEUTICALS INC / MA,VRTX,healthcare,core,2834,2021-07-01,2022-07-01,1,12,12,12.0,74800000000.0,False
1739940,Cigna Group,CI,healthcare,core,6324,2021-07-01,,6,14,17,15.5,82800000000.0,False
872589,"REGENERON PHARMACEUTICALS, INC.",REGN,healthcare,core,2834,2021-07-01,2022-07-01,1,19,19,19.0,63344000000.0,False
1682852,"Moderna, Inc.",MRNA,healthcare,core,2836,2022-07-01,2023-07-01,1,17,17,17.0,80800000000.0,False
1099800,Edwards Lifesciences Corp,EW,healthcare,core,3842,2022-07-01,2023-07-01,1,19,19,19.0,64028235982.0,False
875320,VERTEX PHARMACEUTICALS INC / MA,VRTX,healthcare,core,2834,2023-07-01,,4,16,13,13.5,102050000000.0,False
872589,"REGENERON PHARMACEUTICALS, INC.",REGN,healthcare,core,2834,2023-07-01,2026-07-01,3,19,14,18.0,76700000000.0,False
49071,HUMANA INC,HUM,healthcare,core,6324,2023-07-01,2024-07-01,1,20,20,20.0,59158438222.0,False
885725,BOSTON SCIENTIFIC CORP,BSX,healthcare,core,3841,2024-07-01,,3,17,8,15.0,113100000000.0,False
882095,"GILEAD SCIENCES, INC.",GILD,healthcare,core,2836,2024-07-01,2025-07-01,1,20,20,20.0,67000000000.0,False
927653,MCKESSON CORP,MCK,healthcare,core,5122,2025-07-01,,2,20,15,17.5,79000000000.0,False
882095,"GILEAD SCIENCES, INC.",GILD,healthcare,core,2836,2026-07-01,,1,14,14,14.0,103200000000.0,False
66740,3M CO,MMM,healthcare,core,3841,2026-07-01,,1,19,19,19.0,81100000000.0,False
101829,RTX Corp,RTX,industrials,extension,3724,2016-07-01,,11,1,1,3.0,112271798129.0,True
12927,BOEING CO,"BA,BA-PA",industrials,extension,3721,2016-07-01,,11,2,5,4.0,117300000000.0,True
100885,UNION PACIFIC CORP,UNP,industrials,extension,4011,2016-07-01,,11,3,10,5.0,119000000000.0,True
773840,HONEYWELL INTERNATIONAL INC,HON,industrials,extension,3724,2016-07-01,,11,4,7,4.0,118000000000.0,True
1090727,UNITED PARCEL SERVICE INC,UPS,industrials,extension,4210,2016-07-01,2025-07-01,9,5,5,5.0,76094649311.0,False
1075531,Booking Holdings Inc.,BKNG,industrials,extension,4700,2016-07-01,2023-07-01,7,6,12,8.0,80000000000.0,False
936468,LOCKHEED MARTIN CORP,LMT,industrials,extension,3760,2016-07-01,2026-07-01,10,7,11,6.5,100700000000.0,False
313616,DANAHER CORP /DE/,DHR,industrials,extension,3823,2016-07-01,,11,8,11,7.0,113200000000.0,True
97745,THERMO FISHER SCIENTIFIC INC.,TMO,industrials,extension,3829,2016-07-01,,11,9,6,4.0,138639543000.0,True
18230,CATERPILLAR INC,CAT,industrials,extension,3531,2016-07-01,,11,10,3,9.0,81200000000.0,True
40533,GENERAL DYNAMICS CORP,GD,industrials,extension,3730,2016-07-01,2017-07-01,1,11,11,11.0,41198779978.0,False
32604,EMERSON ELECTRIC CO,EMR,industrials,extension,3600,2016-07-01,2017-07-01,1,12,12,12.0,37900000000.0,False
1047122,RAYTHEON CO/,,industrials,extension,3812,2017-07-01,2020-07-01,3,11,11,11.0,46800000000.0,False
1133421,NORTHROP GRUMMAN CORP /DE/,NOC,industrials,extension,3812,2017-07-01,2018-07-01,1,12,12,12.0,39500000000.0,False
40533,GENERAL DYNAMICS CORP,GD,industrials,extension,3730,2018-07-01,2019-07-01,1,10,10,10.0,52357779347.0,False
1133421,NORTHROP GRUMMAN CORP /DE/,NOC,industrials,extension,3812,2019-07-01,2021-07-01,2,12,12,12.0,53950000000.0,False
64040,S&P Global Inc.,SPGI,industrials,extension,7320,2020-07-01,,7,11,4,8.0,113300000000.0,False
49826,ILLINOIS TOOL WORKS INC,ITW,industrials,extension,3560,2021-07-01,2022-07-01,1,12,12,12.0,55100000000.0,False
315189,DEERE & CO,DE,industrials,extension,3523,2022-07-01,,5,9,12,11.0,115295045197.0,False
1133421,NORTHROP GRUMMAN CORP /DE/,NOC,industrials,extension,3812,2023-07-01,2024-07-01,1,12,12,12.0,74000000000.0,False
1075531,Booking Holdings Inc.,BKNG,industrials,extension,4700,2024-07-01,,3,12,2,7.0,133100000000.0,False
1551182,Eaton Corp plc,ETN,industrials,extension,3590,2025-07-01,,2,9,9,9.0,131900000000.0,False
1996810,GE Vernova Inc.,GEV,industrials,extension,3600,2026-07-01,,1,8,8,8.0,144000000000.0,False
29915,DOW CHEMICAL CO /DE/,,materials_realestate,extension,2821,2016-07-01,2018-07-01,2,1,3,2.0,57450000000.0,False
30554,"EIDP, Inc.","CTA-PB,CTA-PA",materials_realestate,extension,2820,2016-07-01,2018-07-01,2,2,2,2.0,57200000000.0,False
1063761,SIMON PROPERTY GROUP INC.,"SPG,SPG-PJ",materials_realestate,extension,6798,2016-07-01,2021-07-01,5,3,5,2.0,52260000000.0,False
1489393,LyondellBasell Industries N.V.,LYB,materials_realestate,extension,2860,2016-07-01,2017-07-01,1,4,4,4.0,41800000000.0,False
1053507,AMERICAN TOWER CORP /MA/,AMT,materials_realestate,extension,6798,2016-07-01,,11,5,2,2.0,90200000000.0,True
55785,KIMBERLY CLARK CORP,KMB,materials_realestate,extension,2670,2016-07-01,2026-07-01,10,6,11,6.5,45750000000.0,False
884905,LINDE INC,,materials_realestate,extension,2810,2016-07-01,2019-07-01,3,7,4,7.0,34000000000.0,False
2969,"Air Products & Chemicals, Inc.",APD,materials_realestate,extension,2810,2016-07-01,,11,8,7,7.0,44000000000.0,True
79879,PPG INDUSTRIES INC,PPG,materials_realestate,extension,2851,2016-07-01,2020-07-01,4,9,10,9.0,27972000000.0,False
1051470,CROWN CASTLE INC.,CCI,materials_realestate,extension,6798,2016-07-01,2025-07-01,9,10,7,4.0,49200000000.0,False
906107,VIVMARK RESIDENTIAL,VMRK,materials_realestate,extension,6798,2016-07-01,2017-07-01,1,11,11,11.0,25200000000.0,False
24741,CORNING INC /NY,GLW,materials_realestate,extension,3357,2016-07-01,2017-07-01,1,12,12,12.0,24000000000.0,False
1101239,EQUINIX INC,EQIX,materials_realestate,extension,6798,2017-07-01,,10,10,5,5.0,61100000000.0,False
766704,WELLTOWER INC.,WELL,materials_realestate,extension,6798,2017-07-01,2021-07-01,4,11,9,10.5,27369133056.0,False
1045609,"Prologis, Inc.","PLD,PLDGP",materials_realestate,extension,6798,2017-07-01,,10,12,4,4.0,77700525792.0,False
1489393,LyondellBasell Industries N.V.,LYB,materials_realestate,extension,2860,2018-07-01,2020-07-01,2,11,5,8.0,31150000000.0,False
24741,CORNING INC /NY,GLW,materials_realestate,extension,3357,2018-07-01,2019-07-01,1,12,12,12.0,27000000000.0,False
106535,WEYERHAEUSER CO,WY,materials_realestate,extension,6798,2019-07-01,2020-07-01,1,9,9,9.0,28000000000.0,False
915912,AVALONBAY COMMUNITIES INC,AVB,materials_realestate,extension,6798,2019-07-01,2021-07-01,2,11,11,11.0,25967866438.0,False
1666700,"DuPont de Nemours, Inc.",DD,materials_realestate,extension,2821,2020-07-01,2022-07-01,2,1,9,5.0,95400000000.0,False
1164727,NEWMONT Corp /DE/,"NEM,NEMCL",materials_realestate,extension,1040,2020-07-01,2024-07-01,4,10,7,7.0,48424608927.0,False
906107,VIVMARK RESIDENTIAL,VMRK,materials_realestate,extension,6798,2020-07-01,2021-07-01,1,12,12,12.0,27900000000.0,False
1707925,LINDE PLC,LIN,materials_realestate,extension,2810,2021-07-01,,6,2,1,1.0,167500000000.0,False
1297996,"DIGITAL REALTY TRUST, INC.","DLR,DLR-PK,DLR-PJ,DLR-PL",materials_realestate,extension,6798,2021-07-01,2023-07-01,2,10,12,11.0,40000000000.0,False
1034054,SBA COMMUNICATIONS CORP,SBAC,materials_realestate,extension,6798,2021-07-01,2022-07-01,1,11,11,11.0,33000000000.0,False
1751788,DOW INC.,DOW,materials_realestate,extension,2821,2021-07-01,2024-07-01,3,12,12,12.0,37000000000.0,False
831259,FREEPORT-MCMORAN INC,FCX,materials_realestate,extension,1000,2022-07-01,,5,8,9,8.0,57100000000.0,False
1063761,SIMON PROPERTY GROUP INC.,"SPG,SPG-PJ",materials_realestate,extension,6798,2022-07-01,2023-07-01,1,11,11,11.0,42527000000.0,False
726728,REALTY INCOME CORP,O,materials_realestate,extension,6798,2023-07-01,,4,9,12,10.5,44100000000.0,False
766704,WELLTOWER INC.,WELL,materials_realestate,extension,6798,2023-07-01,,4,11,3,8.0,52283534000.0,False
73309,NUCOR CORP,NUE,materials_realestate,extension,3312,2024-07-01,2025-07-01,1,11,11,11.0,40560000000.0,False
1063761,SIMON PROPERTY GROUP INC.,"SPG,SPG-PJ",materials_realestate,extension,6798,2024-07-01,2026-07-01,2,12,9,10.5,43263500000.0,False
1297996,"DIGITAL REALTY TRUST, INC.","DLR,DLR-PK,DLR-PJ,DLR-PL",materials_realestate,extension,6798,2025-07-01,,2,8,11,9.5,54500000000.0,False
1164727,NEWMONT Corp /DE/,"NEM,NEMCL",materials_realestate,extension,1040,2025-07-01,,2,10,8,9.0,56131113697.0,False
4281,Howmet Aerospace Inc.,HWM,materials_realestate,extension,3350,2026-07-01,,1,6,6,6.0,75000000000.0,False
849395,CRH PUBLIC LTD CO,CRH,materials_realestate,extension,3241,2026-07-01,,1,10,10,10.0,61825009498.0,False
320193,Apple Inc.,AAPL,tech,core,3571,2016-07-01,,11,1,2,1.0,1070633000000.0,True
789019,MICROSOFT CORP,MSFT,tech,core,7372,2016-07-01,,11,2,3,2.0,1200000000000.0,True
1326801,"Meta Platforms, Inc.",META,tech,core,7370,2016-07-01,,11,3,5,4.0,486000000000.0,True
51143,INTERNATIONAL BUSINESS MACHINES CORP,IBM,tech,core,3570,2016-07-01,,11,4,9,9.0,131400000000.0,True
50863,INTEL CORP,INTC,tech,core,3674,2016-07-01,2026-07-01,10,5,17,5.0,156550000000.0,False
858877,"CISCO SYSTEMS, INC.",CSCO,tech,core,3576,2016-07-01,,11,6,10,7.0,204000000000.0,True
1341439,ORACLE CORP,"ORCL,ORCL-PD",tech,core,7372,2016-07-01,,11,7,7,9.0,129615142000.0,True
804328,QUALCOMM INC/DE,QCOM,tech,core,3663,2016-07-01,,11,8,15,11.0,109303248283.0,True
47217,HP INC,HPQ,tech,core,3570,2016-07-01,2020-07-01,4,9,19,18.0,33116821345.0,False
97476,TEXAS INSTRUMENTS INC,TXN,tech,core,3674,2016-07-01,,11,10,13,10.0,116120360680.0,True
790070,EMC CORP,,tech,core,3572,2016-07-01,2017-07-01,1,11,11,11.0,50627600803.0,False
8670,AUTOMATIC DATA PROCESSING INC,ADP,tech,core,7374,2016-07-01,2022-07-01,6,12,14,14.0,45733739152.5,False
1058290,COGNIZANT TECHNOLOGY SOLUTIONS CORP,CTSH,tech,core,7371,2016-07-01,2021-07-01,5,13,20,16.0,37000000000.0,False
1108524,"Salesforce, Inc.",CRM,tech,core,7372,2016-07-01,,11,14,12,10.0,139600000000.0,True
723125,MICRON TECHNOLOGY INC,MU,tech,core,3674,2016-07-01,2017-07-01,1,15,15,15.0,27700000000.0,False
6951,APPLIED MATERIALS INC /DE,AMAT,tech,core,3674,2016-07-01,,11,16,17,16.0,49674881854.0,True
1271024,LINKEDIN CORP,,tech,core,7370,2016-07-01,2017-07-01,1,17,17,17.0,23695488242.0,False
896878,INTUIT INC.,INTU,tech,core,7372,2016-07-01,2021-07-01,5,18,15,17.0,28800000000.0,False
106040,WESTERN DIGITAL CORP,WDC,tech,core,3572,2016-07-01,2017-07-01,1,19,19,19.0,23000000000.0,False
1137789,Seagate Technology Holdings plc,STX,tech,core,3572,2016-07-01,2017-07-01,1,20,20,20.0,21700000000.0,False
1045810,NVIDIA CORP,NVDA,tech,core,3674,2017-07-01,,10,13,1,5.5,337790000000.0,False
718877,"Activision Blizzard, Inc.",,tech,core,7372,2017-07-01,2022-07-01,5,14,16,14.0,42587342045.0,False
712515,ELECTRONIC ARTS INC.,EA,tech,core,7372,2017-07-01,2021-07-01,4,15,18,17.5,35827500000.0,False
804753,CERNER Corp,,tech,core,7373,2017-07-01,2018-07-01,1,19,19,19.0,17600000000.0,False
849399,Gen Digital Inc.,"GEN,GENVR",tech,core,7372,2017-07-01,2018-07-01,1,20,20,20.0,15559432822.0,False
1652044,Alphabet Inc.,"GOOGL,GOOG,GOOGM,GOOGN",tech,core,7370,2018-07-01,,9,2,4,3.0,1256100000000.0,False
1645590,Hewlett Packard Enterprise Co,"HPE,HPE-PC",tech,core,3570,2018-07-01,2019-07-01,1,19,19,19.0,30672608482.0,False
1418091,"TWITTER, INC.",,tech,core,7370,2019-07-01,2020-07-01,1,20,20,20.0,31200000000.0,False
1730168,Broadcom Inc.,AVGO,tech,core,3674,2020-07-01,,7,7,6,7.0,220100000000.0,False
1373715,"ServiceNow, Inc.",NOW,tech,core,7372,2020-07-01,,7,17,14,17.0,82900000000.0,False
2488,ADVANCED MICRO DEVICES INC,AMD,tech,core,3674,2021-07-01,,6,15,11,12.0,161350000000.0,False
1585521,"Zoom Communications, Inc.",ZM,tech,core,7370,2021-07-01,2023-07-01,2,18,18,18.0,73450000000.0,False
769397,"Autodesk, Inc.",ADSK,tech,core,7372,2021-07-01,2022-07-01,1,19,19,19.0,51800000000.0,False
896878,INTUIT INC.,INTU,tech,core,7372,2022-07-01,,5,16,16,15.0,152800000000.0,False
1512673,"Block, Inc.","XYZ,BSQKZ",tech,core,7372,2022-07-01,2023-07-01,1,17,17,17.0,95200000000.0,False
1564408,Snap Inc,SNAP,tech,core,7370,2022-07-01,2023-07-01,1,20,20,20.0,81700000000.0,False
8670,AUTOMATIC DATA PROCESSING INC,ADP,tech,core,7374,2023-07-01,,4,16,19,17.5,101199252324.0,False
707549,LAM RESEARCH CORP,LRCX,tech,core,3559,2023-07-01,2024-07-01,1,18,18,18.0,77032123135.0,False
718877,"Activision Blizzard, Inc.",,tech,core,7372,2023-07-01,2024-07-01,1,20,20,20.0,60436471136.0,False
813672,CADENCE DESIGN SYSTEMS INC,CDNS,tech,core,7372,2024-07-01,2025-07-01,1,19,19,19.0,63740000000.0,False
1640147,Snowflake Inc.,SNOW,tech,core,7372,2024-07-01,2025-07-01,1,20,20,20.0,56600000000.0,False
1327567,Palo Alto Networks Inc,PANW,tech,core,3577,2025-07-01,,2,18,18,18.0,113900000000.0,False
1596532,"Arista Networks, Inc.",ANET,tech,core,3576,2025-07-01,2026-07-01,1,20,20,20.0,90200000000.0,False
1321655,Palantir Technologies Inc.,PLTR,tech,core,7372,2026-07-01,,1,8,8,8.0,299300000000.0,False
1535527,"CrowdStrike Holdings, Inc.",CRWD,tech,core,7372,2026-07-01,,1,20,20,20.0,109300000000.0,False
732712,VERIZON COMMUNICATIONS INC,VZ,utilities,extension,4813,2016-07-01,,11,1,2,1.0,207844016206.0,True
732717,AT&T INC.,"T,TBB,T-PA,T-PC",utilities,extension,4813,2016-07-01,,11,2,1,2.0,207000000000.0,True
753308,NEXTERA ENERGY INC,"NEE,NEE-PN,NEE-PS,NEE-PT,NEE-PU,NEE-PV,NEE-PW",utilities,extension,4911,2016-07-01,,11,3,3,3.0,117405158883.0,True
715957,"DOMINION ENERGY, INC",D,utilities,extension,4911,2016-07-01,2026-07-01,10,4,12,5.0,48000000000.0,False
92122,SOUTHERN CO,"SO,SOJC,SOJD,SOJE,SOJF,SOMN",utilities,extension,4911,2016-07-01,,11,5,5,5.0,57800000000.0,True
1109357,EXELON CORP,EXC,utilities,extension,4931,2016-07-01,2025-07-01,9,6,11,7.0,40536144047.0,False
4904,AMERICAN ELECTRIC POWER CO INC,AEP,utilities,extension,4911,2016-07-01,,11,7,10,8.0,42651294349.0,True
1032208,SEMPRA,"SRE,SREA",utilities,extension,4932,2016-07-01,,11,8,12,9.0,37700000000.0,True
823768,WASTE MANAGEMENT INC,WM,utilities,extension,4953,2016-07-01,,11,9,7,7.0,48800000000.0,True
788784,PUBLIC SERVICE ENTERPRISE GROUP INC,PEG,utilities,extension,4931,2016-07-01,2017-07-01,1,10,10,10.0,19819621677.0,False
922224,PPL Corp,"PPL,PPLC",utilities,extension,4911,2016-07-01,2019-07-01,3,11,10,10.0,25577464218.0,False
827052,EDISON INTERNATIONAL,EIX,utilities,extension,4911,2016-07-01,2019-07-01,3,12,11,11.0,25300000000.0,False
1047862,CONSOLIDATED EDISON INC,ED,utilities,extension,4931,2017-07-01,2021-07-01,4,12,12,12.0,24600000000.0,False
788784,PUBLIC SERVICE ENTERPRISE GROUP INC,PEG,utilities,extension,4931,2019-07-01,2021-07-01,2,10,11,10.5,28342835232.5,False
72903,XCEL ENERGY INC,"XEL,XELLL",utilities,extension,4931,2019-07-01,2024-07-01,5,12,12,11.0,32825311125.0,False
1283699,"T-Mobile US, Inc.","TMUS,TMUSI,TMUSL,TMUSZ",utilities,extension,4812,2021-07-01,,6,7,4,4.0,83400000000.0,False
72741,EVERSOURCE ENERGY,ES,utilities,extension,4911,2021-07-01,2022-07-01,1,12,12,12.0,28496151703.0,False
1060391,"REPUBLIC SERVICES, INC.",RSG,utilities,extension,4953,2022-07-01,,5,12,8,8.0,48400000000.0,False
1318220,"Waste Connections, Inc.",WCN,utilities,extension,4953,2024-07-01,2026-07-01,2,12,11,11.5,40921385408.5,False
1868275,Constellation Energy Corp,CEG,utilities,extension,4911,2025-07-01,,2,7,6,6.5,81562489680.5,False
1692819,Vistra Corp.,VST,utilities,extension,4911,2026-07-01,,1,9,9,9.0,65311459773.0,False
3570,"Cheniere Energy, Inc.",LNG,utilities,extension,4924,2026-07-01,,1,11,11,11.0,53600000000.0,False
