cik,name,tickers,has_current_ticker,exchanges,last_periodic,still_filing,former_names,censoring_risk
1800,ABBOTT LABORATORIES,ABT,True,NYSE,2026-07-28,True,,False
2488,ADVANCED MICRO DEVICES INC,AMD,True,Nasdaq,2026-08-05,True,,False
2969,"Air Products & Chemicals, Inc.",APD,True,NYSE,2026-07-30,True,AIR PRODUCTS & CHEMICALS INC /DE/,False
3570,"Cheniere Energy, Inc.",LNG,True,NYSE,2026-08-06,True,CHENIERE ENERGY INC | BEXY COMMUNICATIONS INC,False
4281,Howmet Aerospace Inc.,HWM,True,NYSE,2026-08-06,True,Arconic Inc. | ALCOA INC. | ALCOA INC | ALUMINUM CO OF AMERICA,False
4447,HESS CORP,,False,,2025-05-08,False,AMERADA HESS CORP,True
4904,AMERICAN ELECTRIC POWER CO INC,AEP,True,Nasdaq,2026-07-30,True,AMERICAN ELECTRIC POWER COMPANY INC,False
5272,"AMERICAN INTERNATIONAL GROUP, INC.",AIG,True,NYSE,2026-08-07,True,AMERICAN INTERNATIONAL GROUP INC,False
6769,APACHE CORP,,False,,2024-11-07,False,,True
6951,APPLIED MATERIALS INC /DE,AMAT,True,Nasdaq,2026-08-20,True,,False
8670,AUTOMATIC DATA PROCESSING INC,ADP,True,Nasdaq,2026-08-05,True,,False
10795,BECTON DICKINSON & CO,BDX,True,NYSE,2026-08-06,True,,False
12927,BOEING CO,"BA,BA-PA",True,"NYSE,NYSE",2026-07-28,True,,False
14272,BRISTOL MYERS SQUIBB CO,"BMY,CELG-RI",True,"NYSE,NYSE",2026-07-30,True,,False
18230,CATERPILLAR INC,CAT,True,NYSE,2026-08-05,True,,False
19617,JPMORGAN CHASE & CO,"JPM,JPM-PC,AMJB,JPM-PD,JPM-PJ,JPM-PK,JPM-PL,JPM-PM,VYLD",True,"NYSE,NYSE,NYSE,NYSE,NYSE,NYSE,NYSE,NYSE,NYSE",2026-08-06,True,JPMORGAN CHASE & CO | J P MORGAN CHASE & CO | CHASE MANHATTAN CORP /DE/ | CHEMICAL BANKING CORP,False
21344,COCA COLA CO,KO,True,NYSE,2026-07-29,True,,False
21665,COLGATE PALMOLIVE CO,CL,True,NYSE,2026-07-31,True,COLGATE PALMOLIVE CO,False
24741,CORNING INC /NY,GLW,True,NYSE,2026-07-29,True,,False
27419,TARGET CORP,TGT,True,NYSE,2026-05-29,True,DAYTON HUDSON CORP,False
29915,DOW CHEMICAL CO /DE/,,False,,2026-07-24,True,,True
30554,"EIDP, Inc.","CTA-PB,CTA-PA",True,"NYSE,NYSE",2026-07-31,True,DUPONT E I DE NEMOURS & CO,False
31462,ECOLAB INC.,ECL,True,NYSE,2026-08-06,True,ECOLAB INC,False
32604,EMERSON ELECTRIC CO,EMR,True,NYSE,2026-08-04,True,,False
33213,EQT Corp,EQT,True,NYSE,2026-07-22,True,EQUITABLE RESOURCES INC /PA/,False
34088,EXXON MOBIL CORP,,False,,2026-08-03,True,EXXON CORP,True
36104,US BANCORP \DE\,"USB,USB-PA,USB-PH,USB-PP,USB-PQ,USB-PR,USB-PS",True,"NYSE,NYSE,NYSE,NYSE,NYSE,NYSE,NYSE",2026-08-06,True,FIRST BANK SYSTEM INC,False
37996,FORD MOTOR CO,"F,F-PB,F-PC,F-PD",True,"NYSE,NYSE,NYSE,NYSE",2026-07-29,True,,False
40533,GENERAL DYNAMICS CORP,GD,True,NYSE,2026-07-29,True,,False
45012,HALLIBURTON CO,HAL,True,NYSE,2026-07-24,True,,False
47217,HP INC,HPQ,True,NYSE,2026-05-28,True,HEWLETT PACKARD CO,False
49071,HUMANA INC,HUM,True,NYSE,2026-07-29,True,,False
49826,ILLINOIS TOOL WORKS INC,ITW,True,NYSE,2026-08-06,True,,False
50863,INTEL CORP,INTC,True,Nasdaq,2026-07-24,True,,False
51143,INTERNATIONAL BUSINESS MACHINES CORP,IBM,True,NYSE,2026-07-23,True,,False
55785,KIMBERLY CLARK CORP,KMB,True,Nasdaq,2026-08-04,True,,False
59478,ELI LILLY & Co,LLY,True,NYSE,2026-08-05,True,LILLY ELI & CO | LILLY ELI & CO ET AL,False
60667,LOWES COMPANIES INC,LOW,True,NYSE,2026-05-28,True,,False
62709,"MARSH & MCLENNAN COMPANIES, INC.",MRSH,True,NYSE,2026-07-21,True,MARSH & MCLENNAN COMPANIES INC,False
63908,MCDONALDS CORP,MCD,True,NYSE,2026-08-07,True,,False
64040,S&P Global Inc.,SPGI,True,NYSE,2026-07-28,True,MCGRAW HILL FINANCIAL INC | MCGRAW-HILL COMPANIES INC | MCGRAW HILL INC,False
64803,CVS HEALTH Corp,CVS,True,NYSE,2026-08-05,True,CVS CAREMARK CORP | CVS/CAREMARK CORP | CVS CORP | MELVILLE CORP,False
66740,3M CO,MMM,True,NYSE,2026-07-21,True,MINNESOTA MINING & MANUFACTURING CO,False
70858,BANK OF AMERICA CORP /DE/,"BAC,BML-PG,BML-PL,BAC-PB,BAC-PK,BAC-PE,BAC-PL,BAC-PM,BAC-PN,BAC-PO,BAC-PP,BAC-PQ,BAC-PS,BACRP,BML-PH,BML-PJ,MER-PK",True,"NYSE,NYSE,NYSE,NYSE,NYSE,NYSE,NYSE,NYSE,NYSE,NYSE,NYSE,NYSE,NYSE,OTC,NYSE,NYSE,NYSE",2026-07-31,True,BANKAMERICA CORP/DE/ | NATIONSBANK CORP,False
72741,EVERSOURCE ENERGY,ES,True,NYSE,2026-08-03,True,NORTHEAST UTILITIES | NORTHEAST UTILITIES SYSTEM,False
72903,XCEL ENERGY INC,"XEL,XELLL",True,"Nasdaq,Nasdaq",2026-07-30,True,NORTHERN STATES POWER CO /MN/,False
72971,WELLS FARGO & COMPANY/MN,"WFC,WFC-PY,WFC-PL,WFC-PC,WFCNP,WFC-PA,WFC-PD,WFC-PZ",True,"NYSE,NYSE,NYSE,NYSE,OTC,NYSE,NYSE,NYSE",2026-07-28,True,WELLS FARGO & CO/MN | NORWEST CORP,False
73309,NUCOR CORP,NUE,True,NYSE,2026-08-12,True,,False
77476,PEPSICO INC,PEP,True,Nasdaq,2026-07-09,True,,False
78003,PFIZER INC,PFE,True,NYSE,2026-08-04,True,PFIZER INC,False
79879,PPG INDUSTRIES INC,PPG,True,NYSE,2026-07-29,True,,False
80424,PROCTER & GAMBLE Co,PG,True,NYSE,2026-08-04,True,,False
80661,PROGRESSIVE CORP/OH/,PGR,True,NYSE,2026-08-03,True,,False
86312,"TRAVELERS COMPANIES, INC.",TRV,True,NYSE,2026-07-17,True,ST PAUL TRAVELERS COMPANIES INC | ST PAUL COMPANIES INC /MN/ | ST PAUL FIRE & MARINE INSURANCE CO/MD,False
87347,SLB LIMITED/NV,SLB,True,NYSE,2026-07-29,True,SCHLUMBERGER LIMITED/NV | SCHLUMBERGER LTD /NV/ | SCHLUMBERGER LTD /NY/,False
89800,SHERWIN WILLIAMS CO,SHW,True,NYSE,2026-07-28,True,,False
92122,SOUTHERN CO,"SO,SOJC,SOJD,SOJE,SOJF,SOMN",True,"NYSE,NYSE,NYSE,NYSE,NYSE,NYSE",2026-07-30,True,SOUTHERN CO,False
92230,TRUIST FINANCIAL CORP,"TFC,TFC-PI,TFC-PO,TFC-PR",True,"NYSE,NYSE,NYSE,NYSE",2026-07-31,True,BB&T CORP | SOUTHERN NATIONAL CORP /NC/,False
93410,CHEVRON CORP,CVX,True,NYSE,2026-08-06,True,CHEVRONTEXACO CORP,False
97476,TEXAS INSTRUMENTS INC,TXN,True,Nasdaq,2026-07-24,True,,False
97745,THERMO FISHER SCIENTIFIC INC.,TMO,True,NYSE,2026-07-31,True,THERMO ELECTRON CORP,False
100885,UNION PACIFIC CORP,UNP,True,NYSE,2026-07-23,True,,False
101829,RTX Corp,RTX,True,NYSE,2026-07-23,True,RAYTHEON TECHNOLOGIES CORP | UNITED TECHNOLOGIES CORP /DE/,False
104169,Walmart Inc.,WMT,True,Nasdaq,2026-05-29,True,Walmart Inc. | WAL MART STORES INC,False
106040,WESTERN DIGITAL CORP,WDC,True,Nasdaq,2026-08-14,True,,False
106535,WEYERHAEUSER CO,WY,True,NYSE,2026-07-31,True,,False
107263,"WILLIAMS COMPANIES, INC.",WMB,True,NYSE,2026-08-03,True,WILLIAMS COMPANIES INC,False
109198,TJX COMPANIES INC /DE/,TJX,True,NYSE,2026-05-29,True,TJX COMPANIES INC /DE/,False
200406,JOHNSON & JOHNSON,JNJ,True,NYSE,2026-07-23,True,JOHNSON & JOHNSON ET AL,False
310158,"Merck & Co., Inc.",MRK,True,NYSE,2026-08-07,True,Merck & Co. Inc. | SCHERING PLOUGH CORP,False
310764,STRYKER CORP,SYK,True,NYSE,2026-07-31,True,,False
313616,DANAHER CORP /DE/,DHR,True,NYSE,2026-07-21,True,,False
315189,DEERE & CO,DE,True,NYSE,2026-05-28,True,,False
315293,Aon plc,AON,True,NYSE,2026-07-29,True,AON CORP,False
316709,SCHWAB CHARLES CORP,"SCHW,SCHW-PD,SCHW-PJ",True,"NYSE,NYSE,NYSE",2026-08-07,True,,False
318154,AMGEN INC,AMGN,True,Nasdaq,2026-08-05,True,,False
320187,"NIKE, Inc.",NKE,True,NYSE,2026-07-15,True,NIKE INC,False
320193,Apple Inc.,AAPL,True,Nasdaq,2026-07-31,True,APPLE INC | APPLE COMPUTER INC | APPLE COMPUTER INC/ FA,False
354950,"HOME DEPOT, INC.",HD,True,NYSE,2026-05-27,True,HOME DEPOT INC,False
701221,Cigna Holding Co,,False,,2018-11-01,False,CIGNA CORP,True
707549,LAM RESEARCH CORP,LRCX,True,Nasdaq,2026-08-07,True,,False
712515,ELECTRONIC ARTS INC.,EA,True,Nasdaq,2026-08-03,True,ELECTRONIC ARTS INC,False
713676,"PNC FINANCIAL SERVICES GROUP, INC.",PNC,True,NYSE,2026-08-05,True,PNC FINANCIAL SERVICES GROUP INC | PNC BANK CORP,False
715957,"DOMINION ENERGY, INC",D,True,NYSE,2026-07-31,True,DOMINION ENERGY INC /VA/ | DOMINION RESOURCES INC /VA/,False
718877,"Activision Blizzard, Inc.",,False,,2023-07-31,False,ACTIVISION INC /NY,True
723125,MICRON TECHNOLOGY INC,MU,True,Nasdaq,2026-06-25,True,,False
726728,REALTY INCOME CORP,O,True,NYSE,2026-08-06,True,,False
731766,UNITEDHEALTH GROUP INC,UNH,True,NYSE,2026-08-10,True,UNITED HEALTHCARE CORP,False
732712,VERIZON COMMUNICATIONS INC,VZ,True,NYSE,2026-07-31,True,BELL ATLANTIC CORP,False
732717,AT&T INC.,"T,TBB,T-PA,T-PC",True,"NYSE,NYSE,NYSE,NYSE",2026-07-22,True,SBC COMMUNICATIONS INC | SOUTHWESTERN BELL CORP,False
753308,NEXTERA ENERGY INC,"NEE,NEE-PN,NEE-PS,NEE-PT,NEE-PU,NEE-PV,NEE-PW",True,"NYSE,NYSE,NYSE,NYSE,NYSE,NYSE,NYSE",2026-07-24,True,FPL GROUP INC,False
764180,"ALTRIA GROUP, INC.",MO,True,NYSE,2026-07-30,True,ALTRIA GROUP INC | PHILIP MORRIS COMPANIES INC,False
766704,WELLTOWER INC.,WELL,True,NYSE,2026-07-28,True,HEALTH CARE REIT INC /DE/,False
769397,"Autodesk, Inc.",ADSK,True,Nasdaq,2026-05-29,True,AUTODESK INC,False
773840,HONEYWELL INTERNATIONAL INC,HON,True,Nasdaq,2026-07-23,True,ALLIEDSIGNAL INC | ALLIED SIGNAL INC,False
773910,ANADARKO PETROLEUM CORP,,False,,2019-07-30,False,,True
788784,PUBLIC SERVICE ENTERPRISE GROUP INC,PEG,True,NYSE,2026-08-04,True,,False
789019,MICROSOFT CORP,MSFT,True,Nasdaq,2026-07-29,True,,False
790070,EMC CORP,,False,,2016-08-08,False,,True
797468,OCCIDENTAL PETROLEUM CORP /DE/,"OXY,OXY-WT",True,"NYSE,NYSE",2026-08-05,True,,False
798354,FISERV INC,FISV,True,Nasdaq,2026-08-07,True,,False
804328,QUALCOMM INC/DE,QCOM,True,Nasdaq,2026-07-29,True,,False
804753,CERNER Corp,,False,,2022-05-03,False,CERNER CORP /MO/,True
813672,CADENCE DESIGN SYSTEMS INC,CDNS,True,Nasdaq,2026-07-29,True,,False
816284,CELGENE CORP /DE/,,False,,2019-10-31,False,,True
821189,EOG RESOURCES INC,EOG,True,NYSE,2026-08-04,True,ENRON OIL & GAS CO,False
823768,WASTE MANAGEMENT INC,WM,True,NYSE,2026-07-29,True,USA WASTE SERVICES INC,False
827052,EDISON INTERNATIONAL,EIX,True,NYSE,2026-07-30,True,SCECORP,False
829224,STARBUCKS CORP,SBUX,True,Nasdaq,2026-07-29,True,,False
831001,CITIGROUP INC,"C,C-PN,C-PR",True,"NYSE,NYSE,NYSE",2026-08-06,True,CITIGROUP INC | TRAVELERS GROUP INC | TRAVELERS INC,False
831259,FREEPORT-MCMORAN INC,FCX,True,NYSE,2026-08-06,True,FREEPORT MCMORAN COPPER & GOLD INC,False
849395,CRH PUBLIC LTD CO,CRH,True,NYSE,2026-07-30,True,,False
849399,Gen Digital Inc.,"GEN,GENVR",True,"Nasdaq,Nasdaq",2026-08-07,True,NortonLifeLock Inc. | SYMANTEC CORP,False
858877,"CISCO SYSTEMS, INC.",CSCO,True,Nasdaq,2026-05-19,True,"CISCO SYSTEMS, INC. | CISCO SYSTEMS INC",False
872589,"REGENERON PHARMACEUTICALS, INC.",REGN,True,Nasdaq,2026-07-30,True,REGENERON PHARMACEUTICALS INC,False
875045,BIOGEN INC.,BIIB,True,Nasdaq,2026-07-29,True,BIOGEN IDEC INC. | BIOGEN IDEC INC | IDEC PHARMACEUTICALS CORP / DE | IDEC PHARMACEUTICALS CORP / CA,False
875320,VERTEX PHARMACEUTICALS INC / MA,VRTX,True,Nasdaq,2026-08-04,True,,False
882095,"GILEAD SCIENCES, INC.",GILD,True,Nasdaq,2026-08-06,True,GILEAD SCIENCES INC,False
884905,LINDE INC,,False,,2018-11-09,False,PRAXAIR INC,True
885725,BOSTON SCIENTIFIC CORP,BSX,True,NYSE,2026-08-03,True,,False
886982,GOLDMAN SACHS GROUP INC,"GS,GSCE,GS-PA,GS-PC,GS-PD",True,"NYSE,OTC,NYSE,NYSE,NYSE",2026-08-03,True,GOLDMAN SACHS GROUP INC/,False
895126,EXPAND ENERGY Corp,EXE,True,Nasdaq,2026-07-28,True,CHESAPEAKE ENERGY CORP,False
895421,MORGAN STANLEY,"MS,MS-PK,MS-PE,MS-PA,MS-PF,MS-PI,MS-PL,MS-PO,MS-PP,MS-PQ",True,"NYSE,NYSE,NYSE,NYSE,NYSE,NYSE,NYSE,NYSE,NYSE,NYSE",2026-08-04,True,MORGAN STANLEY | MORGAN STANLEY | MORGAN STANLEY DEAN WITTER & CO | MORGAN STANLEY DEAN WITTER DISCOVER & CO | DEAN WITTER DISCOVER & CO,False
895728,ENBRIDGE INC,"ENB,EBBNF,EBBGF,EBGEF,EBRGF,EBRZF,ENBFF,ENBGF,ENBHF,ENBMF,ENBNF,ENBOF,ENBRF,ENBSF,ENFFF,ENNPF",True,"NYSE,OTC,OTC,OTC,OTC,OTC,OTC,OTC,OTC,OTC,OTC,OTC,OTC,OTC,OTC,OTC",2026-07-31,True,IPL ENERGY INC,False
896159,Chubb Ltd,CB,True,NYSE,2026-07-28,True,ACE LTD | ACE Ltd,False
896878,INTUIT INC.,INTU,True,Nasdaq,2026-05-20,True,INTUIT INC,False
906107,VIVMARK RESIDENTIAL,VMRK,True,NYSE,2026-07-30,True,EQUITY RESIDENTIAL | EQUITY RESIDENTIAL PROPERTIES TRUST,False
915912,AVALONBAY COMMUNITIES INC,AVB,True,NYSE,2026-07-30,True,AVALON BAY COMMUNITIES INC | BAY APARTMENT COMMUNITIES INC,False
922224,PPL Corp,"PPL,PPLC",True,"NYSE,NYSE",2026-08-07,True,PP&L RESOURCES INC,False
927628,CAPITAL ONE FINANCIAL CORP,"COF,COF-PI,COF-PJ,COF-PK,COF-PL,COF-PN",True,"NYSE,NYSE,NYSE,NYSE,NYSE,NYSE",2026-07-28,True,,False
927653,MCKESSON CORP,MCK,True,NYSE,2026-08-05,True,MCKESSON HBOC INC,False
936402,Shire plc,,False,,2018-11-01,False,Shire Ltd. | SHIRE PHARMACEUTICALS GROUP PLC,True
936468,LOCKHEED MARTIN CORP,LMT,True,NYSE,2026-07-23,True,LOCKHEED MARTIN CORP,False
1001039,TWDC Enterprises 18 Corp.,,False,,2019-02-05,False,WALT DISNEY CO/ | DC HOLDCO INC,True
1001250,ESTEE LAUDER COMPANIES INC,EL,True,NYSE,2026-08-19,True,,False
1012569,"Energy Transfer, LP",,False,,2017-11-08,False,"Energy Transfer Partners, L.P. | ENERGY TRANSFER PARTNERS LP | HERITAGE PROPANE PARTNERS L P",True
1018724,AMAZON COM INC,AMZN,True,Nasdaq,2026-07-31,True,,False
1032208,SEMPRA,"SRE,SREA",True,"NYSE,NYSE",2026-08-06,True,SEMPRA ENERGY | MINERAL ENERGY CO,False
1034054,SBA COMMUNICATIONS CORP,SBAC,True,Nasdaq,2026-08-06,True,,False
1035002,VALERO ENERGY CORP/TX,VLO,True,NYSE,2026-07-30,True,VALERO REFINING & MARKETING CO,False
1035267,INTUITIVE SURGICAL INC,ISRG,True,Nasdaq,2026-07-21,True,,False
1038357,PIONEER NATURAL RESOURCES CO,,False,,2024-05-02,False,,True
1039684,ONEOK INC /NEW/,OKE,True,NYSE,2026-08-04,True,ONEOK INC /NEW/ | WAI INC,False
1045609,"Prologis, Inc.","PLD,PLDGP",True,"NYSE,OTC",2026-07-29,True,AMB PROPERTY CORP,False
1045810,NVIDIA CORP,NVDA,True,Nasdaq,2026-05-20,True,NVIDIA CORP/CA,False
1047122,RAYTHEON CO/,,False,,2020-02-12,False,HE HOLDINGS INC,True
1047862,CONSOLIDATED EDISON INC,ED,True,NYSE,2026-08-06,True,,False
1051470,CROWN CASTLE INC.,CCI,True,NYSE,2026-08-05,True,CROWN CASTLE INTERNATIONAL CORP,False
1053507,AMERICAN TOWER CORP /MA/,AMT,True,NYSE,2026-07-28,True,AMERICAN TOWER SYSTEMS CORP,False
1058290,COGNIZANT TECHNOLOGY SOLUTIONS CORP,CTSH,True,Nasdaq,2026-07-29,True,,False
1060391,"REPUBLIC SERVICES, INC.",RSG,True,NYSE,2026-08-07,True,REPUBLIC SERVICES INC,False
1061219,ENTERPRISE PRODUCTS PARTNERS L.P.,"EPD,EPDU",True,"NYSE,OTC",2026-08-07,True,ENTERPRISE PRODUCTS PARTNERS L P | ENTERPRISES PRODUCTS PARTNERS L P,False
1063761,SIMON PROPERTY GROUP INC.,"SPG,SPG-PJ",True,"NYSE,NYSE",2026-08-10,True,SIMON PROPERTY GROUP INC /DE/ | CORPORATE PROPERTY INVESTORS INC,False
1065088,EBAY INC,EBAY,True,Nasdaq,2026-08-06,True,,False
1065280,NETFLIX INC,NFLX,True,Nasdaq,2026-07-17,True,NETFLIX COM INC,False
1067983,BERKSHIRE HATHAWAY INC,"BRK-B,BRK-A",True,"NYSE,NYSE",2026-08-10,True,NBH INC,False
1075531,Booking Holdings Inc.,BKNG,True,Nasdaq,2026-08-04,True,Priceline Group Inc. | PRICELINE COM INC,False
1090012,DEVON ENERGY CORP/DE,DVN,True,NYSE,2026-08-05,True,DEVON ENERGY CORP | DEVON DELAWARE CORP,False
1090727,UNITED PARCEL SERVICE INC,UPS,True,NYSE,2026-08-05,True,,False
1091667,"CHARTER COMMUNICATIONS, INC. /MO/",CHTR,True,Nasdaq,2026-07-24,True,CHARTER COMMUNICATIONS INC /MO/,False
1099219,METLIFE INC,"MET,MET-PA,MET-PE,MET-PF",True,"NYSE,NYSE,NYSE,NYSE",2026-08-06,True,,False
1099590,MERCADOLIBRE INC,MELI,True,Nasdaq,2026-08-06,True,,False
1099800,Edwards Lifesciences Corp,EW,True,NYSE,2026-08-04,True,CVG CONTROLLED INC,False
1101239,EQUINIX INC,EQIX,True,Nasdaq,2026-07-29,True,,False
1103982,"Mondelez International, Inc.",MDLZ,True,Nasdaq,2026-07-28,True,KRAFT FOODS INC,False
1105705,"WARNER MEDIA, LLC",,False,,2018-04-26,False,TIME WARNER LLC | TIME WARNER INC. | TIME WARNER INC | AOL TIME WARNER INC,True
1108524,"Salesforce, Inc.",CRM,True,NYSE,2026-05-28,True,"SALESFORCE.COM, INC. | SALESFORCE COM INC",False
1109357,EXELON CORP,EXC,True,Nasdaq,2026-07-30,True,,False
1110803,"ILLUMINA, INC.",ILMN,True,Nasdaq,2026-07-31,True,ILLUMINA INC,False
1122304,AETNA INC /PA/,,False,,2018-10-30,False,AETNA U S HEALTHCARE INC,True
1123360,GLOBAL PAYMENTS INC,GPN,True,NYSE,2026-08-05,True,,False
1126975,"Magellan Midstream Partners, L.P.",,False,,2023-08-03,False,MAGELLAN MIDSTREAM PARTNERS LP | WILLIAMS ENERGY PARTNERS L P,True
1133421,NORTHROP GRUMMAN CORP /DE/,NOC,True,NYSE,2026-07-21,True,NNG INC,False
1136893,"Fidelity National Information Services, Inc.",FIS,True,NYSE,2026-08-04,True,CERTEGY INC | EQUIFAX PS INC,False
1137774,PRUDENTIAL FINANCIAL INC,"PRU,PFH,PRH,PRS",True,"NYSE,NYSE,NYSE,NYSE",2026-08-05,True,,False
1137789,Seagate Technology Holdings plc,STX,True,Nasdaq,2026-08-04,True,Seagate Technology plc | SEAGATE TECHNOLOGY | Seagate Technology | SEAGATE TECHNOLOGY HOLDINGS,False
1141391,Mastercard Inc,MA,True,NYSE,2026-07-30,True,,False
1156039,"Elevance Health, Inc.",ELV,True,NYSE,2026-07-15,True,"Anthem, Inc. | WELLPOINT, INC | WELLPOINT INC | ANTHEM INC",False
1156375,CME GROUP INC.,CME,True,Nasdaq,2026-07-24,True,CHICAGO MERCANTILE EXCHANGE HOLDINGS INC,False
1161154,"Energy Transfer Operating, L.P.",,False,,2021-02-19,False,"Energy Transfer Partners, L.P. | SUNOCO LOGISTICS PARTNERS L.P. | SUNOCO LOGISTICS PARTNERS LP",True
1163165,CONOCOPHILLIPS,COP,True,NYSE,2026-08-06,True,CORVETTEPORSCHE CORP,False
1164727,NEWMONT Corp /DE/,"NEM,NEMCL",True,"NYSE,OTC",2026-07-23,True,NEWMONT GOLDCORP CORP /DE/ | NEWMONT MINING CORP /DE/ | DELTA HOLDCO CORP,False
1166691,COMCAST CORP,"CMCSA,CCZ",True,"Nasdaq,NYSE",2026-07-23,True,AT&T COMCAST CORP,False
1222333,SPDR GOLD TRUST,GLD,True,NYSE,2026-08-04,True,streetTRACKS GOLD TRUST | EQUITY GOLD TRUST,False
1271024,LINKEDIN CORP,,False,,2016-10-27,False,LINKEDIN LTD,True
1276187,Energy Transfer LP,"ET,ET-PI",True,"NYSE,NYSE",2026-08-06,True,"Energy Transfer Equity, L.P. | LAGRANGE ENERGY LP",False
1283699,"T-Mobile US, Inc.","TMUS,TMUSI,TMUSL,TMUSZ",True,"Nasdaq,Nasdaq,Nasdaq,Nasdaq",2026-07-23,True,METROPCS COMMUNICATIONS INC,False
1297996,"DIGITAL REALTY TRUST, INC.","DLR,DLR-PK,DLR-PJ,DLR-PL",True,"NYSE,NYSE,NYSE,NYSE",2026-07-31,True,,False
1318220,"Waste Connections, Inc.",WCN,True,NYSE,2026-07-23,True,Progressive Waste Solutions Ltd. | IESI-BFC Ltd | BFI Canada Ltd | BFI Canada Income Fund,False
1318605,"Tesla, Inc.",TSLA,True,Nasdaq,2026-07-23,True,TESLA MOTORS INC,False
1321655,Palantir Technologies Inc.,PLTR,True,Nasdaq,2026-08-04,True,Palantir Technologies Inc,False
1326801,"Meta Platforms, Inc.",META,True,Nasdaq,2026-07-30,True,Facebook Inc,False
1327567,Palo Alto Networks Inc,PANW,True,Nasdaq,2026-06-03,True,Palo Alto Networks Inc,False
1341439,ORACLE CORP,"ORCL,ORCL-PD",True,"NYSE,NYSE",2026-06-22,True,Ozark Holding Inc.,False
1358071,CONCHO RESOURCES INC,,False,,2020-10-27,False,CONCO RESOURCES INC,True
1364742,"BlackRock Finance, Inc.",,False,,2024-08-06,False,"BlackRock Inc. | BlackRock, Inc. | New BlackRock, Inc.",True
1373715,"ServiceNow, Inc.",NOW,True,NYSE,2026-07-23,True,SERVICE-NOW.COM,False
1373835,Spectra Energy Corp.,,False,,2017-02-24,False,"Gas SpinCo, Inc.",True
1389170,Targa Resources Corp.,TRGP,True,NYSE,2026-08-06,True,Targa Resources Corp. | Targa Resources Investments Inc.,False
1390777,Bank of New York Mellon Corp,"BNY,BNY-PK",True,"NYSE,NYSE",2026-07-31,True,,False
1393612,Discover Financial Services,,False,,2025-04-30,False,,True
1393818,Blackstone Inc.,BX,True,NYSE,2026-08-07,True,Blackstone Inc | Blackstone Group Inc | Blackstone Group L.P.,False
1403161,VISA INC.,V,True,NYSE,2026-07-29,True,,False
1404912,KKR & Co. Inc.,"KKR,KKR-PD,KKRS,KKRT",True,"NYSE,NYSE,NYSE,NYSE",2026-08-06,True,KKR & Co. L.P.,False
1413329,Philip Morris International Inc.,PM,True,NYSE,2026-07-24,True,,False
1418091,"TWITTER, INC.",,False,,2022-07-26,False,Twitter Inc,True
1467858,General Motors Co,GM,True,NYSE,2026-07-21,True,,False
1483096,WILLIAMS PARTNERS L.P.,,False,,2018-08-02,False,"ACCESS MIDSTREAM PARTNERS LP | CHESAPEAKE MIDSTREAM PARTNERS LP | Chesapeake Midstream Partners, L.P.",True
1489393,LyondellBasell Industries N.V.,LYB,True,NYSE,2026-07-31,True,,False
1506307,"KINDER MORGAN, INC.","KMI,EP-PC",True,"NYSE,NYSE",2026-07-24,True,Kinder Morgan Holdco LLC,False
1510295,Marathon Petroleum Corp,MPC,True,NYSE,2026-08-04,True,,False
1512673,"Block, Inc.","XYZ,BSQKZ",True,"NYSE,OTC",2026-08-05,True,"Square, Inc.",False
1532063,Express Scripts Holding Co.,,False,,2018-10-31,False,"Aristotle Holding, Inc.",True
1534701,Phillips 66,PSX,True,NYSE,2026-08-05,True,,False
1535527,"CrowdStrike Holdings, Inc.",CRWD,True,Nasdaq,2026-06-04,True,,False
1539838,"Diamondback Energy, Inc.",FANG,True,Nasdaq,2026-08-05,True,"Diamondback Energy, Inc.",False
1543151,"Uber Technologies, Inc",UBER,True,NYSE,2026-08-05,True,,False
1551152,AbbVie Inc.,ABBV,True,NYSE,2026-08-03,True,,False
1551182,Eaton Corp plc,ETN,True,NYSE,2026-07-31,True,Eaton Corp Ltd,False
1552000,MPLX LP,"MPLX,MPLXP",True,"NYSE,OTC",2026-08-04,True,,False
1555280,Zoetis Inc.,ZTS,True,NYSE,2026-08-06,True,,False
1564408,Snap Inc,SNAP,True,NYSE,2026-08-04,True,Snap Inc | Snapchat Inc,False
1571949,"Intercontinental Exchange, Inc.",ICE,True,NYSE,2026-07-30,True,"IntercontinentalExchange Group, Inc.",False
1578845,Allergan plc,,False,,2020-05-07,False,Actavis plc | Actavis Ltd,True
1585521,"Zoom Communications, Inc.",ZM,True,Nasdaq,2026-05-22,True,"Zoom Video Communications, Inc.",False
1596532,"Arista Networks, Inc.",ANET,True,NYSE,2026-08-05,True,,False
1613103,Medtronic plc,MDT,True,NYSE,2026-06-18,True,Medtronic Ltd | Medtronic Holdings Ltd,False
1616314,"MedEquities Realty Trust, Inc.",,False,,2019-05-09,False,,True
1618921,"Walgreens Boots Alliance, Inc.",,False,,2025-06-26,False,,True
1633917,"PayPal Holdings, Inc.",PYPL,True,Nasdaq,2026-07-28,True,,False
1637459,Kraft Heinz Co,KHC,True,Nasdaq,2026-08-05,True,H.J. Heinz Holding Corp,False
1640147,Snowflake Inc.,SNOW,True,NYSE,2026-05-29,True,"Snowflake Computing, Inc.",False
1645590,Hewlett Packard Enterprise Co,"HPE,HPE-PC",True,"NYSE,NYSE",2026-06-02,True,,False
1652044,Alphabet Inc.,"GOOGL,GOOG,GOOGM,GOOGN",True,"Nasdaq,Nasdaq,Nasdaq,Nasdaq",2026-07-23,True,,False
1666700,"DuPont de Nemours, Inc.",DD,True,NYSE,2026-08-04,True,DowDuPont Inc.,False
1682852,"Moderna, Inc.",MRNA,True,Nasdaq,2026-07-31,True,"Moderna Therapeutics, Inc.",False
1690881,"ASV HOLDINGS, INC.",,False,,2019-07-31,False,"A.S.V., LLC",True
1692819,Vistra Corp.,VST,True,NYSE,2026-08-10,True,Vistra Energy Corp. | Vistra Energy Corp,False
1707925,LINDE PLC,LIN,True,Nasdaq,2026-07-31,True,ZAMALIGHT PLC,False
1730168,Broadcom Inc.,AVGO,True,Nasdaq,2026-06-09,True,Broadcom Ltd,False
1739940,Cigna Group,CI,True,NYSE,2026-07-30,True,"Cigna Corp | Halfmoon Parent, Inc.",False
1744489,Walt Disney Co,DIS,True,NYSE,2026-08-05,True,TWDC Holdco 613 Corp | TWDC Holdco 613 Corp.,False
1751788,DOW INC.,DOW,True,NYSE,2026-07-24,True,Dow Holdings Inc.,False
1782754,AZEK Co Inc.,,False,,2025-05-07,False,AZEK Co Inc. | CPG Newco LLC,True
1853513,"Mister Car Wash, Inc.",MCW,True,Nasdaq,2026-05-01,True,,False
1868275,Constellation Energy Corp,CEG,True,Nasdaq,2026-08-06,True,"Constellation Newholdco, Inc.",False
1996810,GE Vernova Inc.,GEV,True,NYSE,2026-07-22,True,GE Vernova LLC,False
