cluster,cluster_n,cik,company_name,form,section_type,reason_code,accession_number,filing_date,error,cur_heading,dash_heading,item_kw_within_60,bare_title_line,kw_anywhere,combined_items_row,combined_items_with_kw,title_then_itemlabel,item_token_count,crossref_index,words,n_anchors,anchor_items,target_in_toc,target_toc_row_has_kw,dialect,probed,weight
4281|10-Q|RISK_FACTORS|no_toc_and_no_heading_match,13,4281,Howmet Aerospace Inc.,10-Q,RISK_FACTORS,no_toc_and_no_heading_match,0000004281-19-000059,2019-05-01,,0,0,0,0,1,0,0,0,0,0,14417,0,,0,0,D16_kw_present_no_heading_line,2,6.5
4281|10-Q|RISK_FACTORS|no_toc_and_no_heading_match,13,4281,Howmet Aerospace Inc.,10-Q,RISK_FACTORS,no_toc_and_no_heading_match,0000004281-19-000096,2019-08-02,,0,0,0,0,2,0,0,0,0,0,19291,0,,0,0,D16_kw_present_no_heading_line,2,6.5
4904|10-Q|MDA|item_absent_from_toc,34,4904,AMERICAN ELECTRIC POWER CO INC,10-Q,MDA,item_absent_from_toc,0000004904-17-000060,2017-10-27,,0,0,0,2,10,1,1,0,2,0,79992,7,"1,1A,2,3,4,5,6",1,0,D10_combined_item_toc_row,2,17.0
4904|10-Q|MDA|item_absent_from_toc,34,4904,AMERICAN ELECTRIC POWER CO INC,10-Q,MDA,item_absent_from_toc,0000004904-24-000100,2024-11-06,,1,1,1,2,6,1,1,0,3,0,86031,7,"1,1A,2,3,4,5,6",1,0,D10_combined_item_toc_row,2,17.0
5272|10-Q|MDA|item_absent_from_toc,5,5272,"AMERICAN INTERNATIONAL GROUP, INC.",10-Q,MDA,item_absent_from_toc,0000005272-15-000018,2015-11-02,,2,2,3,3,4,0,0,0,122,0,87331,33,"1,1A,2,3,4,6",1,1,D_other_absent,2,2.5
5272|10-K|RISK_FACTORS|item_absent_from_toc,1,5272,"AMERICAN INTERNATIONAL GROUP, INC.",10-K,RISK_FACTORS,item_absent_from_toc,0000005272-16-000035,2016-02-19,,11,13,27,15,31,2,0,1,27,0,175942,67,"1,10,11,12,13,14,15,1A,1B,2,3,4,5,6,7,7A,8,9,9A",1,1,D_other_absent,1,1.0
5272|10-Q|MDA|item_absent_from_toc,5,5272,"AMERICAN INTERNATIONAL GROUP, INC.",10-Q,MDA,item_absent_from_toc,0000005272-16-000052,2016-11-03,,2,2,3,3,4,0,0,0,139,0,97071,33,"1,1A,2,3,4,6",1,1,D_other_absent,2,2.5
8670|10-Q|MDA|item_absent_from_toc,14,8670,AUTOMATIC DATA PROCESSING INC,10-Q,MDA,item_absent_from_toc,0000008670-19-000005,2019-01-31,,2,3,3,1,3,0,0,0,5,0,22624,23,"1,1A,2,3,4,6",1,1,D_other_absent,2,7.0
8670|10-Q|MDA|item_absent_from_toc,14,8670,AUTOMATIC DATA PROCESSING INC,10-Q,MDA,item_absent_from_toc,0000008670-19-000013,2019-05-03,,2,3,3,1,3,0,0,0,5,0,22967,24,"1,1A,2,3,4,5,6",1,1,D_other_absent,2,7.0
14272|10-K|MDA|item_absent_from_toc,1,14272,BRISTOL MYERS SQUIBB CO,10-K,MDA,item_absent_from_toc,0000014272-16-000288,2016-02-12,,4,4,4,0,4,1,0,0,4,0,72986,2,2,0,0,D11_item_no_not_row_prefix,1,1.0
14272|10-K|RISK_FACTORS|item_absent_from_toc,1,14272,BRISTOL MYERS SQUIBB CO,10-K,RISK_FACTORS,item_absent_from_toc,0000014272-16-000288,2016-02-12,,2,2,2,1,2,1,0,0,2,0,72986,2,2,0,0,D11_item_no_not_row_prefix,1,1.0
18230|10-K|MDA|item_absent_from_toc,3,18230,CATERPILLAR INC,10-K,MDA,item_absent_from_toc,0000018230-18-000042,2018-02-15,,2,2,8,2,9,0,0,0,8,0,81873,54,"11,12,13,14,16,1A,1B,1C,2,3,4,6,7,7A,8,9,9A,9B",1,1,D_other_absent,1,3.0
18230|10-K|RISK_FACTORS|item_absent_from_toc,3,18230,CATERPILLAR INC,10-K,RISK_FACTORS,item_absent_from_toc,0000018230-18-000042,2018-02-15,,3,3,3,2,4,0,0,0,3,0,81873,54,"11,12,13,14,16,1A,1B,1C,2,3,4,6,7,7A,8,9,9A,9B",1,1,D_other_absent,1,3.0
21344|10-K|MDA|item_absent_from_toc,4,21344,COCA COLA CO,10-K,MDA,item_absent_from_toc,0000021344-18-000008,2018-02-23,,9,9,9,1,10,0,0,0,9,0,108485,68,"1,10,11,12,13,14,15,16,1A,1B,2,3,4,5,6,7,7A,8,9,9A,9B",1,1,D_other_absent,2,2.0
21344|10-K|RISK_FACTORS|item_absent_from_toc,4,21344,COCA COLA CO,10-K,RISK_FACTORS,item_absent_from_toc,0000021344-18-000008,2018-02-23,,6,6,6,1,6,0,0,0,6,0,108485,68,"1,10,11,12,13,14,15,16,1A,1B,2,3,4,5,6,7,7A,8,9,9A,9B",1,1,D_other_absent,2,2.0
21344|10-K|RISK_FACTORS|item_absent_from_toc,4,21344,COCA COLA CO,10-K,RISK_FACTORS,item_absent_from_toc,0000021344-19-000014,2019-02-21,,5,5,5,1,5,0,0,0,5,0,110416,68,"1,10,11,12,13,14,15,16,1A,1B,2,3,4,5,6,7,7A,8,9,9A,9B",1,1,D_other_absent,2,2.0
21344|10-K|MDA|item_absent_from_toc,4,21344,COCA COLA CO,10-K,MDA,item_absent_from_toc,0000021344-20-000006,2020-02-24,,7,7,7,1,8,0,0,0,7,0,104968,66,"1,10,11,12,13,14,15,16,1A,1B,2,3,4,5,6,7,7A,8,9,9A,9B",1,1,D_other_absent,2,2.0
21665|10-Q|MDA|no_toc_and_no_heading_match,34,21665,COLGATE PALMOLIVE CO,10-Q,MDA,no_toc_and_no_heading_match,0000021665-17-000014,2017-10-27,,0,0,0,0,0,0,0,0,1,0,25791,0,,0,0,D_other_notoc,2,17.0
24741|10-K|RISK_FACTORS|item_absent_from_toc,9,24741,CORNING INC /NY,10-K,RISK_FACTORS,item_absent_from_toc,0000024741-26-000124,2026-02-12,,1,1,1,0,3,0,0,0,1,0,53949,98,"1,2,3,4,5,6,7,8,9",0,0,D11_item_no_not_row_prefix,2,4.5
32604|10-Q|MDA|no_toc_and_no_heading_match,34,32604,EMERSON ELECTRIC CO,10-Q,MDA,no_toc_and_no_heading_match,0000032604-17-000036,2017-08-02,,0,0,0,1,1,1,0,0,1,0,10380,0,,0,0,D15_title_present_item_label_far,2,17.0
32604|10-K|RISK_FACTORS|no_toc_and_no_heading_match,11,32604,EMERSON ELECTRIC CO,10-K,RISK_FACTORS,no_toc_and_no_heading_match,0000032604-18-000044,2018-11-19,,0,1,4,0,5,0,0,0,4,0,35797,0,,0,0,D9_dash_separator_heading,2,5.5
32604|10-Q|RISK_FACTORS|no_toc_and_no_heading_match,29,32604,EMERSON ELECTRIC CO,10-Q,RISK_FACTORS,no_toc_and_no_heading_match,0000032604-21-000029,2021-08-04,,0,0,1,0,2,1,0,0,2,0,9435,0,,0,0,D12_linebroken_or_wide_gap_heading,2,14.5
32604|10-K|MDA|no_toc_and_no_heading_match,11,32604,EMERSON ELECTRIC CO,10-K,MDA,no_toc_and_no_heading_match,0000032604-22-000041,2022-11-14,,0,1,3,0,3,0,0,0,6,0,43141,0,,0,0,D9_dash_separator_heading,2,5.5
32604|10-K|RISK_FACTORS|no_toc_and_no_heading_match,11,32604,EMERSON ELECTRIC CO,10-K,RISK_FACTORS,no_toc_and_no_heading_match,0000032604-22-000041,2022-11-14,,0,1,6,0,8,0,0,0,6,0,43141,0,,0,0,D9_dash_separator_heading,2,5.5
32604|10-Q|MDA|no_toc_and_no_heading_match,34,32604,EMERSON ELECTRIC CO,10-Q,MDA,no_toc_and_no_heading_match,0000032604-25-000012,2025-02-05,,0,0,0,1,1,1,0,0,0,0,9172,0,,0,0,D7_no_item_labels_bare_title,2,17.0
32604|10-K|MDA|no_toc_and_no_heading_match,11,32604,EMERSON ELECTRIC CO,10-K,MDA,no_toc_and_no_heading_match,0000032604-25-000087,2025-11-10,,0,1,3,0,3,0,0,0,6,0,42067,0,,0,0,D9_dash_separator_heading,2,5.5
32604|10-Q|RISK_FACTORS|no_toc_and_no_heading_match,29,32604,EMERSON ELECTRIC CO,10-Q,RISK_FACTORS,no_toc_and_no_heading_match,0000032604-26-000035,2026-05-05,,0,0,0,0,1,1,0,0,1,0,12015,0,,0,0,D16_kw_present_no_heading_line,2,14.5
34088|10-Q|RISK_FACTORS|no_toc_and_no_heading_match,14,34088,EXXON MOBIL CORP,10-Q,RISK_FACTORS,no_toc_and_no_heading_match,0000034088-18-000024,2018-05-03,,0,0,0,0,0,0,0,0,1,0,9053,0,,0,0,D_other_notoc,2,7.0
34088|10-Q|RISK_FACTORS|no_toc_and_no_heading_match,14,34088,EXXON MOBIL CORP,10-Q,RISK_FACTORS,no_toc_and_no_heading_match,0000034088-18-000048,2018-11-07,,0,0,0,0,0,0,0,0,1,0,10624,0,,0,0,D_other_notoc,2,7.0
36104|10-Q|MDA|item_absent_from_toc,7,36104,US BANCORP \DE\,10-Q,MDA,item_absent_from_toc,0000036104-25-000055,2025-08-07,,0,0,0,1,9,0,0,0,3,0,50281,4,"5,6",0,0,D11_item_no_not_row_prefix,2,3.5
36104|10-Q|MDA|item_absent_from_toc,7,36104,US BANCORP \DE\,10-Q,MDA,item_absent_from_toc,0000036104-25-000064,2025-11-05,,0,0,0,1,9,0,0,0,3,0,50417,4,"5,6",0,0,D11_item_no_not_row_prefix,2,3.5
49071|10-K|RISK_FACTORS|item_absent_from_toc,5,49071,HUMANA INC,10-K,RISK_FACTORS,item_absent_from_toc,0000049071-16-000117,2016-02-18,,2,6,6,1,7,0,0,0,6,0,84348,40,"1,10,11,12,13,14,15,1A,1B,2,3,4,5,6,7,7A,8,9,9A,9B",1,1,D_other_absent,2,2.5
49071|10-K|RISK_FACTORS|item_absent_from_toc,5,49071,HUMANA INC,10-K,RISK_FACTORS,item_absent_from_toc,0000049071-18-000014,2018-02-16,,2,6,6,1,7,0,0,0,6,0,84017,40,"1,10,11,12,13,14,15,1A,1B,2,3,4,5,6,7,7A,8,9,9A,9B",1,1,D_other_absent,2,2.5
49071|10-K|MDA|item_absent_from_toc,5,49071,HUMANA INC,10-K,MDA,item_absent_from_toc,0000049071-19-000023,2019-02-21,,2,3,3,1,4,0,0,0,3,0,75287,42,"1,10,11,12,13,14,15,16,1A,1B,2,3,4,5,6,7,7A,8,9,9A,9B",1,1,D_other_absent,2,2.5
49071|10-K|MDA|item_absent_from_toc,5,49071,HUMANA INC,10-K,MDA,item_absent_from_toc,0000049071-20-000032,2020-02-20,,2,2,2,1,3,0,0,0,3,0,72735,42,"1,10,11,12,13,14,15,16,1A,1B,2,3,4,5,6,7,7A,8,9,9A,9B",1,1,D_other_absent,2,2.5
50863|10-K|RISK_FACTORS|no_toc_and_no_heading_match,1,50863,INTEL CORP,10-K,RISK_FACTORS,no_toc_and_no_heading_match,0000050863-18-000007,2018-02-16,,1,1,1,3,5,0,0,0,1,1,55210,0,,0,0,D9_dash_separator_heading,1,1.0
51143|10-Q|MDA|item_absent_from_toc,3,51143,INTERNATIONAL BUSINESS MACHINES CORP,10-Q,MDA,item_absent_from_toc,0000051143-15-000005,2015-07-28,,2,2,2,1,2,0,0,0,4,0,44229,6,"1,2,4,6",1,1,D_other_absent,1,3.0
63908|10-K|RISK_FACTORS|no_toc_and_no_heading_match,2,63908,MCDONALDS CORP,10-K,RISK_FACTORS,no_toc_and_no_heading_match,0000063908-22-000011,2022-02-24,,1,1,1,3,6,0,0,0,1,1,40496,0,,0,0,D9_dash_separator_heading,1,2.0
72741|10-Q|MDA|no_toc_and_no_heading_match,1,72741,EVERSOURCE ENERGY,10-Q,MDA,no_toc_and_no_heading_match,0000072741-15-000043,2015-08-05,,0,1,2,8,10,0,0,0,4,0,36642,0,,0,0,D9_dash_separator_heading,1,1.0
78003|10-Q|MDA|item_absent_from_toc,5,78003,PFIZER INC,10-Q,MDA,item_absent_from_toc,0000078003-19-000026,2019-05-09,,1,1,2,1,2,1,0,0,6,0,56852,33,"1,1A,2,3,4,5,6",1,1,D_other_absent,2,2.5
78003|10-Q|MDA|item_absent_from_toc,5,78003,PFIZER INC,10-Q,MDA,item_absent_from_toc,0000078003-20-000060,2020-08-06,,1,1,2,1,2,1,0,0,4,0,64813,33,"1,1A,2,3,4,5,6",1,1,D_other_absent,2,2.5
100885|10-Q|RISK_FACTORS|no_toc_and_no_heading_match,10,100885,UNION PACIFIC CORP,10-Q,RISK_FACTORS,no_toc_and_no_heading_match,0000100885-16-000454,2016-10-20,,1,1,1,1,8,0,0,0,3,0,20860,0,,0,0,D9_dash_separator_heading,2,5.0
100885|10-Q|RISK_FACTORS|no_toc_and_no_heading_match,10,100885,UNION PACIFIC CORP,10-Q,RISK_FACTORS,no_toc_and_no_heading_match,0000100885-18-000268,2018-10-25,,1,1,1,1,8,0,0,0,3,0,19944,0,,0,0,D9_dash_separator_heading,2,5.0
107263|10-K|RISK_FACTORS|item_absent_from_toc,1,107263,"WILLIAMS COMPANIES, INC.",10-K,RISK_FACTORS,item_absent_from_toc,0000107263-16-000021,2016-02-26,,2,2,2,3,8,0,0,0,2,0,116678,44,"1,10,11,12,13,14,15,1A,1B,2,3,4,5,6,7,7A,8,9,9A,9B",1,1,D_other_absent,1,1.0
310158|10-Q|RISK_FACTORS|no_toc_and_no_heading_match,13,310158,"Merck & Co., Inc.",10-Q,RISK_FACTORS,no_toc_and_no_heading_match,0000310158-17-000037,2017-08-08,,0,0,1,0,3,0,0,0,1,0,32006,0,,0,0,D12_linebroken_or_wide_gap_heading,2,6.5
310158|10-Q|RISK_FACTORS|no_toc_and_no_heading_match,13,310158,"Merck & Co., Inc.",10-Q,RISK_FACTORS,no_toc_and_no_heading_match,0000310158-17-000045,2017-11-07,,0,0,1,0,3,0,0,0,1,0,33182,0,,0,0,D12_linebroken_or_wide_gap_heading,2,6.5
310764|10-Q|RISK_FACTORS|no_toc_and_no_heading_match,17,310764,STRYKER CORP,10-Q,RISK_FACTORS,no_toc_and_no_heading_match,0000310764-16-000458,2016-10-28,,0,0,1,0,1,0,0,0,1,0,12541,0,,0,0,D12_linebroken_or_wide_gap_heading,2,8.5
310764|10-Q|RISK_FACTORS|no_toc_and_no_heading_match,17,310764,STRYKER CORP,10-Q,RISK_FACTORS,no_toc_and_no_heading_match,0000310764-19-000140,2019-10-30,,0,0,1,0,1,0,0,0,1,0,13436,0,,0,0,D12_linebroken_or_wide_gap_heading,2,8.5
313616|10-K|MDA|item_absent_from_toc,4,313616,DANAHER CORP /DE/,10-K,MDA,item_absent_from_toc,0000313616-16-000145,2016-02-24,,4,4,4,1,7,0,0,0,4,0,71372,42,"1,10,11,12,13,14,15,1A,1B,2,3,4,5,6,7,7A,8,9,9A,9B",1,1,D_other_absent,2,2.0
313616|10-K|RISK_FACTORS|item_absent_from_toc,4,313616,DANAHER CORP /DE/,10-K,RISK_FACTORS,item_absent_from_toc,0000313616-16-000145,2016-02-24,,17,17,17,1,17,0,0,0,18,0,71372,42,"1,10,11,12,13,14,15,1A,1B,2,3,4,5,6,7,7A,8,9,9A,9B",1,1,D_other_absent,2,2.0
313616|10-K|MDA|item_absent_from_toc,4,313616,DANAHER CORP /DE/,10-K,MDA,item_absent_from_toc,0000313616-17-000066,2017-02-22,,4,4,4,1,7,0,0,0,4,0,70063,44,"1,10,11,12,13,14,15,16,1A,1B,2,3,4,5,6,7,7A,8,9,9A,9B",1,1,D_other_absent,2,2.0
313616|10-K|RISK_FACTORS|item_absent_from_toc,4,313616,DANAHER CORP /DE/,10-K,RISK_FACTORS,item_absent_from_toc,0000313616-18-000038,2018-02-21,,17,17,17,1,17,0,0,0,17,0,73493,44,"1,10,11,12,13,14,15,16,1A,1B,2,3,4,5,6,7,7A,8,9,9A,9B",1,1,D_other_absent,2,2.0
318154|10-K|MDA|item_absent_from_toc,1,318154,AMGEN INC,10-K,MDA,item_absent_from_toc,0000318154-17-000004,2017-02-14,,3,3,3,2,4,0,0,0,3,0,70866,50,"1,10,11,12,13,14,15,1A,1B,2,3,4,5,6,7,7A,8,9,9A,9B",1,1,D_other_absent,1,1.0
318154|10-K|RISK_FACTORS|item_absent_from_toc,1,318154,AMGEN INC,10-K,RISK_FACTORS,item_absent_from_toc,0000318154-17-000004,2017-02-14,,19,19,19,2,20,0,0,0,19,0,70866,50,"1,10,11,12,13,14,15,1A,1B,2,3,4,5,6,7,7A,8,9,9A,9B",1,1,D_other_absent,1,1.0
731766|10-Q|MDA|item_absent_from_toc,8,731766,UNITEDHEALTH GROUP INC,10-Q,MDA,item_absent_from_toc,0000731766-16-000088,2016-11-08,,2,2,2,2,8,0,0,0,6,0,15074,59,"1,10,1A,2,3,4,5,6,7,8,9",1,1,D_other_absent,2,4.0
731766|10-Q|MDA|item_absent_from_toc,8,731766,UNITEDHEALTH GROUP INC,10-Q,MDA,item_absent_from_toc,0000731766-17-000028,2017-08-04,,2,2,2,2,8,0,0,0,6,0,13854,56,"1,1A,2,3,4,5,6,7,8,9",1,1,D_other_absent,2,4.0
732717|10-Q|RISK_FACTORS|no_toc_and_no_heading_match,1,732717,AT&T INC.,10-Q,RISK_FACTORS,no_toc_and_no_heading_match,0000732717-18-000024,2018-05-03,,0,0,0,0,2,0,0,0,0,0,25246,0,,0,0,D16_kw_present_no_heading_line,1,1.0
753308|10-K|MDA|item_absent_from_toc,3,753308,NEXTERA ENERGY INC,10-K,MDA,item_absent_from_toc,0000753308-18-000013,2018-02-16,,3,3,3,2,8,0,0,1,3,0,81246,66,"1,10,11,12,13,14,15,16,1A,1B,2,3,4,5,6,7,7A,8,9,9A,9B",1,1,D_other_absent,1,3.0
766704|10-Q|MDA|item_absent_from_toc,9,766704,WELLTOWER INC.,10-Q,MDA,item_absent_from_toc,0000766704-15-000031,2015-08-04,,30,31,31,29,34,0,0,0,33,0,27747,9,"1,2,3,4,5,6",1,1,D_other_absent,2,4.5
766704|10-Q|MDA|item_absent_from_toc,9,766704,WELLTOWER INC.,10-Q,MDA,item_absent_from_toc,0000766704-15-000043,2015-10-30,,31,32,32,31,35,0,0,0,34,0,28355,9,"1,2,3,4,5,6",1,1,D_other_absent,2,4.5
766704|10-K|MDA|item_absent_from_toc,3,766704,WELLTOWER INC.,10-K,MDA,item_absent_from_toc,0000766704-16-000055,2016-02-18,,25,28,28,26,28,0,0,0,28,0,97371,5,"1,10,13,15,7",1,1,D_other_absent,1,3.0
766704|10-K|RISK_FACTORS|item_absent_from_toc,3,766704,WELLTOWER INC.,10-K,RISK_FACTORS,item_absent_from_toc,0000766704-17-000012,2017-02-22,,2,8,8,3,11,0,0,0,8,0,89156,5,"1,10,13,15,7",0,0,D11_item_no_not_row_prefix,1,3.0
773840|10-K|RISK_FACTORS|no_toc_and_no_heading_match,1,773840,HONEYWELL INTERNATIONAL INC,10-K,RISK_FACTORS,no_toc_and_no_heading_match,0000773840-22-000018,2022-02-11,,1,1,1,11,18,0,0,0,1,1,57262,0,,0,0,D9_dash_separator_heading,1,1.0
773840|10-K|MDA|item_absent_from_toc,7,773840,HONEYWELL INTERNATIONAL INC,10-K,MDA,item_absent_from_toc,0000773840-26-000013,2026-02-17,,1,1,1,13,15,1,0,0,1,1,68963,5,6,0,0,D11_item_no_not_row_prefix,2,3.5
773840|10-K|RISK_FACTORS|item_absent_from_toc,7,773840,HONEYWELL INTERNATIONAL INC,10-K,RISK_FACTORS,item_absent_from_toc,0000773840-26-000013,2026-02-17,,1,1,1,20,21,1,0,0,1,1,68963,5,6,0,0,D11_item_no_not_row_prefix,2,3.5
827052|10-K|MDA|no_toc_and_no_heading_match,4,827052,EDISON INTERNATIONAL,10-K,MDA,no_toc_and_no_heading_match,0000827052-16-000222,2016-02-23,,0,0,0,3,3,0,0,0,1,0,71666,0,,0,0,D15_title_present_item_label_far,2,2.0
827052|10-Q|MDA|no_toc_and_no_heading_match,34,827052,EDISON INTERNATIONAL,10-Q,MDA,no_toc_and_no_heading_match,0000827052-17-000128,2017-05-01,,0,0,0,3,3,0,0,0,2,0,23331,0,,0,0,D15_title_present_item_label_far,2,17.0
827052|10-K|MDA|no_toc_and_no_heading_match,4,827052,EDISON INTERNATIONAL,10-K,MDA,no_toc_and_no_heading_match,0000827052-19-000034,2019-02-28,,0,0,0,3,3,0,0,0,1,0,82398,0,,0,0,D15_title_present_item_label_far,2,2.0
827052|10-Q|RISK_FACTORS|no_toc_and_no_heading_match,34,827052,EDISON INTERNATIONAL,10-Q,RISK_FACTORS,no_toc_and_no_heading_match,0000827052-20-000134,2020-10-27,,0,0,0,2,6,0,0,1,1,0,47209,0,,0,0,D15_title_present_item_label_far,2,17.0
827052|10-Q|MDA|no_toc_and_no_heading_match,34,827052,EDISON INTERNATIONAL,10-Q,MDA,no_toc_and_no_heading_match,0000827052-22-000031,2022-05-03,,0,0,0,3,3,0,0,0,1,0,31405,0,,0,0,D15_title_present_item_label_far,2,17.0
827052|10-K|RISK_FACTORS|no_toc_and_no_heading_match,11,827052,EDISON INTERNATIONAL,10-K,RISK_FACTORS,no_toc_and_no_heading_match,0000827052-23-000010,2023-02-23,,0,0,0,2,6,0,0,1,1,0,94889,0,,0,0,D15_title_present_item_label_far,2,5.5
827052|10-Q|RISK_FACTORS|no_toc_and_no_heading_match,34,827052,EDISON INTERNATIONAL,10-Q,RISK_FACTORS,no_toc_and_no_heading_match,0000827052-23-000037,2023-05-02,,0,0,0,0,2,0,0,0,0,0,31327,0,,0,0,D16_kw_present_no_heading_line,2,17.0
827052|10-K|RISK_FACTORS|no_toc_and_no_heading_match,11,827052,EDISON INTERNATIONAL,10-K,RISK_FACTORS,no_toc_and_no_heading_match,0000827052-24-000013,2024-02-22,,0,0,0,2,6,0,0,1,1,0,94680,0,,0,0,D15_title_present_item_label_far,2,5.5
831001|10-K|MDA|no_toc_and_no_heading_match,11,831001,CITIGROUP INC,10-K,MDA,no_toc_and_no_heading_match,0000831001-18-000040,2018-02-23,,0,0,0,3,5,1,0,0,0,1,174095,0,,0,0,D7_no_item_labels_bare_title,2,5.5
831001|10-K|MDA|no_toc_and_no_heading_match,11,831001,CITIGROUP INC,10-K,MDA,no_toc_and_no_heading_match,0000831001-19-000027,2019-02-22,,0,0,0,3,5,1,0,0,0,1,168301,0,,0,0,D7_no_item_labels_bare_title,2,5.5
831001|10-Q|MDA|no_toc_and_no_heading_match,34,831001,CITIGROUP INC,10-Q,MDA,no_toc_and_no_heading_match,0000831001-19-000105,2019-11-01,,0,0,0,2,3,0,0,0,0,0,95180,0,,0,0,D7_no_item_labels_bare_title,2,17.0
831001|10-Q|MDA|no_toc_and_no_heading_match,34,831001,CITIGROUP INC,10-Q,MDA,no_toc_and_no_heading_match,0000831001-20-000044,2020-05-04,,0,0,0,2,3,0,0,0,0,0,95961,0,,0,0,D7_no_item_labels_bare_title,2,17.0
831001|10-Q|RISK_FACTORS|no_toc_and_no_heading_match,34,831001,CITIGROUP INC,10-Q,RISK_FACTORS,no_toc_and_no_heading_match,0000831001-20-000044,2020-05-04,,0,0,0,2,26,0,0,0,0,0,95961,0,,0,0,D7_no_item_labels_bare_title,2,17.0
831001|10-Q|RISK_FACTORS|no_toc_and_no_heading_match,34,831001,CITIGROUP INC,10-Q,RISK_FACTORS,no_toc_and_no_heading_match,0000831001-20-000110,2020-11-04,,0,0,0,2,27,0,0,0,0,0,110566,0,,0,0,D7_no_item_labels_bare_title,2,17.0
831001|10-K|RISK_FACTORS|no_toc_and_no_heading_match,11,831001,CITIGROUP INC,10-K,RISK_FACTORS,no_toc_and_no_heading_match,0000831001-22-000036,2022-02-28,,0,0,0,3,54,1,0,0,0,1,189465,0,,0,0,D7_no_item_labels_bare_title,2,5.5
831001|10-K|RISK_FACTORS|no_toc_and_no_heading_match,11,831001,CITIGROUP INC,10-K,RISK_FACTORS,no_toc_and_no_heading_match,0000831001-23-000037,2023-02-27,,0,0,0,3,56,1,0,0,0,1,192926,0,,0,0,D7_no_item_labels_bare_title,2,5.5
831259|10-K|MDA|item_absent_from_toc,11,831259,FREEPORT-MCMORAN INC,10-K,MDA,item_absent_from_toc,0000831259-17-000012,2017-02-24,,0,0,0,0,7,7,3,0,1,0,126510,39,"10,11,12,13,14,15,16,1A,1B,3,4,5,6,8,9,9A,9B",0,0,D10_combined_item_toc_row,2,5.5
831259|10-K|MDA|item_absent_from_toc,11,831259,FREEPORT-MCMORAN INC,10-K,MDA,item_absent_from_toc,0000831259-20-000004,2020-02-14,,0,0,0,0,6,9,2,0,0,0,106212,39,"10,11,12,13,14,15,16,1A,1B,3,4,5,6,8,9,9A,9B",0,0,D10_combined_item_toc_row,2,5.5
885725|10-Q|MDA|item_absent_from_toc,1,885725,BOSTON SCIENTIFIC CORP,10-Q,MDA,item_absent_from_toc,0000885725-26-000033,2026-05-01,,2,2,2,2,4,0,0,0,2,0,21432,24,"1,1A,2,3,4,5,6",1,1,D_other_absent,1,1.0
895421|10-K|MDA|item_absent_from_toc,9,895421,MORGAN STANLEY,10-K,MDA,item_absent_from_toc,0000895421-20-000265,2020-02-27,,0,0,1,35,51,0,0,0,1,0,120759,50,"1,10,11,12,13,14,15,16,17,18,19,2,20,21,22,23,24,3,4,5,6,7,8,9",1,0,D14_toc_row_kw_mismatch,2,4.5
895421|10-Q|MDA|item_absent_from_toc,29,895421,MORGAN STANLEY,10-Q,MDA,item_absent_from_toc,0000895421-20-000429,2020-08-04,,0,0,0,33,52,0,0,0,0,0,57505,59,"1,10,11,12,13,14,15,16,17,18,19,2,3,4,5,6,7,8,9",1,0,D14_toc_row_kw_mismatch,2,14.5
895421|10-K|RISK_FACTORS|item_absent_from_toc,9,895421,MORGAN STANLEY,10-K,RISK_FACTORS,item_absent_from_toc,0000895421-23-000284,2023-02-24,,0,0,0,2,22,0,0,0,0,0,118183,50,"1,10,11,12,13,14,15,16,17,18,19,2,20,21,22,23,24,3,4,5,6,7,8,9",0,0,D11_item_no_not_row_prefix,2,4.5
895421|10-Q|MDA|item_absent_from_toc,29,895421,MORGAN STANLEY,10-Q,MDA,item_absent_from_toc,0000895421-23-000315,2023-05-02,,0,0,0,23,40,0,0,0,0,0,47145,59,"1,10,11,12,13,14,15,16,17,18,19,2,3,4,5,6,7,8,9",1,0,D14_toc_row_kw_mismatch,2,14.5
922224|10-K|MDA|item_absent_from_toc,1,922224,PPL Corp,10-K,MDA,item_absent_from_toc,0000922224-16-000130,2016-02-19,,0,0,15,2,18,0,0,0,17,0,133367,41,"1,10,11,12,13,14,15,16,17,18,19,1A,1B,2,20,21,3,4,5,6,7,7A,8,9,9A,9B",1,0,D14_toc_row_kw_mismatch,1,1.0
927628|10-K|RISK_FACTORS|item_absent_from_toc,1,927628,CAPITAL ONE FINANCIAL CORP,10-K,RISK_FACTORS,item_absent_from_toc,0000927628-16-000140,2016-02-25,,6,6,6,3,8,0,0,0,6,0,130430,120,"1,10,11,12,13,14,15,16,17,18,19,1A,1B,2,20,21,22,23,24,25,26,27,28,29,3,30,31,32,33,34,35,36,4,5,6,7,7A,8,9,9A,9B",1,1,D_other_absent,1,1.0
773840|10-K|MDA|item_absent_from_toc,7,773840,HONEYWELL INTERNATIONAL INC,10-K,MDA,item_absent_from_toc,0000930413-18-000292,2018-02-09,,4,4,4,2,6,0,0,0,4,0,46625,21,"11,12,13,14,16,1A,1B,2,3,4,6,7,7A,8,9,9A,9B",1,1,D_other_absent,2,3.5
773840|10-K|RISK_FACTORS|item_absent_from_toc,7,773840,HONEYWELL INTERNATIONAL INC,10-K,RISK_FACTORS,item_absent_from_toc,0000930413-18-000292,2018-02-09,,2,2,2,2,4,0,0,0,3,0,46625,21,"11,12,13,14,16,1A,1B,2,3,4,6,7,7A,8,9,9A,9B",1,1,D_other_absent,2,3.5
936402|10-Q|MDA|item_absent_from_toc,1,936402,Shire plc,10-Q,MDA,item_absent_from_toc,0000936402-18-000013,2018-04-26,,2,2,2,0,4,0,0,0,4,0,21911,24,"1,1A,2,3,4,5,6",1,1,D_other_absent,1,1.0
1034054|10-Q|MDA|item_absent_from_toc,3,1034054,SBA COMMUNICATIONS CORP,10-Q,MDA,item_absent_from_toc,0001034054-16-000020,2016-05-10,,1,1,1,2,3,0,0,0,3,0,17792,2,"2,6",1,0,D14_toc_row_kw_mismatch,1,3.0
315189|10-K|MDA|item_absent_from_toc,2,315189,DEERE & CO,10-K,MDA,item_absent_from_toc,0001047469-16-017244,2016-12-19,,2,2,3,3,7,0,0,0,3,0,53519,3,15,0,0,D11_item_no_not_row_prefix,1,2.0
315189|10-K|RISK_FACTORS|item_absent_from_toc,2,315189,DEERE & CO,10-K,RISK_FACTORS,item_absent_from_toc,0001047469-16-017244,2016-12-19,,2,2,3,2,6,0,0,0,3,0,53519,3,15,0,0,D11_item_no_not_row_prefix,1,2.0
86312|10-K|MDA|item_absent_from_toc,3,86312,"TRAVELERS COMPANIES, INC.",10-K,MDA,item_absent_from_toc,0001047469-17-000695,2017-02-16,,1,22,22,2,23,0,0,0,22,0,131693,65,"1,10,11,13,14,15,16,1A,1B,2,3,4,6,7A,8,9A,9B",0,0,D11_item_no_not_row_prefix,1,3.0
1108524|10-Q|MDA|item_absent_from_toc,8,1108524,"Salesforce, Inc.",10-Q,MDA,item_absent_from_toc,0001108524-16-000128,2016-11-21,,2,2,2,1,3,0,0,0,4,0,52566,21,"1,1A,2,3,4,5,6",1,1,D_other_absent,2,4.0
1108524|10-Q|MDA|item_absent_from_toc,8,1108524,"Salesforce, Inc.",10-Q,MDA,item_absent_from_toc,0001108524-17-000020,2017-08-25,,2,2,2,1,3,0,0,0,4,0,44059,21,"1,1A,2,3,4,5,6",1,1,D_other_absent,2,4.0
1136893|10-K|MDA|item_absent_from_toc,5,1136893,"Fidelity National Information Services, Inc.",10-K,MDA,item_absent_from_toc,0001136893-17-000008,2017-02-23,,3,3,4,4,5,0,0,0,4,0,58996,64,"1,10,11,12,13,14,15,1A,1B,2,3,4,5,6,7,7A,8,9,9A,9B",1,1,D_other_absent,2,2.5
1136893|10-K|RISK_FACTORS|item_absent_from_toc,5,1136893,"Fidelity National Information Services, Inc.",10-K,RISK_FACTORS,item_absent_from_toc,0001136893-17-000008,2017-02-23,,2,2,2,2,4,0,0,0,2,0,58996,64,"1,10,11,12,13,14,15,1A,1B,2,3,4,5,6,7,7A,8,9,9A,9B",1,1,D_other_absent,2,2.5
1136893|10-K|MDA|item_absent_from_toc,5,1136893,"Fidelity National Information Services, Inc.",10-K,MDA,item_absent_from_toc,0001136893-18-000011,2018-02-22,,3,3,4,4,5,0,0,0,4,0,58449,67,"1,10,11,12,13,14,15,16,1A,1B,2,3,4,5,6,7,7A,8,9,9A,9B",1,1,D_other_absent,2,2.5
1136893|10-K|RISK_FACTORS|item_absent_from_toc,5,1136893,"Fidelity National Information Services, Inc.",10-K,RISK_FACTORS,item_absent_from_toc,0001136893-20-000032,2020-02-20,,2,2,2,2,4,0,0,0,3,0,70223,67,"1,10,11,12,13,14,15,16,1A,1B,2,3,4,5,6,7,7A,8,9,9A,9B",1,1,D_other_absent,2,2.5
1618921|10-K|RISK_FACTORS|item_absent_from_toc,1,1618921,"Walgreens Boots Alliance, Inc.",10-K,RISK_FACTORS,item_absent_from_toc,0001140361-16-083198,2016-10-20,,2,2,3,2,8,0,0,0,6,0,70500,22,"1,10,11,12,13,14,15,1A,1B,2,3,4,5,6,7,7A,8,9,9A,9B",1,1,D_other_absent,1,1.0
713676|10-Q|MDA|item_absent_from_toc,2,713676,"PNC FINANCIAL SERVICES GROUP, INC.",10-Q,MDA,item_absent_from_toc,0001193125-15-277885,2015-08-05,,1,1,1,1,1,1,0,0,4,1,87894,107,"1,10,11,12,13,14,16,17,18,19,1A,2,20,21,22,23,24,25,26,27,28,29,3,30,31,32,33,34,35,36,37,38,39,4,40,41,42,43,44,46,47,48,49,5,52,53,54,55,56,57,58,6,60,61,62,64,65,66,67,68,69,7,70,71,72,73,74,75,76,77,78,79,8,80,81,82,83,84,85,86,87,88,89,9,90,91,93,94,95,96,97,98,99",1,1,D_other_absent,1,2.0
1105705|10-Q|MDA|item_absent_from_toc,9,1105705,"WARNER MEDIA, LLC",10-Q,MDA,item_absent_from_toc,0001193125-15-278166,2015-08-05,,0,0,0,22,22,0,0,0,2,0,26076,5,"1,1A,2,4,6",1,0,D14_toc_row_kw_mismatch,2,4.5
6769|10-Q|MDA|no_toc_and_no_heading_match,2,6769,APACHE CORP,10-Q,MDA,no_toc_and_no_heading_match,0001193125-15-368662,2015-11-06,,0,1,1,1,3,2,0,0,3,0,19591,0,,0,0,D9_dash_separator_heading,1,2.0
1489393|10-K|MDA|item_absent_from_toc,3,1489393,LyondellBasell Industries N.V.,10-K,MDA,item_absent_from_toc,0001193125-16-465311,2016-02-16,,2,2,2,2,6,1,0,0,2,0,72220,44,"1,10,11,12,13,14,15,16,17,18,19,1A,1B,2,20,21,22,23,24,3,4,5,6,7,7A,8,9,9A,9B",1,0,D14_toc_row_kw_mismatch,1,3.0
1105705|10-Q|MDA|item_absent_from_toc,9,1105705,"WARNER MEDIA, LLC",10-Q,MDA,item_absent_from_toc,0001193125-17-245363,2017-08-02,,0,0,0,22,22,0,0,0,2,0,27809,4,"1A,2,4,6",1,0,D14_toc_row_kw_mismatch,2,4.5
1137789|10-K|MDA|item_absent_from_toc,1,1137789,Seagate Technology Holdings plc,10-K,MDA,item_absent_from_toc,0001193125-17-248796,2017-08-04,,2,2,2,2,4,1,0,0,2,0,60667,16,"1,10,11,14,15,1A,1B,2,3,4,6,7A,8,9,9A,9B",0,0,D11_item_no_not_row_prefix,1,1.0
895421|10-K|RISK_FACTORS|item_absent_from_toc,9,895421,MORGAN STANLEY,10-K,RISK_FACTORS,item_absent_from_toc,0001193125-18-060831,2018-02-27,,0,0,0,2,22,0,0,0,0,0,128539,25,"1,10,11,12,14,15,16,17,18,19,2,20,21,22,23,24,3,4,5,6,7,8,9",0,0,D11_item_no_not_row_prefix,2,4.5
1163165|10-K|MDA|item_absent_from_toc,3,1163165,CONOCOPHILLIPS,10-K,MDA,item_absent_from_toc,0001193125-19-043841,2019-02-19,,1,1,2,3,13,2,0,0,2,0,92720,23,"1,10,11,13,14,15,1A,1B,3,4,6,7A,8,9,9A,9B",0,0,D11_item_no_not_row_prefix,1,3.0
732717|10-K|MDA|item_absent_from_toc,1,732717,AT&T INC.,10-K,MDA,item_absent_from_toc,0001193125-19-045608,2019-02-20,,1,1,1,2,2,0,0,0,1,0,15224,17,"1,10,11,14,15,1A,2,3,4,6,7A,8,9,9A,9B",0,0,D11_item_no_not_row_prefix,1,1.0
895421|10-K|MDA|item_absent_from_toc,9,895421,MORGAN STANLEY,10-K,MDA,item_absent_from_toc,0001193125-19-051943,2019-02-26,,0,0,0,40,56,0,0,0,0,0,123420,22,"1,10,11,12,14,15,16,17,18,19,2,20,21,22,23,24,3,4,5,6,8,9",0,0,D11_item_no_not_row_prefix,2,4.5
36104|10-Q|MDA|no_toc_and_no_heading_match,27,36104,US BANCORP \DE\,10-Q,MDA,no_toc_and_no_heading_match,0001193125-19-287486,2019-11-08,,0,0,0,1,16,0,0,0,4,0,50507,0,,0,0,D15_title_present_item_label_far,2,13.5
36104|10-Q|MDA|no_toc_and_no_heading_match,27,36104,US BANCORP \DE\,10-Q,MDA,no_toc_and_no_heading_match,0001193125-20-286983,2020-11-05,,0,0,0,1,11,0,0,0,4,0,55877,0,,0,0,D15_title_present_item_label_far,2,13.5
1283699|10-Q|MDA|item_absent_from_toc,1,1283699,"T-Mobile US, Inc.",10-Q,MDA,item_absent_from_toc,0001283699-17-000022,2017-04-24,,2,2,2,1,3,0,0,0,4,0,21103,38,"1,1A,2,3,4,5,6",1,1,D_other_absent,1,1.0
1358071|10-K|MDA|item_absent_from_toc,2,1358071,CONCHO RESOURCES INC,10-K,MDA,item_absent_from_toc,0001358071-18-000008,2018-02-21,,3,3,3,1,4,0,0,0,3,0,74910,31,"1,10,11,12,13,14,15,16,1A,1B,2,3,4,5,6,7,7A,8,9,9A,9B",1,1,D_other_absent,1,2.0
1358071|10-K|RISK_FACTORS|item_absent_from_toc,2,1358071,CONCHO RESOURCES INC,10-K,RISK_FACTORS,item_absent_from_toc,0001358071-18-000008,2018-02-21,,6,6,6,1,8,0,0,0,6,0,74910,31,"1,10,11,12,13,14,15,16,1A,1B,2,3,4,5,6,7,7A,8,9,9A,9B",1,1,D_other_absent,1,2.0
1390777|10-Q|MDA|item_absent_from_toc,34,1390777,Bank of New York Mellon Corp,10-Q,MDA,item_absent_from_toc,0001390777-19-000080,2019-08-07,,0,0,0,0,2,2,2,0,2,0,57529,12,"1,2,4,6",1,0,D10_combined_item_toc_row,2,17.0
1390777|10-Q|MDA|item_absent_from_toc,34,1390777,Bank of New York Mellon Corp,10-Q,MDA,item_absent_from_toc,0001390777-25-000084,2025-05-02,,0,0,0,0,2,2,2,0,2,0,53291,14,"1,2,4,5,6",1,0,D10_combined_item_toc_row,2,17.0
1413329|10-K|RISK_FACTORS|item_absent_from_toc,5,1413329,Philip Morris International Inc.,10-K,RISK_FACTORS,item_absent_from_toc,0001413329-16-000076,2016-02-17,,6,6,6,6,9,0,0,0,6,0,75645,40,"1,10,11,12,13,14,15,1A,1B,2,3,4,5,6,7,7A,8,9,9A,9B",1,1,D_other_absent,2,2.5
1413329|10-K|RISK_FACTORS|item_absent_from_toc,5,1413329,Philip Morris International Inc.,10-K,RISK_FACTORS,item_absent_from_toc,0001413329-18-000007,2018-02-13,,5,5,5,5,8,0,0,0,5,0,64670,40,"1,10,11,12,13,14,15,1A,1B,2,3,4,5,6,7,7A,8,9,9A,9B",1,1,D_other_absent,2,2.5
1413329|10-K|MDA|item_absent_from_toc,5,1413329,Philip Morris International Inc.,10-K,MDA,item_absent_from_toc,0001413329-19-000007,2019-02-07,,3,3,3,3,3,0,0,0,11,0,65271,40,"1,10,11,12,13,14,15,1A,1B,2,3,4,5,6,7,7A,8,9,9A,9B",1,1,D_other_absent,2,2.5
1413329|10-K|MDA|item_absent_from_toc,5,1413329,Philip Morris International Inc.,10-K,MDA,item_absent_from_toc,0001413329-20-000007,2020-02-07,,6,6,6,5,6,0,0,0,14,0,67342,40,"1,10,11,12,13,14,15,1A,1B,2,3,4,5,6,7,7A,8,9,9A,9B",1,1,D_other_absent,2,2.5
24741|10-K|MDA|item_absent_from_toc,9,24741,CORNING INC /NY,10-K,MDA,item_absent_from_toc,0001437749-24-003735,2024-02-12,,1,1,1,0,6,0,0,0,1,0,52101,53,"1,10,11,12,13,14,15,16,17,2,3,4,5,6,7,8,9",1,0,D14_toc_row_kw_mismatch,2,4.5
1483096|10-K|RISK_FACTORS|item_absent_from_toc,1,1483096,WILLIAMS PARTNERS L.P.,10-K,RISK_FACTORS,item_absent_from_toc,0001483096-16-000021,2016-02-26,,2,2,2,3,12,0,0,0,2,0,94767,42,"1,10,11,12,13,14,15,1A,1B,2,3,4,5,6,7,7A,8,9,9A,9B",1,1,D_other_absent,1,1.0
1539838|10-Q|MDA|item_absent_from_toc,1,1539838,"Diamondback Energy, Inc.",10-Q,MDA,item_absent_from_toc,0001539838-15-000037,2015-08-10,,2,2,2,1,2,0,0,0,2,0,27184,19,"1,1A,2,3,4,6",1,1,D_other_absent,1,1.0
1555280|10-K|MDA|item_absent_from_toc,2,1555280,Zoetis Inc.,10-K,MDA,item_absent_from_toc,0001555280-16-000344,2016-02-24,,7,7,7,3,8,0,0,0,7,0,95393,46,"1,10,11,12,13,14,15,1A,1B,2,3,4,5,6,7,7A,8,9,9A,9B",1,1,D_other_absent,1,2.0
1555280|10-K|RISK_FACTORS|item_absent_from_toc,2,1555280,Zoetis Inc.,10-K,RISK_FACTORS,item_absent_from_toc,0001555280-17-000044,2017-02-16,,4,4,4,1,4,0,0,0,4,0,79035,48,"1,10,11,12,13,14,15,16,1A,1B,2,3,4,5,6,7,7A,8,9,9A,9B",1,1,D_other_absent,1,2.0
1099590|10-Q|MDA|item_absent_from_toc,10,1099590,MERCADOLIBRE INC,10-Q,MDA,item_absent_from_toc,0001562762-16-000383,2016-05-06,,0,2,2,0,4,0,0,0,3,0,34107,1,1,0,0,D11_item_no_not_row_prefix,2,5.0
1099590|10-Q|MDA|item_absent_from_toc,10,1099590,MERCADOLIBRE INC,10-Q,MDA,item_absent_from_toc,0001562762-18-000323,2018-11-02,,0,2,2,0,4,0,0,0,3,0,37292,1,1,0,0,D11_item_no_not_row_prefix,2,5.0
24741|10-K|MDA|item_absent_from_toc,9,24741,CORNING INC /NY,10-K,MDA,item_absent_from_toc,0001562762-21-000023,2021-02-12,,1,1,1,0,5,0,0,0,1,0,62241,21,"1,10,11,12,13,14,15,16,17,18,19,2,20,3,4,5,6,7,8,9",1,0,D14_toc_row_kw_mismatch,2,4.5
24741|10-K|RISK_FACTORS|item_absent_from_toc,9,24741,CORNING INC /NY,10-K,RISK_FACTORS,item_absent_from_toc,0001562762-21-000023,2021-02-12,,1,1,1,0,3,0,0,0,1,0,62241,21,"1,10,11,12,13,14,15,16,17,18,19,2,20,3,4,5,6,7,8,9",0,0,D11_item_no_not_row_prefix,2,4.5
87347|10-Q|RISK_FACTORS|anchor_span_below_min_chars,11,87347,SLB LIMITED/NV,10-Q,RISK_FACTORS,anchor_span_below_min_chars,0001564590-16-026174,2016-10-26,,2,2,2,1,3,0,0,0,3,0,12168,11,"1,1A,2,3,4,5,6",1,1,anchor_span_below_min_chars,2,5.5
87347|10-Q|RISK_FACTORS|anchor_span_below_min_chars,11,87347,SLB LIMITED/NV,10-Q,RISK_FACTORS,anchor_span_below_min_chars,0001564590-17-014007,2017-07-26,,2,2,2,1,3,0,0,0,3,0,11583,11,"1,1A,2,3,4,5,6",1,1,anchor_span_below_min_chars,2,5.5
97476|10-K|MDA|no_toc_and_no_heading_match,2,97476,TEXAS INSTRUMENTS INC,10-K,MDA,no_toc_and_no_heading_match,0001564590-18-002832,2018-02-22,,0,0,0,0,2,0,0,0,1,0,32453,0,,0,0,D16_kw_present_no_heading_line,1,2.0
97476|10-Q|MDA|no_toc_and_no_heading_match,1,97476,TEXAS INSTRUMENTS INC,10-Q,MDA,no_toc_and_no_heading_match,0001564590-19-014051,2019-04-30,,0,0,0,0,1,0,0,0,2,0,9243,0,,0,0,D16_kw_present_no_heading_line,1,1.0
106535|10-K|MDA|item_absent_from_toc,1,106535,WEYERHAEUSER CO,10-K,MDA,item_absent_from_toc,0001564590-20-004822,2020-02-14,,1,1,1,6,7,0,0,0,2,0,57921,50,"1,10,11,12,13,14,15,16,1A,1B,2,3,5,6,7,7A,8,9,9A,9B",1,1,D_other_absent,1,1.0
1571949|10-K|RISK_FACTORS|item_absent_from_toc,11,1571949,"Intercontinental Exchange, Inc.",10-K,RISK_FACTORS,item_absent_from_toc,0001571949-25-000003,2025-02-06,,0,0,0,1,10,0,0,0,0,0,96063,40,"1,10,11,12,13,14,15,16,2,3,4,5,6,7,8,9",0,0,D11_item_no_not_row_prefix,2,5.5
1571949|10-K|RISK_FACTORS|item_absent_from_toc,11,1571949,"Intercontinental Exchange, Inc.",10-K,RISK_FACTORS,item_absent_from_toc,0001571949-26-000004,2026-02-05,,0,0,0,1,10,0,0,0,0,0,95209,40,"1,10,11,12,13,14,15,16,2,3,4,5,6,7,8,9",0,0,D11_item_no_not_row_prefix,2,5.5
21665|10-Q|MDA|no_toc_and_no_heading_match,34,21665,COLGATE PALMOLIVE CO,10-Q,MDA,no_toc_and_no_heading_match,0001628280-16-014877,2016-04-28,,0,0,0,0,0,0,0,0,1,0,19955,0,,0,0,D_other_notoc,2,17.0
1652044|10-K|RISK_FACTORS|item_absent_from_toc,1,1652044,Alphabet Inc.,10-K,RISK_FACTORS,item_absent_from_toc,0001652044-18-000007,2018-02-06,,2,2,3,2,5,0,0,0,4,0,51161,42,"1,10,11,12,13,14,15,16,1A,1B,2,3,4,5,6,7,7A,8,9,9A,9B",1,1,D_other_absent,1,1.0
6769|10-K|MDA|item_absent_from_toc,7,6769,APACHE CORP,10-K,MDA,item_absent_from_toc,0001673379-17-000004,2017-02-24,,1,5,5,2,7,3,0,0,9,0,70288,62,"1,10,11,12,13,14,15,16,1A,1B,2,3,4,5,6,7,7A,8,9,9A,9B",1,1,D_other_absent,2,3.5
6769|10-K|RISK_FACTORS|item_absent_from_toc,4,6769,APACHE CORP,10-K,RISK_FACTORS,item_absent_from_toc,0001673379-18-000008,2018-02-23,,1,3,3,2,5,3,1,0,4,0,64153,62,"1,10,11,12,13,14,15,16,1A,1B,2,3,4,5,6,7,7A,8,9,9A,9B",1,1,D10_combined_item_toc_row,2,2.0
1682852|10-Q|MDA|item_absent_from_toc,1,1682852,"Moderna, Inc.",10-Q,MDA,item_absent_from_toc,0001682852-19-000023,2019-05-09,,2,2,2,1,5,0,0,0,4,0,35128,19,"1,1A,2,3,4,6",1,1,D_other_absent,1,1.0
6769|10-K|RISK_FACTORS|item_absent_from_toc,4,6769,APACHE CORP,10-K,RISK_FACTORS,item_absent_from_toc,0001733037-19-000004,2019-03-01,,1,3,3,2,5,4,1,0,4,0,66750,62,"1,10,11,12,13,14,15,16,1A,1B,2,3,4,5,6,7,7A,8,9,9A,9B",1,1,D10_combined_item_toc_row,2,2.0
6769|10-K|MDA|item_absent_from_toc,7,6769,APACHE CORP,10-K,MDA,item_absent_from_toc,0001733037-20-000004,2020-02-28,,1,6,6,2,9,3,0,0,10,0,72733,62,"1,10,11,12,13,14,15,16,1A,1B,2,3,4,5,6,7,7A,8,9,9A,9B",1,1,D_other_absent,2,3.5
6769|10-Q|MDA|item_absent_from_toc,12,6769,APACHE CORP,10-Q,MDA,item_absent_from_toc,0001784031-22-000029,2022-11-03,,0,0,0,0,0,1,0,0,1,0,24903,16,"1,1A,2,3,4,6",1,0,D14_toc_row_kw_mismatch,2,6.0
6769|10-Q|MDA|item_absent_from_toc,12,6769,APACHE CORP,10-Q,MDA,item_absent_from_toc,0001784031-24-000009,2024-05-02,,0,0,0,0,0,1,0,0,1,0,15783,16,"1,1A,2,3,4,6",1,0,D14_toc_row_kw_mismatch,2,6.0
