chunk_id,arm
E2CHK-e95cce1305be9672,P
E2CHK-d362e4ca7a577757,P
E2CHK-956c6b9f57e2ead4,P
E2CHK-b1b149916bf054c3,P
E2CHK-9a698d7841cf38e1,P
E2CHK-929886d5e0ebd1c7,G-N
E2CHK-6cc380482ec83912,P
E2CHK-cbc20c904f8df8d3,G-A
E2CHK-dca07e8a0cfcc7fc,P
E2CHK-b2b6e598b970440d,P
E2CHK-95302e9d5038ecb7,G-A
E2CHK-de71dbbf03a6cb3b,G-A
E2CHK-0a1e6bc58dcb27b9,P
E2CHK-7cf166c90d16c427,P
E2CHK-6e4254f9fdb388cf,P
E2CHK-8982301fb0df590d,P
E2CHK-3f6dd03f4afc17ac,G-A
E2CHK-15e70797e348a069,G-N
E2CHK-0ce0f271a0db498d,P
E2CHK-9139331d59f2a3fc,G-N
E2CHK-89e59fcfd1838f56,P
E2CHK-c767fe89c45aa50e,P
E2CHK-2d804a444b2f09ff,P
E2CHK-9ed330a5a63136c9,G-A
E2CHK-d1fd9daf1bcbb960,P
E2CHK-e4e6078c39f54dcb,P
E2CHK-195c4f302b0636bf,G-A
E2CHK-3063008745090369,G-N
E2CHK-35bc809ea7b329f2,P
E2CHK-57f1f5e507653634,P
E2CHK-b43feaec8f15b532,P
E2CHK-b59a71de64bc8dd2,G-N
E2CHK-329aeb2738643931,G-A
E2CHK-dd1e072a90628a46,P
E2CHK-dfb41597a10fbecc,P
E2CHK-33721641585dfae7,P
E2CHK-acfd0b27f95008e6,P
E2CHK-4ae73e0d138c26d6,P
E2CHK-0d399f1a44b9ff50,G-A
E2CHK-b07a012e3e8ea9d9,P
E2CHK-172fa46a881240b8,P
E2CHK-29ac271263df3df6,P
E2CHK-4a09f1e27e3728d1,P
E2CHK-53c7e256395f4d8f,P
E2CHK-bcbc336fcdc592a8,P
E2CHK-88e6b4cd70890339,P
E2CHK-fefe96f00b0ea62b,P
E2CHK-87f57fbbc1cc2552,G-A
E2CHK-47b59f02a9d04e58,P
E2CHK-393f0304159e7889,P
E2CHK-3a0b7583ac8b8576,P
E2CHK-e3275402293c7fcd,P
E2CHK-48fb63493724f20b,G-A
E2CHK-abdb9939c188bdd9,P
E2CHK-1590b0e6ab37b7ec,P
E2CHK-00117e52ac2439f5,G-N
E2CHK-f81e3b8d6f822db5,P
E2CHK-201551dd7e7402f9,P
E2CHK-c139014881563565,P
E2CHK-449091ac3604b0b8,P
E2CHK-0bb11031c6b11b44,P
E2CHK-d9f61da52aae4de1,G-A
E2CHK-3740473cb4963ab2,P
E2CHK-2a22fec2e02a07c5,P
E2CHK-3d8d81d5cbe61eea,G-N
E2CHK-7135ee2f5472798a,P
E2CHK-f03ac52ac0c52612,G-A
E2CHK-da79ee3a68b6f33b,P
E2CHK-5a146f06e6a88b39,P
E2CHK-abb5c701902a9312,G-N
E2CHK-3d88cb8be0efa81b,G-N
E2CHK-edf87b2927bbfe56,P
E2CHK-afff31715a26e99a,P
E2CHK-77c46216c8b8d81c,P
E2CHK-14fd6824e0d8dca2,P
E2CHK-f9432f5f81cbaf38,P
E2CHK-54bfd57dab0bd838,P
E2CHK-1cd95351e98782f0,G-A
E2CHK-9e741f22d43db9dc,P
E2CHK-bca3b03f7b2bff0c,G-N
E2CHK-029cacf977677928,P
E2CHK-179659419a317bb8,G-A
E2CHK-2242ad1a4dcf8dc6,P
E2CHK-e8130f4d89611677,G-A
E2CHK-0ff998b6c50a9346,P
E2CHK-0138602f200d6bcb,G-A
E2CHK-73e3779070c4708b,P
E2CHK-3f14cf282cf504e8,G-A
E2CHK-ede5e91ded28ccec,P
E2CHK-2c560e160d8cc5fa,G-A
E2CHK-ce81df3c1d189fa0,P
E2CHK-550b26b892978c38,G-A
E2CHK-b5938d5890004829,P
E2CHK-455a18a01debc20e,P
E2CHK-981150c4aaf1bb55,G-N
E2CHK-0a490c61fd366acd,P
E2CHK-7c64c6fdd613a5c7,P
E2CHK-4028f289789d161f,P
E2CHK-5dd027bd6846ceea,P
E2CHK-49aba42cc836f768,G-A
E2CHK-06c24ba30f05e054,P
E2CHK-7cec415877164dcc,P
E2CHK-48d213746b0714d9,G-N
E2CHK-6696be4c00546807,G-A
E2CHK-ebf630ae3d0d7af0,P
E2CHK-2d7441c53c60f4c0,P
E2CHK-c977a4bb6d59c876,P
E2CHK-f6a23b28398da366,P
E2CHK-bb7411e77a7defc8,P
E2CHK-fe194dd32c53c66e,G-A
E2CHK-d04e735f336c15ab,G-A
E2CHK-b40217ffa63a7cc5,G-N
E2CHK-dda4c12bfebdaf25,P
E2CHK-bc8f68735967cd5a,P
E2CHK-9d439514c919670f,P
E2CHK-0d980c1e7832cb26,G-A
E2CHK-040942506845bb80,P
E2CHK-3908a11bb590546a,P
E2CHK-1cf736b21f979401,P
E2CHK-19cbfdfda539b797,G-N
E2CHK-19ad521422007e91,P
E2CHK-a225b4072d490e6c,P
E2CHK-1b61fb852a9073cf,P
E2CHK-bc038b02a2c83033,P
E2CHK-5d8161de3b3f9c3b,P
E2CHK-a9f86731756ad5f6,G-N
E2CHK-0e5a3607c3c9800c,P
E2CHK-53e99d12cc4a1b19,G-A
E2CHK-31b8211bed9cfbbd,P
E2CHK-4cdb7b3bd5bdbf68,G-N
E2CHK-af6972d4c50c8ae4,P
E2CHK-dd331ef2080052ca,P
E2CHK-ecd2ca41b77ee42f,P
E2CHK-a57195ed78f3ce4a,G-N
E2CHK-6f6b16b9fef5ebe1,P
E2CHK-612ed6e9da9b6228,P
E2CHK-590c3420f7ec83ae,G-A
E2CHK-2dcd9a2066668174,G-A
E2CHK-6d6cbe1c97c42ece,P
E2CHK-c089f2181e437662,P
E2CHK-77f9908e5dafd434,G-A
E2CHK-449e8722b0f09e0f,P
E2CHK-c27d0b89e44af924,P
E2CHK-6dff99229d098d2a,G-A
E2CHK-dd50b2c4f9f94871,P
E2CHK-d97abfc5a21f6bad,P
E2CHK-4b9157b50c939a1c,G-A
E2CHK-4fba9689f1451f83,P
E2CHK-35b96df4fe0b07b7,G-A
E2CHK-f307072f2f01f95c,G-N
E2CHK-7cb0f09c65a20a4d,P
E2CHK-5349d923bae4dbc4,P
E2CHK-764c32ef6b23e214,P
E2CHK-75e59541bf13eef1,P
E2CHK-2683c59700eec6d3,G-N
E2CHK-9ad4bde75766e863,G-A
E2CHK-edde638aa45bde93,P
E2CHK-f543a4e7fa46e6a9,P
E2CHK-e43b2a29330089de,P
E2CHK-a88fc19db7efd8fd,P
E2CHK-c05ee28d8225d0e1,P
E2CHK-13ebd9ae899dd431,P
E2CHK-3274b39619182ca1,G-N
E2CHK-13118269fc011a43,P
E2CHK-8c2d90c779858e69,P
E2CHK-92b5ae844ca9544a,P
E2CHK-81ff37be2806b9f7,G-N
E2CHK-8b4adcb77ee14fc7,P
E2CHK-dba86b67aed203e7,P
E2CHK-f5aead7b295a4214,P
E2CHK-acddff2c116c5a83,P
E2CHK-ce05ab29a032e87c,P
E2CHK-ceb9863fd10544fc,P
E2CHK-6adeacfab14b3a04,P
E2CHK-2f6acdcaa4a8e138,G-A
E2CHK-af98d865cf1fcf87,P
E2CHK-ffa7fb0f06f1083a,P
E2CHK-5e3b77980f37a428,P
E2CHK-5f1d29616874765b,P
E2CHK-0e6ec714c7d46167,P
E2CHK-a8a44197eba3d453,G-N
E2CHK-0a2e1bb1a048802c,P
E2CHK-948020f4453dd89b,P
E2CHK-7afaf199e0e3971d,P
E2CHK-d86d1e815ab6bd10,P
E2CHK-9342fa8457cfb895,P
E2CHK-93b76cc89e748627,P
E2CHK-cf5aa0cd9c95e4ee,G-A
E2CHK-36601e12c6b3177a,G-N
E2CHK-98514b8d6cf9814e,P
E2CHK-775fa52ea1fa1820,G-N
E2CHK-cc4180ed654b42de,P
E2CHK-69e7f9286d88e13e,P
E2CHK-62b7f78ac141c48d,G-A
E2CHK-eb7faaec93ffd0cd,P
E2CHK-a83e92e090af3dc2,G-N
E2CHK-763089c60ee1cbfd,G-N
E2CHK-a888d45cb28cf251,P
E2CHK-bbf21eef4bdca577,G-A
E2CHK-9cbbbb12bdc63272,P
E2CHK-2330859487453986,G-A
E2CHK-d2925dad3092fd9d,P
E2CHK-9b0e481826b4b02a,P
E2CHK-9c96d5f4645c6f17,G-N
E2CHK-5ae45af46e4a0558,P
E2CHK-a45c7eb727c18fd4,P
E2CHK-f8154d76409080a3,G-A
E2CHK-375cc9f65b5f4ca2,P
E2CHK-34ae3ecc75458c4c,G-A
E2CHK-b9cbe918d3cead0a,G-A
E2CHK-df17fa866f5ea2bc,P
E2CHK-48a62fd38118e54c,P
E2CHK-42398c6fe1c40f77,G-A
E2CHK-de44426d67da502b,P
E2CHK-397f693db996a0a5,P
E2CHK-e7fae80d08d9ad65,P
E2CHK-f1710be27660c442,P
E2CHK-82b2492a67f3a838,P
E2CHK-424ab90579241b5c,G-N
E2CHK-5ce0422c899cd47f,P
E2CHK-afda557ca8fa0a00,P
E2CHK-07343153f4da0cd4,P
E2CHK-9992a913245c70dc,G-A
E2CHK-bd6d40bfa743d7e9,G-N
E2CHK-b1dcfad4cf301fae,P
E2CHK-cf40c42e13ffd313,G-N
E2CHK-24ffe2cf322f5174,P
E2CHK-072cdc9ef91088cf,P
E2CHK-356ea310dacb3870,P
E2CHK-5498fdccc84f4d31,G-N
E2CHK-92bc555031d929d0,P
E2CHK-bab88b607789ab2e,G-N
E2CHK-43c99ed059e45bf9,G-A
E2CHK-46e76944be24ceac,P
E2CHK-3065eb4a544bc898,P
E2CHK-aa6791cdc8cd9d42,P
E2CHK-cac60fcf29f3459e,P
E2CHK-09366f1650ed94d3,P
E2CHK-501409621e5ca4b5,P
E2CHK-7995f75857a3c8b9,G-A
E2CHK-e9012e252ae60012,P
E2CHK-b01df19d7e3fd960,G-N
E2CHK-a6bddc058587bc6f,P
E2CHK-e6c82266dc0dba90,G-N
E2CHK-1fedbf9e1fa8c941,P
E2CHK-e0bff5c28b3b4893,G-A
E2CHK-371eab4898627682,P
E2CHK-bbe514f22fde6389,G-A
E2CHK-d747af0ef8e212a3,P
E2CHK-ce92535a1177db1e,P
E2CHK-57fd1acfe806ac73,P
E2CHK-778fbd4e20e7cb7d,P
E2CHK-bed403feac3278ef,G-A
E2CHK-b802582aba1fb9f9,G-N
E2CHK-b5151529936a822a,P
E2CHK-a55a42eef205eb7f,P
E2CHK-c01cab2aeaa56f31,G-A
E2CHK-4679986c2d35061f,P
E2CHK-0ab193960ac1b16e,P
E2CHK-3281c060608b17e3,P
E2CHK-d13cfe9ca5271caf,G-N
E2CHK-c365ce339b2d0636,G-A
E2CHK-41ec729cfa18210a,P
E2CHK-b69e1ac3d92b9287,P
E2CHK-7ff32fcd26f78e7c,P
E2CHK-6d3a45b809b2c15c,P
E2CHK-c96a9eb9f18a5219,G-N
E2CHK-5e24420cdc959210,P
E2CHK-31a4acb370e5d5fa,P
E2CHK-668c51a0258a96ac,P
E2CHK-64964ba526f30c04,P
E2CHK-1520659824342413,P
E2CHK-40a075138596207f,P
E2CHK-57a2c3f396b8daae,G-N
E2CHK-5f48f7b3a4ae87d4,P
E2CHK-28641af1dd53a56c,G-A
E2CHK-33fccbc999d29c39,G-N
E2CHK-3b2368436e1dabeb,P
E2CHK-449be2e96b98210f,P
E2CHK-9e41e323b3bd3d74,P
E2CHK-69be94c889ddae8f,P
E2CHK-ef08533dd2d53c08,G-N
E2CHK-77c41b5b86df350f,P
E2CHK-f2a795fe479809c0,P
E2CHK-6cd135825997ae1f,P
E2CHK-85ceccd2f54e7cb5,G-N
E2CHK-4225b0ead4a72be3,P
E2CHK-639095b4598bbd6c,P
E2CHK-254e479a0e14017c,G-A
E2CHK-220362b8a5402f45,P
E2CHK-7cbffd8ee5da4661,G-N
E2CHK-fd078bde440967d5,P
E2CHK-de8e4ed70e020195,P
E2CHK-11a58e2f495bf74a,P
E2CHK-00c161b034295d61,P
E2CHK-ccefc92c68b96565,P
E2CHK-4b6e4a6d39799bd6,G-N
E2CHK-9515ef3c52d0810c,G-N
E2CHK-d31e86fcdacacb90,G-A
E2CHK-2ce9f3faf7cb5f52,P
E2CHK-da9c2b450fde9ce1,P
E2CHK-f27bf6c2b45ee4b6,P
E2CHK-6ff03466617699bd,P
E2CHK-69f2e3228c36c9e3,G-N
E2CHK-f95062fdb4491102,P
E2CHK-0cac4c283c6b0349,P
E2CHK-9e6ceeacf4043d91,P
E2CHK-c43eb3c0270ed234,G-A
E2CHK-2b92694d27f44f44,P
E2CHK-a3fa1fce9944732c,P
E2CHK-72b036a1e637890c,G-N
E2CHK-27e176de32394955,P
E2CHK-52cc2d0dab5c20e7,G-N
E2CHK-d9d934eeee7bc2ff,G-A
E2CHK-6b3e31d591c4831a,P
E2CHK-fb8de7ad4aede6ec,P
E2CHK-a1d346c0cdecfb7b,P
E2CHK-8ef2e0a0b47ecef2,P
E2CHK-e7397d78fc42fd23,P
E2CHK-2fa30845f07220da,P
E2CHK-83bab413ca96db72,G-N
E2CHK-be1cd6a6a48a21ca,P
E2CHK-ee12a785445c615d,P
E2CHK-085bd17662548c01,G-N
E2CHK-6447928264fe436e,P
E2CHK-3e3e8f98e3c78238,G-N
E2CHK-c2dd3adcde295e94,G-A
E2CHK-fa086d09dbde01b0,P
E2CHK-28ebcd44d8b059be,G-N
E2CHK-51046704d4d63683,P
E2CHK-1e6540576b9b5608,P
E2CHK-0456083c97ac08ee,P
E2CHK-6c5a45cabe9acb51,G-A
E2CHK-ddd4bfdea170c6e6,P
E2CHK-f6a580a23f5c73c2,G-A
E2CHK-ffe43fc41893b067,G-A
E2CHK-27545805b9fd3ad2,P
E2CHK-33d1c06d9617d8b5,P
E2CHK-bc398911aebf0e58,G-A
E2CHK-580b26993a6e7c27,P
E2CHK-4ea264c16206c2ee,P
E2CHK-77a86170e1ee1f63,G-A
E2CHK-0841a5956f833f39,G-N
E2CHK-0cc5e131fed8252b,P
E2CHK-3a78c49f50c4a56c,P
E2CHK-4aeadb05b8e30c1b,P
E2CHK-e00bc8f76896345b,P
E2CHK-e635c152d1658cb5,P
E2CHK-fd489c7f49f99f08,G-A
E2CHK-67e6cecd5b1abba2,G-A
E2CHK-54fa185abdd953d8,P
E2CHK-d089b676ee3165e6,P
E2CHK-c5c863aade689171,P
E2CHK-22c39cf287cfaa74,P
E2CHK-8b7238499caecfe1,P
E2CHK-ccc5704ba2f35ea4,P
E2CHK-fbb19f8563ddc928,P
E2CHK-a2fa6335f209b802,G-A
E2CHK-af2ed9345811d30c,P
E2CHK-2c0ad23fc92dee4e,P
E2CHK-3ee0bbef93ae4dcb,P
E2CHK-c930635e1e19d252,G-A
E2CHK-0a42120714b1207d,P
E2CHK-ed298eb2315250f3,P
E2CHK-df0f98a67031f9fb,G-A
E2CHK-66f7347c3bf8bd02,P
E2CHK-1bbcab2078925a26,P
E2CHK-231e11ce2174bd10,G-A
E2CHK-174467ecd1d78cba,P
E2CHK-c98142910010a2cd,P
E2CHK-01c92684480b5513,P
E2CHK-a731d11ca2a8e719,G-N
E2CHK-1ab6da7f9ff3ff0e,G-A
E2CHK-eaafdb3612d9cb6f,P
E2CHK-abebf082e8e3654c,P
E2CHK-fcf19eb28f8f76b5,G-A
E2CHK-a758cd53755b26ef,P
E2CHK-cffe17671c703cd6,P
E2CHK-3f4eec59d8b29abc,P
E2CHK-3e4b1e775f6dfa7c,P
E2CHK-bfc8d598b0f65dcf,P
E2CHK-3148c5ccd6f61f0c,P
E2CHK-5f2b734c483093f8,G-N
E2CHK-dcd193aceddd69bd,P
E2CHK-eb22b11c66fc5e22,P
E2CHK-994a0a58a10f6601,P
E2CHK-c1af67064fd14a76,G-N
E2CHK-24b6855a3e22af3c,P
E2CHK-fccdba6e4a09e1b0,P
E2CHK-3ba2e0555aa64516,P
E2CHK-f600161c99dac606,G-A
E2CHK-7990de57e2f57c69,P
E2CHK-0ddee806369bb5ea,G-A
E2CHK-0cfaf880f0c45565,P
E2CHK-2e00f9f208eb07d1,P
E2CHK-b35504e20027252b,P
E2CHK-222e63615cde8b9e,P
E2CHK-b28810fa52b98867,P
E2CHK-3536f1859d0b9ace,G-A
E2CHK-96587e26aae50670,P
E2CHK-7d248b7a0ff69243,P
E2CHK-054997137de82f7b,P
E2CHK-f250711cbe52f65d,G-N
E2CHK-eb0ee62af8e53b67,P
E2CHK-3d5311484beff83b,G-A
E2CHK-b6465997d25b9ad1,P
E2CHK-b95d1a1455ae1d9c,P
E2CHK-8a0a66af1210f721,G-A
E2CHK-abd2f287f4fb05a2,P
E2CHK-513c52760f4b57ab,P
E2CHK-91128403425f3226,G-N
E2CHK-47cc76dfb9a3c32a,P
E2CHK-467320dd59f87847,G-A
E2CHK-c7d6eab1006311ed,P
E2CHK-ec221a30668ec7eb,P
E2CHK-7e99ae13aba40039,P
E2CHK-8b3bac8422ef1b11,P
E2CHK-8a96bf6a3dd6c8af,P
E2CHK-f473fa26a849163c,P
E2CHK-8e725fe3f8f457ac,P
E2CHK-572b9bcdc6974b67,G-A
E2CHK-6e273e7fca87de2c,P
E2CHK-9df306a8ee4ef6a4,P
E2CHK-77ae5a3574840b81,G-N
E2CHK-15db6e305205f638,P
E2CHK-089c290420f4276a,P
E2CHK-06aa17d41bd8951e,P
E2CHK-76020604051d6b67,P
E2CHK-01a091dac41c8ca4,P
E2CHK-453d033a0c30650c,P
E2CHK-c463b8e0e81caed9,G-A
E2CHK-26745b5e49168f8f,P
E2CHK-22ecc8db74085e3c,P
E2CHK-d50bea6ae29510b8,G-N
E2CHK-35cde1d3b4a84a48,P
E2CHK-904fd36b7c6cda4a,P
E2CHK-fdb7717f3a7c4df3,P
E2CHK-2e0ce7c958667fd1,P
E2CHK-3bbad561a9feafeb,P
E2CHK-836ba628a6896314,G-A
E2CHK-c6893f9e957dd08d,G-N
E2CHK-3b55035eed37c009,P
E2CHK-cecfe507af285466,P
E2CHK-5ac9a7d1fa6700ad,P
E2CHK-e8aae4c51cc7fb94,P
E2CHK-a161581d1b1b04b2,P
E2CHK-ed2706dfa61b52d9,P
E2CHK-5aa7b1784a23960d,P
E2CHK-153830b1cef2ff55,G-A
E2CHK-2d90e2ccfe435d5c,G-N
E2CHK-5dd07d9442b36942,P
E2CHK-3c7fd18aaab7c7df,G-N
E2CHK-b577f0e5e2ba7e9b,P
E2CHK-fbfd259e6cd4a189,P
E2CHK-9347d369054a29cc,P
E2CHK-aededc1f02afd26d,P
E2CHK-dc843d3a2623c573,G-A
E2CHK-7b8487a0ae0f267d,P
E2CHK-e554766755f75667,P
E2CHK-8cd03e16acd39846,G-A
E2CHK-f99b9542b58ebf7a,G-N
E2CHK-c2811f3c825e7eb2,G-N
E2CHK-2c90cf4ecfc18a2c,P
E2CHK-b2e00fa4731541aa,P
E2CHK-c6c7fad5d331f8a0,P
E2CHK-cb2a41379789f3af,P
E2CHK-abd698aac02b2ae8,P
E2CHK-9eb79b6b9ed12833,P
E2CHK-c4264ab9f3cf8e59,G-N
E2CHK-3eb3f6cfec783dba,P
E2CHK-57aced8928bd9a1d,P
E2CHK-e1d332ecd68c19f5,P
E2CHK-22f9206e6562326a,P
E2CHK-682e7a65b1a2464d,G-N
E2CHK-15bf587b7cca72e6,G-A
E2CHK-9cf41ac3a9678062,P
E2CHK-51bef9dd170a47a7,P
E2CHK-74ce7b78ae9042b5,G-N
E2CHK-d76995aaf3db0c47,P
E2CHK-1e67c55d53778851,G-A
E2CHK-d829f55ca8f37d7b,G-A
E2CHK-80517001894518ed,P
E2CHK-77d05055cdf09936,G-A
E2CHK-cc5d2223bb5c7434,P
E2CHK-13ac74e3f24918cf,P
E2CHK-051f807ab7340029,P
E2CHK-2b7216aa44bdef4a,P
E2CHK-ce249c623371ab45,P
E2CHK-5d92515d9b56cd6f,P
E2CHK-f8c72ef20e9f47e5,G-A
E2CHK-3a5f0a4b59768397,G-N
E2CHK-d36b7ebe315b5249,G-A
E2CHK-62aed2d9df1dab81,G-N
E2CHK-ce124a805a8a90ac,P
E2CHK-0e3ff17a9876d1b2,P
E2CHK-ca351fee70f42ff4,P
E2CHK-fdc144152bb9692f,G-N
E2CHK-1f23ec86898ef77d,P
E2CHK-d3ed4b842ec0082c,P
E2CHK-2436649c4242e5a7,P
E2CHK-b7915473737b6825,P
E2CHK-30362d4945bdde07,P
E2CHK-0bd15809fde55c9f,P
E2CHK-0b4cbf6fefa46b1e,P
E2CHK-55f3c41cbc0c40c4,P
E2CHK-e6e052bda541c8cd,P
E2CHK-4f560e57c0051a11,G-A
E2CHK-658a9ac193f51aec,G-N
E2CHK-52fa7e87bf812c16,P
E2CHK-2d6fc9a160857d12,P
E2CHK-ce72bb5abc821df6,G-A
E2CHK-4fa532d3a2d17f1e,P
E2CHK-cd70cef40486e00d,P
E2CHK-0d2fcecfba4443e1,P
E2CHK-e2b50bc7b83e55e1,P
E2CHK-f7fab9fd23872ef2,P
E2CHK-993aebfd867560b5,G-N
E2CHK-95735ebb8e759307,P
E2CHK-2066076789fd74d5,P
E2CHK-3f35dadfb12041e2,P
E2CHK-4f5e27f7fdc80654,G-N
E2CHK-373ad9d2105f676c,G-A
E2CHK-1dc28f80d6be3058,P
E2CHK-e9eb3b68f3b42be6,P
E2CHK-1e2619c28f2f551f,G-A
E2CHK-b9201930e2c6eb33,G-A
E2CHK-0151324a9c0e2bba,G-A
E2CHK-67a82ff15c983117,G-N
E2CHK-3bfb0ec599a78a4a,P
E2CHK-1e231bbaae6e73fa,P
E2CHK-576b4d2140d86cd6,P
E2CHK-4706064f85923070,P
E2CHK-04cc445a0f58ac07,P
E2CHK-ce6eac4707573983,G-N
E2CHK-cd7baf5cae71f612,G-A
E2CHK-0511b5cde4fac95e,P
E2CHK-3ea345cfc589396c,G-A
E2CHK-dd92779b64084e68,P
E2CHK-499418da7a0cc909,P
E2CHK-2c02dec5b1bb6696,P
E2CHK-8450fe31f7053112,P
E2CHK-b456c292a28d4fb8,G-N
E2CHK-2c5ff50972df0440,P
E2CHK-e19a32a3cb00e8f9,P
E2CHK-f06ad5ad94e40c95,P
E2CHK-881ca5c9182d3a82,G-A
E2CHK-2b605524d2f16bea,P
E2CHK-4ff73ff61f02a105,P
E2CHK-7f49f7c526083241,P
E2CHK-325c3faffcdd9a7f,G-N
E2CHK-60a9d30eda3fba96,P
E2CHK-18c02bafee64fdfe,P
E2CHK-be9cc9732d981b4e,P
E2CHK-217a3455ffbbeb82,P
E2CHK-5d00bc88cd98b761,P
E2CHK-d547ce5ba2d65450,G-A
E2CHK-4f12651a09de0b85,G-A
E2CHK-6e9fffee086307d1,P
E2CHK-2e806ececa6a76a3,P
E2CHK-881ec176e727b919,G-A
E2CHK-7ae98f76f805239a,P
E2CHK-d5ccec4276df1c4e,P
E2CHK-200ad84cdaebbf04,P
E2CHK-4f259a30da9e1084,P
E2CHK-945c77855269495a,G-A
E2CHK-cbb9da8be4757a0c,G-N
E2CHK-01f938193ec0c29a,P
E2CHK-6a7987db7eb55fac,G-N
E2CHK-6b132b3219f72f17,P
E2CHK-d2383b7fdaba3894,P
E2CHK-5444ca8574726e44,G-N
E2CHK-16945c1850fb826e,P
E2CHK-e0da585f7f4710f9,G-A
E2CHK-e230c4d51fc42ccd,P
E2CHK-f1b85b95d5d61041,P
E2CHK-e45e9cdca77850ee,P
E2CHK-e83deb713d8c9f5b,P
E2CHK-d4da76e5274c7ff2,P
E2CHK-57fcec50ebcdeb2d,P
E2CHK-5712e6777412f816,P
