chunk_id,section_type,primary_tier,field,judgment,field_note,example_note
CHK-0155a36a6f8dca5a,EX99_PRESS_RELEASE,A,sentiment,,,
CHK-0155a36a6f8dca5a,EX99_PRESS_RELEASE,A,guidance_direction,,,
CHK-0155a36a6f8dca5a,EX99_PRESS_RELEASE,A,red_flags,,,
CHK-0155a36a6f8dca5a,EX99_PRESS_RELEASE,A,distress_tier,,,
CHK-017223298cafcba7,RISK_FACTORS,A,red_flags,,,
CHK-017223298cafcba7,RISK_FACTORS,A,distress_tier,,,
CHK-020134297b2edd4b,RISK_FACTORS,A,red_flags,,,
CHK-020134297b2edd4b,RISK_FACTORS,A,distress_tier,,,
CHK-02c976cdaea2cca2,EX99_PRESS_RELEASE,A,sentiment,,,
CHK-02c976cdaea2cca2,EX99_PRESS_RELEASE,A,guidance_direction,,,
CHK-02c976cdaea2cca2,EX99_PRESS_RELEASE,A,red_flags,,,
CHK-02c976cdaea2cca2,EX99_PRESS_RELEASE,A,distress_tier,,,
CHK-060bb35a20101e04,RISK_FACTORS,A,red_flags,,,
CHK-060bb35a20101e04,RISK_FACTORS,A,distress_tier,,,
CHK-081921fe16eebd72,EX99_PRESS_RELEASE,A,sentiment,,,
CHK-081921fe16eebd72,EX99_PRESS_RELEASE,A,guidance_direction,,,
CHK-081921fe16eebd72,EX99_PRESS_RELEASE,A,red_flags,,,
CHK-081921fe16eebd72,EX99_PRESS_RELEASE,A,distress_tier,,,
CHK-08799bc7a67be233,RISK_FACTORS,A,red_flags,,,
CHK-08799bc7a67be233,RISK_FACTORS,A,distress_tier,,,
CHK-0c19b4e109fcc96c,MDA,A,sentiment,,,
CHK-0c19b4e109fcc96c,MDA,A,red_flags,,,
CHK-0c19b4e109fcc96c,MDA,A,distress_tier,,,
CHK-0cd21022266b6704,EX99_PRESS_RELEASE,A,sentiment,,,
CHK-0cd21022266b6704,EX99_PRESS_RELEASE,A,guidance_direction,,,
CHK-0cd21022266b6704,EX99_PRESS_RELEASE,A,red_flags,,,
CHK-0cd21022266b6704,EX99_PRESS_RELEASE,A,distress_tier,,,
CHK-14bf9bd81213f972,RISK_FACTORS,A,red_flags,,,
CHK-14bf9bd81213f972,RISK_FACTORS,A,distress_tier,,,
CHK-14cd2d5c71dd774f,RISK_FACTORS,A,red_flags,,,
CHK-14cd2d5c71dd774f,RISK_FACTORS,A,distress_tier,,,
CHK-1595d4aad51bb169,RISK_FACTORS,A,red_flags,,,
CHK-1595d4aad51bb169,RISK_FACTORS,A,distress_tier,,,
CHK-16d66f458883db87,MDA,A,sentiment,,,
CHK-16d66f458883db87,MDA,A,red_flags,,,
CHK-16d66f458883db87,MDA,A,distress_tier,,,
CHK-1810787882124c01,EX99_PRESS_RELEASE,A,sentiment,,,
CHK-1810787882124c01,EX99_PRESS_RELEASE,A,guidance_direction,,,
CHK-1810787882124c01,EX99_PRESS_RELEASE,A,red_flags,,,
CHK-1810787882124c01,EX99_PRESS_RELEASE,A,distress_tier,,,
CHK-1b3bd0967f01aef3,EX99_PRESS_RELEASE,A,sentiment,,,
CHK-1b3bd0967f01aef3,EX99_PRESS_RELEASE,A,guidance_direction,,,
CHK-1b3bd0967f01aef3,EX99_PRESS_RELEASE,A,red_flags,,,
CHK-1b3bd0967f01aef3,EX99_PRESS_RELEASE,A,distress_tier,,,
CHK-1c247a14bc2efbd7,RISK_FACTORS,A,red_flags,,,
CHK-1c247a14bc2efbd7,RISK_FACTORS,A,distress_tier,,,
CHK-1cd9f671d9b9a996,8K_BODY,A,sentiment,,,
CHK-1cd9f671d9b9a996,8K_BODY,A,guidance_direction,,,
CHK-1cd9f671d9b9a996,8K_BODY,A,red_flags,,,
CHK-1cd9f671d9b9a996,8K_BODY,A,distress_tier,,,
CHK-1ef2d821873ab79c,EX99_PRESS_RELEASE,A,sentiment,,,
CHK-1ef2d821873ab79c,EX99_PRESS_RELEASE,A,guidance_direction,,,
CHK-1ef2d821873ab79c,EX99_PRESS_RELEASE,A,red_flags,,,
CHK-1ef2d821873ab79c,EX99_PRESS_RELEASE,A,distress_tier,,,
CHK-20d940b1855c8068,MDA,A,sentiment,,,
CHK-20d940b1855c8068,MDA,A,red_flags,,,
CHK-20d940b1855c8068,MDA,A,distress_tier,,,
CHK-20ff4cbbb46bfdef,RISK_FACTORS,A,red_flags,,,
CHK-20ff4cbbb46bfdef,RISK_FACTORS,A,distress_tier,,,
CHK-2466959db0727c06,RISK_FACTORS,A,red_flags,,,
CHK-2466959db0727c06,RISK_FACTORS,A,distress_tier,,,
CHK-25405f4c6adb83fc,RISK_FACTORS,A,red_flags,,,
CHK-25405f4c6adb83fc,RISK_FACTORS,A,distress_tier,,,
CHK-260ff9f71cde6085,EX99_PRESS_RELEASE,A,sentiment,,,
CHK-260ff9f71cde6085,EX99_PRESS_RELEASE,A,guidance_direction,,,
CHK-260ff9f71cde6085,EX99_PRESS_RELEASE,A,red_flags,,,
CHK-260ff9f71cde6085,EX99_PRESS_RELEASE,A,distress_tier,,,
CHK-26a8b292ada5a7cb,MDA,A,sentiment,,,
CHK-26a8b292ada5a7cb,MDA,A,red_flags,,,
CHK-26a8b292ada5a7cb,MDA,A,distress_tier,,,
CHK-277d13a1a638dd8e,RISK_FACTORS,A,red_flags,,,
CHK-277d13a1a638dd8e,RISK_FACTORS,A,distress_tier,,,
CHK-2a15272aa49b660f,RISK_FACTORS,A,red_flags,,,
CHK-2a15272aa49b660f,RISK_FACTORS,A,distress_tier,,,
CHK-2a4e45fa084522cc,RISK_FACTORS,A,red_flags,,,
CHK-2a4e45fa084522cc,RISK_FACTORS,A,distress_tier,,,
CHK-2c1f39167b159575,MDA,A,sentiment,,,
CHK-2c1f39167b159575,MDA,A,red_flags,,,
CHK-2c1f39167b159575,MDA,A,distress_tier,,,
CHK-2f6149132ba17914,EX99_PRESS_RELEASE,A,sentiment,,,
CHK-2f6149132ba17914,EX99_PRESS_RELEASE,A,guidance_direction,,,
CHK-2f6149132ba17914,EX99_PRESS_RELEASE,A,red_flags,,,
CHK-2f6149132ba17914,EX99_PRESS_RELEASE,A,distress_tier,,,
CHK-34cc4c61353afc2e,RISK_FACTORS,A,red_flags,,,
CHK-34cc4c61353afc2e,RISK_FACTORS,A,distress_tier,,,
CHK-35e65d1df1712d8c,RISK_FACTORS,A,red_flags,,,
CHK-35e65d1df1712d8c,RISK_FACTORS,A,distress_tier,,,
CHK-369139100c47ab26,EX99_PRESS_RELEASE,A,sentiment,,,
CHK-369139100c47ab26,EX99_PRESS_RELEASE,A,guidance_direction,,,
CHK-369139100c47ab26,EX99_PRESS_RELEASE,A,red_flags,,,
CHK-369139100c47ab26,EX99_PRESS_RELEASE,A,distress_tier,,,
CHK-36fd4c50691dae2c,RISK_FACTORS,A,red_flags,,,
CHK-36fd4c50691dae2c,RISK_FACTORS,A,distress_tier,,,
CHK-37071b0d23fc00d8,EX99_PRESS_RELEASE,A,sentiment,,,
CHK-37071b0d23fc00d8,EX99_PRESS_RELEASE,A,guidance_direction,,,
CHK-37071b0d23fc00d8,EX99_PRESS_RELEASE,A,red_flags,,,
CHK-37071b0d23fc00d8,EX99_PRESS_RELEASE,A,distress_tier,,,
CHK-3a402e3474536825,RISK_FACTORS,A,red_flags,,,
CHK-3a402e3474536825,RISK_FACTORS,A,distress_tier,,,
CHK-3a80c5cce8740b57,EX99_PRESS_RELEASE,A,sentiment,,,
CHK-3a80c5cce8740b57,EX99_PRESS_RELEASE,A,guidance_direction,,,
CHK-3a80c5cce8740b57,EX99_PRESS_RELEASE,A,red_flags,,,
CHK-3a80c5cce8740b57,EX99_PRESS_RELEASE,A,distress_tier,,,
CHK-3cceda41247c7e73,RISK_FACTORS,A,red_flags,,,
CHK-3cceda41247c7e73,RISK_FACTORS,A,distress_tier,,,
CHK-3e2616c8ebae2bb3,MDA,A,sentiment,,,
CHK-3e2616c8ebae2bb3,MDA,A,red_flags,,,
CHK-3e2616c8ebae2bb3,MDA,A,distress_tier,,,
CHK-3ff379d9e2a7a646,RISK_FACTORS,A,red_flags,,,
CHK-3ff379d9e2a7a646,RISK_FACTORS,A,distress_tier,,,
CHK-4071496a1e144dd2,EX99_PRESS_RELEASE,A,sentiment,,,
CHK-4071496a1e144dd2,EX99_PRESS_RELEASE,A,guidance_direction,,,
CHK-4071496a1e144dd2,EX99_PRESS_RELEASE,A,red_flags,,,
CHK-4071496a1e144dd2,EX99_PRESS_RELEASE,A,distress_tier,,,
CHK-43c89a19acfb050e,RISK_FACTORS,A,red_flags,,,
CHK-43c89a19acfb050e,RISK_FACTORS,A,distress_tier,,,
CHK-45ffba5774812498,RISK_FACTORS,A,red_flags,,,
CHK-45ffba5774812498,RISK_FACTORS,A,distress_tier,,,
CHK-47796e21159f9b39,MDA,A,sentiment,,,
CHK-47796e21159f9b39,MDA,A,red_flags,,,
CHK-47796e21159f9b39,MDA,A,distress_tier,,,
CHK-48ec091598b2925f,EX99_PRESS_RELEASE,A,sentiment,,,
CHK-48ec091598b2925f,EX99_PRESS_RELEASE,A,guidance_direction,,,
CHK-48ec091598b2925f,EX99_PRESS_RELEASE,A,red_flags,,,
CHK-48ec091598b2925f,EX99_PRESS_RELEASE,A,distress_tier,,,
CHK-4c3bc718fcfa6db8,MDA,A,sentiment,,,
CHK-4c3bc718fcfa6db8,MDA,A,red_flags,,,
CHK-4c3bc718fcfa6db8,MDA,A,distress_tier,,,
CHK-4c89133feeb64a8d,MDA,A,sentiment,,,
CHK-4c89133feeb64a8d,MDA,A,red_flags,,,
CHK-4c89133feeb64a8d,MDA,A,distress_tier,,,
CHK-4d803d67a1a92945,RISK_FACTORS,A,red_flags,,,
CHK-4d803d67a1a92945,RISK_FACTORS,A,distress_tier,,,
CHK-4dad5afec57f4603,RISK_FACTORS,A,red_flags,,,
CHK-4dad5afec57f4603,RISK_FACTORS,A,distress_tier,,,
CHK-4e7221d2ac62dce4,MDA,A,sentiment,,,
CHK-4e7221d2ac62dce4,MDA,A,red_flags,,,
CHK-4e7221d2ac62dce4,MDA,A,distress_tier,,,
CHK-4f661965fb1e06c9,MDA,A,sentiment,,,
CHK-4f661965fb1e06c9,MDA,A,red_flags,,,
CHK-4f661965fb1e06c9,MDA,A,distress_tier,,,
CHK-508cf9c48703c70b,EX99_PRESS_RELEASE,A,sentiment,,,
CHK-508cf9c48703c70b,EX99_PRESS_RELEASE,A,guidance_direction,,,
CHK-508cf9c48703c70b,EX99_PRESS_RELEASE,A,red_flags,,,
CHK-508cf9c48703c70b,EX99_PRESS_RELEASE,A,distress_tier,,,
CHK-56d4c158b30b00f2,RISK_FACTORS,A,red_flags,,,
CHK-56d4c158b30b00f2,RISK_FACTORS,A,distress_tier,,,
CHK-57dfdb966a01e9db,MDA,A,sentiment,,,
CHK-57dfdb966a01e9db,MDA,A,red_flags,,,
CHK-57dfdb966a01e9db,MDA,A,distress_tier,,,
CHK-588b3890c88371a5,RISK_FACTORS,A,red_flags,,,
CHK-588b3890c88371a5,RISK_FACTORS,A,distress_tier,,,
CHK-592a524fbc7249dd,RISK_FACTORS,A,red_flags,,,
CHK-592a524fbc7249dd,RISK_FACTORS,A,distress_tier,,,
CHK-5a303aa31119b72b,MDA,A,sentiment,,,
CHK-5a303aa31119b72b,MDA,A,red_flags,,,
CHK-5a303aa31119b72b,MDA,A,distress_tier,,,
CHK-5d312cc4245254cb,8K_BODY,A,sentiment,,,
CHK-5d312cc4245254cb,8K_BODY,A,guidance_direction,,,
CHK-5d312cc4245254cb,8K_BODY,A,red_flags,,,
CHK-5d312cc4245254cb,8K_BODY,A,distress_tier,,,
CHK-5f365e62c4a7950c,EX99_PRESS_RELEASE,A,sentiment,,,
CHK-5f365e62c4a7950c,EX99_PRESS_RELEASE,A,guidance_direction,,,
CHK-5f365e62c4a7950c,EX99_PRESS_RELEASE,A,red_flags,,,
CHK-5f365e62c4a7950c,EX99_PRESS_RELEASE,A,distress_tier,,,
CHK-5f64ddabd40cf75f,MDA,A,sentiment,,,
CHK-5f64ddabd40cf75f,MDA,A,red_flags,,,
CHK-5f64ddabd40cf75f,MDA,A,distress_tier,,,
CHK-5f7e5bdcee022972,RISK_FACTORS,A,red_flags,,,
CHK-5f7e5bdcee022972,RISK_FACTORS,A,distress_tier,,,
CHK-5fbf95ab7cef5637,RISK_FACTORS,A,red_flags,,,
CHK-5fbf95ab7cef5637,RISK_FACTORS,A,distress_tier,,,
CHK-5ffe78c4df6011a6,RISK_FACTORS,A,red_flags,,,
CHK-5ffe78c4df6011a6,RISK_FACTORS,A,distress_tier,,,
CHK-6063a3925ac456b8,MDA,A,sentiment,,,
CHK-6063a3925ac456b8,MDA,A,red_flags,,,
CHK-6063a3925ac456b8,MDA,A,distress_tier,,,
CHK-614b5db3c8bfdf5c,EX99_PRESS_RELEASE,A,sentiment,,,
CHK-614b5db3c8bfdf5c,EX99_PRESS_RELEASE,A,guidance_direction,,,
CHK-614b5db3c8bfdf5c,EX99_PRESS_RELEASE,A,red_flags,,,
CHK-614b5db3c8bfdf5c,EX99_PRESS_RELEASE,A,distress_tier,,,
CHK-61a3aedc5e017159,RISK_FACTORS,A,red_flags,,,
CHK-61a3aedc5e017159,RISK_FACTORS,A,distress_tier,,,
CHK-6296a8fd3e0d66b0,MDA,A,sentiment,,,
CHK-6296a8fd3e0d66b0,MDA,A,red_flags,,,
CHK-6296a8fd3e0d66b0,MDA,A,distress_tier,,,
CHK-62a07ef9095371ba,RISK_FACTORS,A,red_flags,,,
CHK-62a07ef9095371ba,RISK_FACTORS,A,distress_tier,,,
CHK-633adcb87ea3de35,EX99_PRESS_RELEASE,A,sentiment,,,
CHK-633adcb87ea3de35,EX99_PRESS_RELEASE,A,guidance_direction,,,
CHK-633adcb87ea3de35,EX99_PRESS_RELEASE,A,red_flags,,,
CHK-633adcb87ea3de35,EX99_PRESS_RELEASE,A,distress_tier,,,
CHK-63a7cf3758c4a439,MDA,A,sentiment,,,
CHK-63a7cf3758c4a439,MDA,A,red_flags,,,
CHK-63a7cf3758c4a439,MDA,A,distress_tier,,,
CHK-673bcdde24691f7f,RISK_FACTORS,A,red_flags,,,
CHK-673bcdde24691f7f,RISK_FACTORS,A,distress_tier,,,
CHK-67c694902980a4ad,MDA,A,sentiment,,,
CHK-67c694902980a4ad,MDA,A,red_flags,,,
CHK-67c694902980a4ad,MDA,A,distress_tier,,,
CHK-680ac502fa82dcf7,RISK_FACTORS,A,red_flags,,,
CHK-680ac502fa82dcf7,RISK_FACTORS,A,distress_tier,,,
CHK-6b65cd171cc4e7fb,EX99_PRESS_RELEASE,A,sentiment,,,
CHK-6b65cd171cc4e7fb,EX99_PRESS_RELEASE,A,guidance_direction,,,
CHK-6b65cd171cc4e7fb,EX99_PRESS_RELEASE,A,red_flags,,,
CHK-6b65cd171cc4e7fb,EX99_PRESS_RELEASE,A,distress_tier,,,
CHK-6b834f5689fe50cb,MDA,A,sentiment,,,
CHK-6b834f5689fe50cb,MDA,A,red_flags,,,
CHK-6b834f5689fe50cb,MDA,A,distress_tier,,,
CHK-6fd41b8a9a0a068c,MDA,A,sentiment,,,
CHK-6fd41b8a9a0a068c,MDA,A,red_flags,,,
CHK-6fd41b8a9a0a068c,MDA,A,distress_tier,,,
CHK-70dca87fa269e140,RISK_FACTORS,A,red_flags,,,
CHK-70dca87fa269e140,RISK_FACTORS,A,distress_tier,,,
CHK-712e160926dd0f0f,EX99_PRESS_RELEASE,A,sentiment,,,
CHK-712e160926dd0f0f,EX99_PRESS_RELEASE,A,guidance_direction,,,
CHK-712e160926dd0f0f,EX99_PRESS_RELEASE,A,red_flags,,,
CHK-712e160926dd0f0f,EX99_PRESS_RELEASE,A,distress_tier,,,
CHK-71ae72a62a6050c2,RISK_FACTORS,A,red_flags,,,
CHK-71ae72a62a6050c2,RISK_FACTORS,A,distress_tier,,,
CHK-72b5eb35cf3bc9e9,MDA,A,sentiment,,,
CHK-72b5eb35cf3bc9e9,MDA,A,red_flags,,,
CHK-72b5eb35cf3bc9e9,MDA,A,distress_tier,,,
CHK-7427bd666a2d164d,RISK_FACTORS,A,red_flags,,,
CHK-7427bd666a2d164d,RISK_FACTORS,A,distress_tier,,,
CHK-797963e890d61222,EX99_PRESS_RELEASE,A,sentiment,,,
CHK-797963e890d61222,EX99_PRESS_RELEASE,A,guidance_direction,,,
CHK-797963e890d61222,EX99_PRESS_RELEASE,A,red_flags,,,
CHK-797963e890d61222,EX99_PRESS_RELEASE,A,distress_tier,,,
CHK-79ed6dfdf32fb6a0,EX99_PRESS_RELEASE,A,sentiment,,,
CHK-79ed6dfdf32fb6a0,EX99_PRESS_RELEASE,A,guidance_direction,,,
CHK-79ed6dfdf32fb6a0,EX99_PRESS_RELEASE,A,red_flags,,,
CHK-79ed6dfdf32fb6a0,EX99_PRESS_RELEASE,A,distress_tier,,,
CHK-7e1ec04d5a87c813,RISK_FACTORS,A,red_flags,,,
CHK-7e1ec04d5a87c813,RISK_FACTORS,A,distress_tier,,,
CHK-808a6628c2a2a073,RISK_FACTORS,A,red_flags,,,
CHK-808a6628c2a2a073,RISK_FACTORS,A,distress_tier,,,
CHK-80ca7b8667eae9dc,EX99_PRESS_RELEASE,A,sentiment,,,
CHK-80ca7b8667eae9dc,EX99_PRESS_RELEASE,A,guidance_direction,,,
CHK-80ca7b8667eae9dc,EX99_PRESS_RELEASE,A,red_flags,,,
CHK-80ca7b8667eae9dc,EX99_PRESS_RELEASE,A,distress_tier,,,
CHK-8153748ce0e68c39,MDA,A,sentiment,,,
CHK-8153748ce0e68c39,MDA,A,red_flags,,,
CHK-8153748ce0e68c39,MDA,A,distress_tier,,,
CHK-81a3c6aa50ac835f,MDA,A,sentiment,,,
CHK-81a3c6aa50ac835f,MDA,A,red_flags,,,
CHK-81a3c6aa50ac835f,MDA,A,distress_tier,,,
CHK-85b0d00e0a4be2a2,EX99_PRESS_RELEASE,A,sentiment,,,
CHK-85b0d00e0a4be2a2,EX99_PRESS_RELEASE,A,guidance_direction,,,
CHK-85b0d00e0a4be2a2,EX99_PRESS_RELEASE,A,red_flags,,,
CHK-85b0d00e0a4be2a2,EX99_PRESS_RELEASE,A,distress_tier,,,
CHK-87d7f6be8a95c376,RISK_FACTORS,A,red_flags,,,
CHK-87d7f6be8a95c376,RISK_FACTORS,A,distress_tier,,,
CHK-8ae1b96bc6174d32,MDA,A,sentiment,,,
CHK-8ae1b96bc6174d32,MDA,A,red_flags,,,
CHK-8ae1b96bc6174d32,MDA,A,distress_tier,,,
CHK-8d77e3d537575946,RISK_FACTORS,A,red_flags,,,
CHK-8d77e3d537575946,RISK_FACTORS,A,distress_tier,,,
CHK-9244fa69e814c4d9,RISK_FACTORS,A,red_flags,,,
CHK-9244fa69e814c4d9,RISK_FACTORS,A,distress_tier,,,
CHK-94d805b8d6236902,RISK_FACTORS,A,red_flags,,,
CHK-94d805b8d6236902,RISK_FACTORS,A,distress_tier,,,
CHK-9562c03212c8cf65,MDA,A,sentiment,,,
CHK-9562c03212c8cf65,MDA,A,red_flags,,,
CHK-9562c03212c8cf65,MDA,A,distress_tier,,,
CHK-95a7cf23f319ee70,RISK_FACTORS,A,red_flags,,,
CHK-95a7cf23f319ee70,RISK_FACTORS,A,distress_tier,,,
CHK-9793730b210715ea,EX99_PRESS_RELEASE,A,sentiment,,,
CHK-9793730b210715ea,EX99_PRESS_RELEASE,A,guidance_direction,,,
CHK-9793730b210715ea,EX99_PRESS_RELEASE,A,red_flags,,,
CHK-9793730b210715ea,EX99_PRESS_RELEASE,A,distress_tier,,,
CHK-99f3b96d396824bd,MDA,A,sentiment,,,
CHK-99f3b96d396824bd,MDA,A,red_flags,,,
CHK-99f3b96d396824bd,MDA,A,distress_tier,,,
CHK-9d1e0d800fc185ad,RISK_FACTORS,A,red_flags,,,
CHK-9d1e0d800fc185ad,RISK_FACTORS,A,distress_tier,,,
CHK-9d1f3820572c181c,MDA,A,sentiment,,,
CHK-9d1f3820572c181c,MDA,A,red_flags,,,
CHK-9d1f3820572c181c,MDA,A,distress_tier,,,
CHK-9ecbb75bcc8121dd,MDA,A,sentiment,,,
CHK-9ecbb75bcc8121dd,MDA,A,red_flags,,,
CHK-9ecbb75bcc8121dd,MDA,A,distress_tier,,,
CHK-a0340f0c3259d6f6,MDA,A,sentiment,,,
CHK-a0340f0c3259d6f6,MDA,A,red_flags,,,
CHK-a0340f0c3259d6f6,MDA,A,distress_tier,,,
CHK-a1945d517306b903,EX99_PRESS_RELEASE,A,sentiment,,,
CHK-a1945d517306b903,EX99_PRESS_RELEASE,A,guidance_direction,,,
CHK-a1945d517306b903,EX99_PRESS_RELEASE,A,red_flags,,,
CHK-a1945d517306b903,EX99_PRESS_RELEASE,A,distress_tier,,,
CHK-a3195b49ea58cda0,EX99_PRESS_RELEASE,A,sentiment,,,
CHK-a3195b49ea58cda0,EX99_PRESS_RELEASE,A,guidance_direction,,,
CHK-a3195b49ea58cda0,EX99_PRESS_RELEASE,A,red_flags,,,
CHK-a3195b49ea58cda0,EX99_PRESS_RELEASE,A,distress_tier,,,
CHK-a4c251cece612b75,MDA,A,sentiment,,,
CHK-a4c251cece612b75,MDA,A,red_flags,,,
CHK-a4c251cece612b75,MDA,A,distress_tier,,,
CHK-a577c2ef70bba5da,RISK_FACTORS,A,red_flags,,,
CHK-a577c2ef70bba5da,RISK_FACTORS,A,distress_tier,,,
CHK-a577d6f06c53b689,RISK_FACTORS,A,red_flags,,,
CHK-a577d6f06c53b689,RISK_FACTORS,A,distress_tier,,,
CHK-a5ae56d1c5a0aee6,RISK_FACTORS,A,red_flags,,,
CHK-a5ae56d1c5a0aee6,RISK_FACTORS,A,distress_tier,,,
CHK-a787c4ef45504dd1,EX99_PRESS_RELEASE,A,sentiment,,,
CHK-a787c4ef45504dd1,EX99_PRESS_RELEASE,A,guidance_direction,,,
CHK-a787c4ef45504dd1,EX99_PRESS_RELEASE,A,red_flags,,,
CHK-a787c4ef45504dd1,EX99_PRESS_RELEASE,A,distress_tier,,,
CHK-ac1897ff391a803c,RISK_FACTORS,A,red_flags,,,
CHK-ac1897ff391a803c,RISK_FACTORS,A,distress_tier,,,
CHK-acdfc9342eb16a46,RISK_FACTORS,A,red_flags,,,
CHK-acdfc9342eb16a46,RISK_FACTORS,A,distress_tier,,,
CHK-ada949d3a57decdf,MDA,A,sentiment,,,
CHK-ada949d3a57decdf,MDA,A,red_flags,,,
CHK-ada949d3a57decdf,MDA,A,distress_tier,,,
CHK-b0fc6a0be9c4bf27,MDA,A,sentiment,,,
CHK-b0fc6a0be9c4bf27,MDA,A,red_flags,,,
CHK-b0fc6a0be9c4bf27,MDA,A,distress_tier,,,
CHK-b39eeb19737dd1d0,EX99_PRESS_RELEASE,A,sentiment,,,
CHK-b39eeb19737dd1d0,EX99_PRESS_RELEASE,A,guidance_direction,,,
CHK-b39eeb19737dd1d0,EX99_PRESS_RELEASE,A,red_flags,,,
CHK-b39eeb19737dd1d0,EX99_PRESS_RELEASE,A,distress_tier,,,
CHK-b4544749a5786416,EX99_PRESS_RELEASE,A,sentiment,,,
CHK-b4544749a5786416,EX99_PRESS_RELEASE,A,guidance_direction,,,
CHK-b4544749a5786416,EX99_PRESS_RELEASE,A,red_flags,,,
CHK-b4544749a5786416,EX99_PRESS_RELEASE,A,distress_tier,,,
CHK-b4d83adf862a5660,EX99_PRESS_RELEASE,A,sentiment,,,
CHK-b4d83adf862a5660,EX99_PRESS_RELEASE,A,guidance_direction,,,
CHK-b4d83adf862a5660,EX99_PRESS_RELEASE,A,red_flags,,,
CHK-b4d83adf862a5660,EX99_PRESS_RELEASE,A,distress_tier,,,
CHK-b73feda5daaa6dfe,RISK_FACTORS,A,red_flags,,,
CHK-b73feda5daaa6dfe,RISK_FACTORS,A,distress_tier,,,
CHK-ba1ce66d503b5458,RISK_FACTORS,A,red_flags,,,
CHK-ba1ce66d503b5458,RISK_FACTORS,A,distress_tier,,,
CHK-ba3a1dcd71201c66,MDA,A,sentiment,,,
CHK-ba3a1dcd71201c66,MDA,A,red_flags,,,
CHK-ba3a1dcd71201c66,MDA,A,distress_tier,,,
CHK-bb31b8bd67c539a0,MDA,A,sentiment,,,
CHK-bb31b8bd67c539a0,MDA,A,red_flags,,,
CHK-bb31b8bd67c539a0,MDA,A,distress_tier,,,
CHK-bf0b41252e4ef0df,EX99_PRESS_RELEASE,A,sentiment,,,
CHK-bf0b41252e4ef0df,EX99_PRESS_RELEASE,A,guidance_direction,,,
CHK-bf0b41252e4ef0df,EX99_PRESS_RELEASE,A,red_flags,,,
CHK-bf0b41252e4ef0df,EX99_PRESS_RELEASE,A,distress_tier,,,
CHK-c17d2149a239bbcd,RISK_FACTORS,A,red_flags,,,
CHK-c17d2149a239bbcd,RISK_FACTORS,A,distress_tier,,,
CHK-c660bd098ec54fa1,RISK_FACTORS,A,red_flags,,,
CHK-c660bd098ec54fa1,RISK_FACTORS,A,distress_tier,,,
CHK-c8eaa073478b2fd4,MDA,A,sentiment,,,
CHK-c8eaa073478b2fd4,MDA,A,red_flags,,,
CHK-c8eaa073478b2fd4,MDA,A,distress_tier,,,
CHK-c9e269daefe59113,RISK_FACTORS,A,red_flags,,,
CHK-c9e269daefe59113,RISK_FACTORS,A,distress_tier,,,
CHK-caba5b31603dddd8,MDA,A,sentiment,,,
CHK-caba5b31603dddd8,MDA,A,red_flags,,,
CHK-caba5b31603dddd8,MDA,A,distress_tier,,,
CHK-cb87c70eb0767692,MDA,A,sentiment,,,
CHK-cb87c70eb0767692,MDA,A,red_flags,,,
CHK-cb87c70eb0767692,MDA,A,distress_tier,,,
CHK-cc51004db8216604,RISK_FACTORS,A,red_flags,,,
CHK-cc51004db8216604,RISK_FACTORS,A,distress_tier,,,
CHK-ce2710d1b304bea6,RISK_FACTORS,A,red_flags,,,
CHK-ce2710d1b304bea6,RISK_FACTORS,A,distress_tier,,,
CHK-cf10074322ae7f8e,RISK_FACTORS,A,red_flags,,,
CHK-cf10074322ae7f8e,RISK_FACTORS,A,distress_tier,,,
CHK-cf90587fe93bb404,EX99_PRESS_RELEASE,A,sentiment,,,
CHK-cf90587fe93bb404,EX99_PRESS_RELEASE,A,guidance_direction,,,
CHK-cf90587fe93bb404,EX99_PRESS_RELEASE,A,red_flags,,,
CHK-cf90587fe93bb404,EX99_PRESS_RELEASE,A,distress_tier,,,
CHK-d32e016bdbe8baa1,EX99_PRESS_RELEASE,A,sentiment,,,
CHK-d32e016bdbe8baa1,EX99_PRESS_RELEASE,A,guidance_direction,,,
CHK-d32e016bdbe8baa1,EX99_PRESS_RELEASE,A,red_flags,,,
CHK-d32e016bdbe8baa1,EX99_PRESS_RELEASE,A,distress_tier,,,
CHK-d74facbd628dfc96,RISK_FACTORS,A,red_flags,,,
CHK-d74facbd628dfc96,RISK_FACTORS,A,distress_tier,,,
CHK-d995c3c66ab97bb5,RISK_FACTORS,A,red_flags,,,
CHK-d995c3c66ab97bb5,RISK_FACTORS,A,distress_tier,,,
CHK-d9f9c2729c76438b,MDA,A,sentiment,,,
CHK-d9f9c2729c76438b,MDA,A,red_flags,,,
CHK-d9f9c2729c76438b,MDA,A,distress_tier,,,
CHK-dc0f344324146c32,RISK_FACTORS,A,red_flags,,,
CHK-dc0f344324146c32,RISK_FACTORS,A,distress_tier,,,
CHK-df645fa44dd5db8e,MDA,A,sentiment,,,
CHK-df645fa44dd5db8e,MDA,A,red_flags,,,
CHK-df645fa44dd5db8e,MDA,A,distress_tier,,,
CHK-dfc4e1148876ddab,RISK_FACTORS,A,red_flags,,,
CHK-dfc4e1148876ddab,RISK_FACTORS,A,distress_tier,,,
CHK-e25f70aef007092f,EX99_PRESS_RELEASE,A,sentiment,,,
CHK-e25f70aef007092f,EX99_PRESS_RELEASE,A,guidance_direction,,,
CHK-e25f70aef007092f,EX99_PRESS_RELEASE,A,red_flags,,,
CHK-e25f70aef007092f,EX99_PRESS_RELEASE,A,distress_tier,,,
CHK-e48ff27b818f8f9d,MDA,A,sentiment,,,
CHK-e48ff27b818f8f9d,MDA,A,red_flags,,,
CHK-e48ff27b818f8f9d,MDA,A,distress_tier,,,
CHK-e6250cd26ed8326f,MDA,A,sentiment,,,
CHK-e6250cd26ed8326f,MDA,A,red_flags,,,
CHK-e6250cd26ed8326f,MDA,A,distress_tier,,,
CHK-e67ce6bc9d4d69d9,EX99_PRESS_RELEASE,A,sentiment,,,
CHK-e67ce6bc9d4d69d9,EX99_PRESS_RELEASE,A,guidance_direction,,,
CHK-e67ce6bc9d4d69d9,EX99_PRESS_RELEASE,A,red_flags,,,
CHK-e67ce6bc9d4d69d9,EX99_PRESS_RELEASE,A,distress_tier,,,
CHK-e6946ca060d0a8ff,EX99_PRESS_RELEASE,A,sentiment,,,
CHK-e6946ca060d0a8ff,EX99_PRESS_RELEASE,A,guidance_direction,,,
CHK-e6946ca060d0a8ff,EX99_PRESS_RELEASE,A,red_flags,,,
CHK-e6946ca060d0a8ff,EX99_PRESS_RELEASE,A,distress_tier,,,
CHK-e7538505b191c9fd,RISK_FACTORS,A,red_flags,,,
CHK-e7538505b191c9fd,RISK_FACTORS,A,distress_tier,,,
CHK-e8b48954fc07604a,EX99_PRESS_RELEASE,A,sentiment,,,
CHK-e8b48954fc07604a,EX99_PRESS_RELEASE,A,guidance_direction,,,
CHK-e8b48954fc07604a,EX99_PRESS_RELEASE,A,red_flags,,,
CHK-e8b48954fc07604a,EX99_PRESS_RELEASE,A,distress_tier,,,
CHK-eabab8fd53f7afa4,EX99_PRESS_RELEASE,A,sentiment,,,
CHK-eabab8fd53f7afa4,EX99_PRESS_RELEASE,A,guidance_direction,,,
CHK-eabab8fd53f7afa4,EX99_PRESS_RELEASE,A,red_flags,,,
CHK-eabab8fd53f7afa4,EX99_PRESS_RELEASE,A,distress_tier,,,
CHK-eacf8153709cee7f,RISK_FACTORS,A,red_flags,,,
CHK-eacf8153709cee7f,RISK_FACTORS,A,distress_tier,,,
CHK-ed1212d8058db87d,MDA,A,sentiment,,,
CHK-ed1212d8058db87d,MDA,A,red_flags,,,
CHK-ed1212d8058db87d,MDA,A,distress_tier,,,
CHK-edee526ead997236,RISK_FACTORS,A,red_flags,,,
CHK-edee526ead997236,RISK_FACTORS,A,distress_tier,,,
CHK-f0f41dd27c073ee3,RISK_FACTORS,A,red_flags,,,
CHK-f0f41dd27c073ee3,RISK_FACTORS,A,distress_tier,,,
CHK-f182137ef57e6857,RISK_FACTORS,A,red_flags,,,
CHK-f182137ef57e6857,RISK_FACTORS,A,distress_tier,,,
CHK-f37c2dc42fa71095,MDA,A,sentiment,,,
CHK-f37c2dc42fa71095,MDA,A,red_flags,,,
CHK-f37c2dc42fa71095,MDA,A,distress_tier,,,
CHK-f48d551bd3a90b44,EX99_PRESS_RELEASE,A,sentiment,,,
CHK-f48d551bd3a90b44,EX99_PRESS_RELEASE,A,guidance_direction,,,
CHK-f48d551bd3a90b44,EX99_PRESS_RELEASE,A,red_flags,,,
CHK-f48d551bd3a90b44,EX99_PRESS_RELEASE,A,distress_tier,,,
CHK-f4cc8f311b031de8,RISK_FACTORS,A,red_flags,,,
CHK-f4cc8f311b031de8,RISK_FACTORS,A,distress_tier,,,
CHK-f831156d69ad89ab,RISK_FACTORS,A,red_flags,,,
CHK-f831156d69ad89ab,RISK_FACTORS,A,distress_tier,,,
CHK-fa4e8fc7905256b1,RISK_FACTORS,A,red_flags,,,
CHK-fa4e8fc7905256b1,RISK_FACTORS,A,distress_tier,,,
CHK-fb6b826d4587a845,RISK_FACTORS,A,red_flags,,,
CHK-fb6b826d4587a845,RISK_FACTORS,A,distress_tier,,,
CHK-fb7618957d807c18,EX99_PRESS_RELEASE,A,sentiment,,,
CHK-fb7618957d807c18,EX99_PRESS_RELEASE,A,guidance_direction,,,
CHK-fb7618957d807c18,EX99_PRESS_RELEASE,A,red_flags,,,
CHK-fb7618957d807c18,EX99_PRESS_RELEASE,A,distress_tier,,,
CHK-fb76d50bc8c28177,MDA,A,sentiment,,,
CHK-fb76d50bc8c28177,MDA,A,red_flags,,,
CHK-fb76d50bc8c28177,MDA,A,distress_tier,,,
CHK-fb98288f464dde30,RISK_FACTORS,A,red_flags,,,
CHK-fb98288f464dde30,RISK_FACTORS,A,distress_tier,,,
CHK-fbd6b76434f59dc9,RISK_FACTORS,A,red_flags,,,
CHK-fbd6b76434f59dc9,RISK_FACTORS,A,distress_tier,,,
CHK-fe8029229aaac684,EX99_PRESS_RELEASE,A,sentiment,,,
CHK-fe8029229aaac684,EX99_PRESS_RELEASE,A,guidance_direction,,,
CHK-fe8029229aaac684,EX99_PRESS_RELEASE,A,red_flags,,,
CHK-fe8029229aaac684,EX99_PRESS_RELEASE,A,distress_tier,,,
CHK-fe9199c12d714cd8,RISK_FACTORS,A,red_flags,,,
CHK-fe9199c12d714cd8,RISK_FACTORS,A,distress_tier,,,
CHK-005ac11578e46c56,EX99_PRESS_RELEASE,B,sentiment,,,
CHK-005ac11578e46c56,EX99_PRESS_RELEASE,B,guidance_direction,,,
CHK-005ac11578e46c56,EX99_PRESS_RELEASE,B,red_flags,,,
CHK-005ac11578e46c56,EX99_PRESS_RELEASE,B,distress_tier,,,
CHK-006f8bf7514f3eb7,EX99_PRESS_RELEASE,B,sentiment,,,
CHK-006f8bf7514f3eb7,EX99_PRESS_RELEASE,B,guidance_direction,,,
CHK-006f8bf7514f3eb7,EX99_PRESS_RELEASE,B,red_flags,,,
CHK-006f8bf7514f3eb7,EX99_PRESS_RELEASE,B,distress_tier,,,
CHK-02a819825347daaa,EX99_PRESS_RELEASE,B,sentiment,,,
CHK-02a819825347daaa,EX99_PRESS_RELEASE,B,guidance_direction,,,
CHK-02a819825347daaa,EX99_PRESS_RELEASE,B,red_flags,,,
CHK-02a819825347daaa,EX99_PRESS_RELEASE,B,distress_tier,,,
CHK-0342abb8f8fd3c90,EX99_PRESS_RELEASE,B,sentiment,,,
CHK-0342abb8f8fd3c90,EX99_PRESS_RELEASE,B,guidance_direction,,,
CHK-0342abb8f8fd3c90,EX99_PRESS_RELEASE,B,red_flags,,,
CHK-0342abb8f8fd3c90,EX99_PRESS_RELEASE,B,distress_tier,,,
CHK-044d7fa21c2d4322,RISK_FACTORS,B,red_flags,,,
CHK-044d7fa21c2d4322,RISK_FACTORS,B,distress_tier,,,
CHK-06c48a91d042595b,EX99_PRESS_RELEASE,B,sentiment,,,
CHK-06c48a91d042595b,EX99_PRESS_RELEASE,B,guidance_direction,,,
CHK-06c48a91d042595b,EX99_PRESS_RELEASE,B,red_flags,,,
CHK-06c48a91d042595b,EX99_PRESS_RELEASE,B,distress_tier,,,
CHK-07dd6b47fc77921d,EX99_PRESS_RELEASE,B,sentiment,,,
CHK-07dd6b47fc77921d,EX99_PRESS_RELEASE,B,guidance_direction,,,
CHK-07dd6b47fc77921d,EX99_PRESS_RELEASE,B,red_flags,,,
CHK-07dd6b47fc77921d,EX99_PRESS_RELEASE,B,distress_tier,,,
CHK-0b3856085c5ba8cd,EX99_PRESS_RELEASE,B,sentiment,,,
CHK-0b3856085c5ba8cd,EX99_PRESS_RELEASE,B,guidance_direction,,,
CHK-0b3856085c5ba8cd,EX99_PRESS_RELEASE,B,red_flags,,,
CHK-0b3856085c5ba8cd,EX99_PRESS_RELEASE,B,distress_tier,,,
CHK-0bece92fc4efa93d,EX99_PRESS_RELEASE,B,sentiment,,,
CHK-0bece92fc4efa93d,EX99_PRESS_RELEASE,B,guidance_direction,,,
CHK-0bece92fc4efa93d,EX99_PRESS_RELEASE,B,red_flags,,,
CHK-0bece92fc4efa93d,EX99_PRESS_RELEASE,B,distress_tier,,,
CHK-0cb7094e692f9312,EX99_PRESS_RELEASE,B,sentiment,,,
CHK-0cb7094e692f9312,EX99_PRESS_RELEASE,B,guidance_direction,,,
CHK-0cb7094e692f9312,EX99_PRESS_RELEASE,B,red_flags,,,
CHK-0cb7094e692f9312,EX99_PRESS_RELEASE,B,distress_tier,,,
CHK-0d4fb5ca9c78e569,EX99_PRESS_RELEASE,B,sentiment,,,
CHK-0d4fb5ca9c78e569,EX99_PRESS_RELEASE,B,guidance_direction,,,
CHK-0d4fb5ca9c78e569,EX99_PRESS_RELEASE,B,red_flags,,,
CHK-0d4fb5ca9c78e569,EX99_PRESS_RELEASE,B,distress_tier,,,
CHK-10b768034baa8331,EX99_PRESS_RELEASE,B,sentiment,,,
CHK-10b768034baa8331,EX99_PRESS_RELEASE,B,guidance_direction,,,
CHK-10b768034baa8331,EX99_PRESS_RELEASE,B,red_flags,,,
CHK-10b768034baa8331,EX99_PRESS_RELEASE,B,distress_tier,,,
CHK-10c141ea657ccfd8,MDA,B,sentiment,,,
CHK-10c141ea657ccfd8,MDA,B,red_flags,,,
CHK-10c141ea657ccfd8,MDA,B,distress_tier,,,
CHK-120b1f968ee6191a,RISK_FACTORS,B,red_flags,,,
CHK-120b1f968ee6191a,RISK_FACTORS,B,distress_tier,,,
CHK-163cf53c6a5d68c7,MDA,B,sentiment,,,
CHK-163cf53c6a5d68c7,MDA,B,red_flags,,,
CHK-163cf53c6a5d68c7,MDA,B,distress_tier,,,
CHK-1730b1d1ffc49698,EX99_PRESS_RELEASE,B,sentiment,,,
CHK-1730b1d1ffc49698,EX99_PRESS_RELEASE,B,guidance_direction,,,
CHK-1730b1d1ffc49698,EX99_PRESS_RELEASE,B,red_flags,,,
CHK-1730b1d1ffc49698,EX99_PRESS_RELEASE,B,distress_tier,,,
CHK-1e6d0f12ea06dfa9,EX99_PRESS_RELEASE,B,sentiment,,,
CHK-1e6d0f12ea06dfa9,EX99_PRESS_RELEASE,B,guidance_direction,,,
CHK-1e6d0f12ea06dfa9,EX99_PRESS_RELEASE,B,red_flags,,,
CHK-1e6d0f12ea06dfa9,EX99_PRESS_RELEASE,B,distress_tier,,,
CHK-1ee19c277857680c,EX99_PRESS_RELEASE,B,sentiment,,,
CHK-1ee19c277857680c,EX99_PRESS_RELEASE,B,guidance_direction,,,
CHK-1ee19c277857680c,EX99_PRESS_RELEASE,B,red_flags,,,
CHK-1ee19c277857680c,EX99_PRESS_RELEASE,B,distress_tier,,,
CHK-1efb1e46f5dd85d4,MDA,B,sentiment,,,
CHK-1efb1e46f5dd85d4,MDA,B,red_flags,,,
CHK-1efb1e46f5dd85d4,MDA,B,distress_tier,,,
CHK-27d81a2e10b53249,EX99_PRESS_RELEASE,B,sentiment,,,
CHK-27d81a2e10b53249,EX99_PRESS_RELEASE,B,guidance_direction,,,
CHK-27d81a2e10b53249,EX99_PRESS_RELEASE,B,red_flags,,,
CHK-27d81a2e10b53249,EX99_PRESS_RELEASE,B,distress_tier,,,
CHK-28f6fe8c760d02ca,EX99_PRESS_RELEASE,B,sentiment,,,
CHK-28f6fe8c760d02ca,EX99_PRESS_RELEASE,B,guidance_direction,,,
CHK-28f6fe8c760d02ca,EX99_PRESS_RELEASE,B,red_flags,,,
CHK-28f6fe8c760d02ca,EX99_PRESS_RELEASE,B,distress_tier,,,
CHK-2a67a8f40a82a9fc,RISK_FACTORS,B,red_flags,,,
CHK-2a67a8f40a82a9fc,RISK_FACTORS,B,distress_tier,,,
CHK-2afce152b849ce76,EX99_PRESS_RELEASE,B,sentiment,,,
CHK-2afce152b849ce76,EX99_PRESS_RELEASE,B,guidance_direction,,,
CHK-2afce152b849ce76,EX99_PRESS_RELEASE,B,red_flags,,,
CHK-2afce152b849ce76,EX99_PRESS_RELEASE,B,distress_tier,,,
CHK-2bddf558f6da6b70,EX99_PRESS_RELEASE,B,sentiment,,,
CHK-2bddf558f6da6b70,EX99_PRESS_RELEASE,B,guidance_direction,,,
CHK-2bddf558f6da6b70,EX99_PRESS_RELEASE,B,red_flags,,,
CHK-2bddf558f6da6b70,EX99_PRESS_RELEASE,B,distress_tier,,,
CHK-2cb6879fc6126793,MDA,B,sentiment,,,
CHK-2cb6879fc6126793,MDA,B,red_flags,,,
CHK-2cb6879fc6126793,MDA,B,distress_tier,,,
CHK-2d239bad2509078e,EX99_PRESS_RELEASE,B,sentiment,,,
CHK-2d239bad2509078e,EX99_PRESS_RELEASE,B,guidance_direction,,,
CHK-2d239bad2509078e,EX99_PRESS_RELEASE,B,red_flags,,,
CHK-2d239bad2509078e,EX99_PRESS_RELEASE,B,distress_tier,,,
CHK-30df4fbc9f90a44f,MDA,B,sentiment,,,
CHK-30df4fbc9f90a44f,MDA,B,red_flags,,,
CHK-30df4fbc9f90a44f,MDA,B,distress_tier,,,
CHK-3610950810eaae21,RISK_FACTORS,B,red_flags,,,
CHK-3610950810eaae21,RISK_FACTORS,B,distress_tier,,,
CHK-3846da0e376ca265,EX99_PRESS_RELEASE,B,sentiment,,,
CHK-3846da0e376ca265,EX99_PRESS_RELEASE,B,guidance_direction,,,
CHK-3846da0e376ca265,EX99_PRESS_RELEASE,B,red_flags,,,
CHK-3846da0e376ca265,EX99_PRESS_RELEASE,B,distress_tier,,,
CHK-3acc1a83bf1ac17f,MDA,B,sentiment,,,
CHK-3acc1a83bf1ac17f,MDA,B,red_flags,,,
CHK-3acc1a83bf1ac17f,MDA,B,distress_tier,,,
CHK-3f4d079bca2b6e87,MDA,B,sentiment,,,
CHK-3f4d079bca2b6e87,MDA,B,red_flags,,,
CHK-3f4d079bca2b6e87,MDA,B,distress_tier,,,
CHK-3fdf43e89d614d84,EX99_PRESS_RELEASE,B,sentiment,,,
CHK-3fdf43e89d614d84,EX99_PRESS_RELEASE,B,guidance_direction,,,
CHK-3fdf43e89d614d84,EX99_PRESS_RELEASE,B,red_flags,,,
CHK-3fdf43e89d614d84,EX99_PRESS_RELEASE,B,distress_tier,,,
CHK-46264353c74f8445,RISK_FACTORS,B,red_flags,,,
CHK-46264353c74f8445,RISK_FACTORS,B,distress_tier,,,
CHK-473d53d20b4ee672,RISK_FACTORS,B,red_flags,,,
CHK-473d53d20b4ee672,RISK_FACTORS,B,distress_tier,,,
CHK-4bd56ba72e7ad374,MDA,B,sentiment,,,
CHK-4bd56ba72e7ad374,MDA,B,red_flags,,,
CHK-4bd56ba72e7ad374,MDA,B,distress_tier,,,
CHK-4ff1ba432892f433,RISK_FACTORS,B,red_flags,,,
CHK-4ff1ba432892f433,RISK_FACTORS,B,distress_tier,,,
CHK-500624f2b619a432,EX99_PRESS_RELEASE,B,sentiment,,,
CHK-500624f2b619a432,EX99_PRESS_RELEASE,B,guidance_direction,,,
CHK-500624f2b619a432,EX99_PRESS_RELEASE,B,red_flags,,,
CHK-500624f2b619a432,EX99_PRESS_RELEASE,B,distress_tier,,,
CHK-52a7dfbb6f907f79,MDA,B,sentiment,,,
CHK-52a7dfbb6f907f79,MDA,B,red_flags,,,
CHK-52a7dfbb6f907f79,MDA,B,distress_tier,,,
CHK-548ef6cb17cba38a,MDA,B,sentiment,,,
CHK-548ef6cb17cba38a,MDA,B,red_flags,,,
CHK-548ef6cb17cba38a,MDA,B,distress_tier,,,
CHK-54c92cb156abf72e,EX99_PRESS_RELEASE,B,sentiment,,,
CHK-54c92cb156abf72e,EX99_PRESS_RELEASE,B,guidance_direction,,,
CHK-54c92cb156abf72e,EX99_PRESS_RELEASE,B,red_flags,,,
CHK-54c92cb156abf72e,EX99_PRESS_RELEASE,B,distress_tier,,,
CHK-56b7947ccd9dc822,EX99_PRESS_RELEASE,B,sentiment,,,
CHK-56b7947ccd9dc822,EX99_PRESS_RELEASE,B,guidance_direction,,,
CHK-56b7947ccd9dc822,EX99_PRESS_RELEASE,B,red_flags,,,
CHK-56b7947ccd9dc822,EX99_PRESS_RELEASE,B,distress_tier,,,
CHK-5ec383cc266aa5a3,EX99_PRESS_RELEASE,B,sentiment,,,
CHK-5ec383cc266aa5a3,EX99_PRESS_RELEASE,B,guidance_direction,,,
CHK-5ec383cc266aa5a3,EX99_PRESS_RELEASE,B,red_flags,,,
CHK-5ec383cc266aa5a3,EX99_PRESS_RELEASE,B,distress_tier,,,
CHK-60f3849e6b3f81f2,EX99_PRESS_RELEASE,B,sentiment,,,
CHK-60f3849e6b3f81f2,EX99_PRESS_RELEASE,B,guidance_direction,,,
CHK-60f3849e6b3f81f2,EX99_PRESS_RELEASE,B,red_flags,,,
CHK-60f3849e6b3f81f2,EX99_PRESS_RELEASE,B,distress_tier,,,
CHK-62c743d528c2075f,EX99_PRESS_RELEASE,B,sentiment,,,
CHK-62c743d528c2075f,EX99_PRESS_RELEASE,B,guidance_direction,,,
CHK-62c743d528c2075f,EX99_PRESS_RELEASE,B,red_flags,,,
CHK-62c743d528c2075f,EX99_PRESS_RELEASE,B,distress_tier,,,
CHK-63c795c981b93651,EX99_PRESS_RELEASE,B,sentiment,,,
CHK-63c795c981b93651,EX99_PRESS_RELEASE,B,guidance_direction,,,
CHK-63c795c981b93651,EX99_PRESS_RELEASE,B,red_flags,,,
CHK-63c795c981b93651,EX99_PRESS_RELEASE,B,distress_tier,,,
CHK-63e60e27dfa3e15d,EX99_PRESS_RELEASE,B,sentiment,,,
CHK-63e60e27dfa3e15d,EX99_PRESS_RELEASE,B,guidance_direction,,,
CHK-63e60e27dfa3e15d,EX99_PRESS_RELEASE,B,red_flags,,,
CHK-63e60e27dfa3e15d,EX99_PRESS_RELEASE,B,distress_tier,,,
CHK-660f3a57e8890cdc,EX99_PRESS_RELEASE,B,sentiment,,,
CHK-660f3a57e8890cdc,EX99_PRESS_RELEASE,B,guidance_direction,,,
CHK-660f3a57e8890cdc,EX99_PRESS_RELEASE,B,red_flags,,,
CHK-660f3a57e8890cdc,EX99_PRESS_RELEASE,B,distress_tier,,,
CHK-664b3f24e131228a,MDA,B,sentiment,,,
CHK-664b3f24e131228a,MDA,B,red_flags,,,
CHK-664b3f24e131228a,MDA,B,distress_tier,,,
CHK-66b7f6d1cecb13e2,RISK_FACTORS,B,red_flags,,,
CHK-66b7f6d1cecb13e2,RISK_FACTORS,B,distress_tier,,,
CHK-681ffbbdbad76f94,EX99_PRESS_RELEASE,B,sentiment,,,
CHK-681ffbbdbad76f94,EX99_PRESS_RELEASE,B,guidance_direction,,,
CHK-681ffbbdbad76f94,EX99_PRESS_RELEASE,B,red_flags,,,
CHK-681ffbbdbad76f94,EX99_PRESS_RELEASE,B,distress_tier,,,
CHK-6b01edf54938b070,EX99_PRESS_RELEASE,B,sentiment,,,
CHK-6b01edf54938b070,EX99_PRESS_RELEASE,B,guidance_direction,,,
CHK-6b01edf54938b070,EX99_PRESS_RELEASE,B,red_flags,,,
CHK-6b01edf54938b070,EX99_PRESS_RELEASE,B,distress_tier,,,
CHK-6c60ac55215be937,EX99_PRESS_RELEASE,B,sentiment,,,
CHK-6c60ac55215be937,EX99_PRESS_RELEASE,B,guidance_direction,,,
CHK-6c60ac55215be937,EX99_PRESS_RELEASE,B,red_flags,,,
CHK-6c60ac55215be937,EX99_PRESS_RELEASE,B,distress_tier,,,
CHK-6cfb7bb16c8ef2fc,MDA,B,sentiment,,,
CHK-6cfb7bb16c8ef2fc,MDA,B,red_flags,,,
CHK-6cfb7bb16c8ef2fc,MDA,B,distress_tier,,,
CHK-6fd9f0a068643231,EX99_PRESS_RELEASE,B,sentiment,,,
CHK-6fd9f0a068643231,EX99_PRESS_RELEASE,B,guidance_direction,,,
CHK-6fd9f0a068643231,EX99_PRESS_RELEASE,B,red_flags,,,
CHK-6fd9f0a068643231,EX99_PRESS_RELEASE,B,distress_tier,,,
CHK-70bfa6512e47b40f,MDA,B,sentiment,,,
CHK-70bfa6512e47b40f,MDA,B,red_flags,,,
CHK-70bfa6512e47b40f,MDA,B,distress_tier,,,
CHK-72b3914493b61187,EX99_PRESS_RELEASE,B,sentiment,,,
CHK-72b3914493b61187,EX99_PRESS_RELEASE,B,guidance_direction,,,
CHK-72b3914493b61187,EX99_PRESS_RELEASE,B,red_flags,,,
CHK-72b3914493b61187,EX99_PRESS_RELEASE,B,distress_tier,,,
CHK-755a1e33868cb4d8,EX99_PRESS_RELEASE,B,sentiment,,,
CHK-755a1e33868cb4d8,EX99_PRESS_RELEASE,B,guidance_direction,,,
CHK-755a1e33868cb4d8,EX99_PRESS_RELEASE,B,red_flags,,,
CHK-755a1e33868cb4d8,EX99_PRESS_RELEASE,B,distress_tier,,,
CHK-763e4a3f53291a60,EX99_PRESS_RELEASE,B,sentiment,,,
CHK-763e4a3f53291a60,EX99_PRESS_RELEASE,B,guidance_direction,,,
CHK-763e4a3f53291a60,EX99_PRESS_RELEASE,B,red_flags,,,
CHK-763e4a3f53291a60,EX99_PRESS_RELEASE,B,distress_tier,,,
CHK-780f19ce14752544,EX99_PRESS_RELEASE,B,sentiment,,,
CHK-780f19ce14752544,EX99_PRESS_RELEASE,B,guidance_direction,,,
CHK-780f19ce14752544,EX99_PRESS_RELEASE,B,red_flags,,,
CHK-780f19ce14752544,EX99_PRESS_RELEASE,B,distress_tier,,,
CHK-79acc163abb1739a,EX99_PRESS_RELEASE,B,sentiment,,,
CHK-79acc163abb1739a,EX99_PRESS_RELEASE,B,guidance_direction,,,
CHK-79acc163abb1739a,EX99_PRESS_RELEASE,B,red_flags,,,
CHK-79acc163abb1739a,EX99_PRESS_RELEASE,B,distress_tier,,,
CHK-7a757bbb054432e5,EX99_PRESS_RELEASE,B,sentiment,,,
CHK-7a757bbb054432e5,EX99_PRESS_RELEASE,B,guidance_direction,,,
CHK-7a757bbb054432e5,EX99_PRESS_RELEASE,B,red_flags,,,
CHK-7a757bbb054432e5,EX99_PRESS_RELEASE,B,distress_tier,,,
CHK-7bd9948d100abc87,EX99_PRESS_RELEASE,B,sentiment,,,
CHK-7bd9948d100abc87,EX99_PRESS_RELEASE,B,guidance_direction,,,
CHK-7bd9948d100abc87,EX99_PRESS_RELEASE,B,red_flags,,,
CHK-7bd9948d100abc87,EX99_PRESS_RELEASE,B,distress_tier,,,
CHK-7c6fab5079b9a565,EX99_PRESS_RELEASE,B,sentiment,,,
CHK-7c6fab5079b9a565,EX99_PRESS_RELEASE,B,guidance_direction,,,
CHK-7c6fab5079b9a565,EX99_PRESS_RELEASE,B,red_flags,,,
CHK-7c6fab5079b9a565,EX99_PRESS_RELEASE,B,distress_tier,,,
CHK-7c776d2310bd0645,EX99_PRESS_RELEASE,B,sentiment,,,
CHK-7c776d2310bd0645,EX99_PRESS_RELEASE,B,guidance_direction,,,
CHK-7c776d2310bd0645,EX99_PRESS_RELEASE,B,red_flags,,,
CHK-7c776d2310bd0645,EX99_PRESS_RELEASE,B,distress_tier,,,
CHK-7d41e6195666fa22,EX99_PRESS_RELEASE,B,sentiment,,,
CHK-7d41e6195666fa22,EX99_PRESS_RELEASE,B,guidance_direction,,,
CHK-7d41e6195666fa22,EX99_PRESS_RELEASE,B,red_flags,,,
CHK-7d41e6195666fa22,EX99_PRESS_RELEASE,B,distress_tier,,,
CHK-80785142aeaecd40,MDA,B,sentiment,,,
CHK-80785142aeaecd40,MDA,B,red_flags,,,
CHK-80785142aeaecd40,MDA,B,distress_tier,,,
CHK-819d5d4c3fa4cd08,MDA,B,sentiment,,,
CHK-819d5d4c3fa4cd08,MDA,B,red_flags,,,
CHK-819d5d4c3fa4cd08,MDA,B,distress_tier,,,
CHK-81ed84e7d6304cf8,MDA,B,sentiment,,,
CHK-81ed84e7d6304cf8,MDA,B,red_flags,,,
CHK-81ed84e7d6304cf8,MDA,B,distress_tier,,,
CHK-853b6716b0242ffd,EX99_PRESS_RELEASE,B,sentiment,,,
CHK-853b6716b0242ffd,EX99_PRESS_RELEASE,B,guidance_direction,,,
CHK-853b6716b0242ffd,EX99_PRESS_RELEASE,B,red_flags,,,
CHK-853b6716b0242ffd,EX99_PRESS_RELEASE,B,distress_tier,,,
CHK-85c8d5bd365e3c8d,MDA,B,sentiment,,,
CHK-85c8d5bd365e3c8d,MDA,B,red_flags,,,
CHK-85c8d5bd365e3c8d,MDA,B,distress_tier,,,
CHK-85fa0e39cb60ff27,MDA,B,sentiment,,,
CHK-85fa0e39cb60ff27,MDA,B,red_flags,,,
CHK-85fa0e39cb60ff27,MDA,B,distress_tier,,,
CHK-876f46bf645b0e54,EX99_PRESS_RELEASE,B,sentiment,,,
CHK-876f46bf645b0e54,EX99_PRESS_RELEASE,B,guidance_direction,,,
CHK-876f46bf645b0e54,EX99_PRESS_RELEASE,B,red_flags,,,
CHK-876f46bf645b0e54,EX99_PRESS_RELEASE,B,distress_tier,,,
CHK-8839f72ab69a4d0d,EX99_PRESS_RELEASE,B,sentiment,,,
CHK-8839f72ab69a4d0d,EX99_PRESS_RELEASE,B,guidance_direction,,,
CHK-8839f72ab69a4d0d,EX99_PRESS_RELEASE,B,red_flags,,,
CHK-8839f72ab69a4d0d,EX99_PRESS_RELEASE,B,distress_tier,,,
CHK-888e11429f923bfd,EX99_PRESS_RELEASE,B,sentiment,,,
CHK-888e11429f923bfd,EX99_PRESS_RELEASE,B,guidance_direction,,,
CHK-888e11429f923bfd,EX99_PRESS_RELEASE,B,red_flags,,,
CHK-888e11429f923bfd,EX99_PRESS_RELEASE,B,distress_tier,,,
CHK-89262fdb7b73c9e5,RISK_FACTORS,B,red_flags,,,
CHK-89262fdb7b73c9e5,RISK_FACTORS,B,distress_tier,,,
CHK-8b605e474fc6bdcc,MDA,B,sentiment,,,
CHK-8b605e474fc6bdcc,MDA,B,red_flags,,,
CHK-8b605e474fc6bdcc,MDA,B,distress_tier,,,
CHK-8bbf904569fc3290,EX99_PRESS_RELEASE,B,sentiment,,,
CHK-8bbf904569fc3290,EX99_PRESS_RELEASE,B,guidance_direction,,,
CHK-8bbf904569fc3290,EX99_PRESS_RELEASE,B,red_flags,,,
CHK-8bbf904569fc3290,EX99_PRESS_RELEASE,B,distress_tier,,,
CHK-8c7a4ef19965cd7b,MDA,B,sentiment,,,
CHK-8c7a4ef19965cd7b,MDA,B,red_flags,,,
CHK-8c7a4ef19965cd7b,MDA,B,distress_tier,,,
CHK-8cfdeaae0076e69f,EX99_PRESS_RELEASE,B,sentiment,,,
CHK-8cfdeaae0076e69f,EX99_PRESS_RELEASE,B,guidance_direction,,,
CHK-8cfdeaae0076e69f,EX99_PRESS_RELEASE,B,red_flags,,,
CHK-8cfdeaae0076e69f,EX99_PRESS_RELEASE,B,distress_tier,,,
CHK-8d908f0adf713b9b,EX99_PRESS_RELEASE,B,sentiment,,,
CHK-8d908f0adf713b9b,EX99_PRESS_RELEASE,B,guidance_direction,,,
CHK-8d908f0adf713b9b,EX99_PRESS_RELEASE,B,red_flags,,,
CHK-8d908f0adf713b9b,EX99_PRESS_RELEASE,B,distress_tier,,,
CHK-8e6687f4f55da99a,RISK_FACTORS,B,red_flags,,,
CHK-8e6687f4f55da99a,RISK_FACTORS,B,distress_tier,,,
CHK-8e69547e0900a8dd,MDA,B,sentiment,,,
CHK-8e69547e0900a8dd,MDA,B,red_flags,,,
CHK-8e69547e0900a8dd,MDA,B,distress_tier,,,
CHK-8f26c91deeaff05f,EX99_PRESS_RELEASE,B,sentiment,,,
CHK-8f26c91deeaff05f,EX99_PRESS_RELEASE,B,guidance_direction,,,
CHK-8f26c91deeaff05f,EX99_PRESS_RELEASE,B,red_flags,,,
CHK-8f26c91deeaff05f,EX99_PRESS_RELEASE,B,distress_tier,,,
CHK-8f30c8ae3920d287,EX99_PRESS_RELEASE,B,sentiment,,,
CHK-8f30c8ae3920d287,EX99_PRESS_RELEASE,B,guidance_direction,,,
CHK-8f30c8ae3920d287,EX99_PRESS_RELEASE,B,red_flags,,,
CHK-8f30c8ae3920d287,EX99_PRESS_RELEASE,B,distress_tier,,,
CHK-92e6f6e99169a765,MDA,B,sentiment,,,
CHK-92e6f6e99169a765,MDA,B,red_flags,,,
CHK-92e6f6e99169a765,MDA,B,distress_tier,,,
CHK-95a6b8eff02c5ed4,EX99_PRESS_RELEASE,B,sentiment,,,
CHK-95a6b8eff02c5ed4,EX99_PRESS_RELEASE,B,guidance_direction,,,
CHK-95a6b8eff02c5ed4,EX99_PRESS_RELEASE,B,red_flags,,,
CHK-95a6b8eff02c5ed4,EX99_PRESS_RELEASE,B,distress_tier,,,
CHK-95ef50267baf7ef2,EX99_PRESS_RELEASE,B,sentiment,,,
CHK-95ef50267baf7ef2,EX99_PRESS_RELEASE,B,guidance_direction,,,
CHK-95ef50267baf7ef2,EX99_PRESS_RELEASE,B,red_flags,,,
CHK-95ef50267baf7ef2,EX99_PRESS_RELEASE,B,distress_tier,,,
CHK-995038f4b6ac9fc2,EX99_PRESS_RELEASE,B,sentiment,,,
CHK-995038f4b6ac9fc2,EX99_PRESS_RELEASE,B,guidance_direction,,,
CHK-995038f4b6ac9fc2,EX99_PRESS_RELEASE,B,red_flags,,,
CHK-995038f4b6ac9fc2,EX99_PRESS_RELEASE,B,distress_tier,,,
CHK-9b3e336a83e95d61,MDA,B,sentiment,,,
CHK-9b3e336a83e95d61,MDA,B,red_flags,,,
CHK-9b3e336a83e95d61,MDA,B,distress_tier,,,
CHK-9b5fc7b82e34f8a0,EX99_PRESS_RELEASE,B,sentiment,,,
CHK-9b5fc7b82e34f8a0,EX99_PRESS_RELEASE,B,guidance_direction,,,
CHK-9b5fc7b82e34f8a0,EX99_PRESS_RELEASE,B,red_flags,,,
CHK-9b5fc7b82e34f8a0,EX99_PRESS_RELEASE,B,distress_tier,,,
CHK-9b808e5a805f2799,EX99_PRESS_RELEASE,B,sentiment,,,
CHK-9b808e5a805f2799,EX99_PRESS_RELEASE,B,guidance_direction,,,
CHK-9b808e5a805f2799,EX99_PRESS_RELEASE,B,red_flags,,,
CHK-9b808e5a805f2799,EX99_PRESS_RELEASE,B,distress_tier,,,
CHK-9c798bf926ef9612,EX99_PRESS_RELEASE,B,sentiment,,,
CHK-9c798bf926ef9612,EX99_PRESS_RELEASE,B,guidance_direction,,,
CHK-9c798bf926ef9612,EX99_PRESS_RELEASE,B,red_flags,,,
CHK-9c798bf926ef9612,EX99_PRESS_RELEASE,B,distress_tier,,,
CHK-9f7dfba31314e37f,EX99_PRESS_RELEASE,B,sentiment,,,
CHK-9f7dfba31314e37f,EX99_PRESS_RELEASE,B,guidance_direction,,,
CHK-9f7dfba31314e37f,EX99_PRESS_RELEASE,B,red_flags,,,
CHK-9f7dfba31314e37f,EX99_PRESS_RELEASE,B,distress_tier,,,
CHK-9f8b26fad56c65ab,EX99_PRESS_RELEASE,B,sentiment,,,
CHK-9f8b26fad56c65ab,EX99_PRESS_RELEASE,B,guidance_direction,,,
CHK-9f8b26fad56c65ab,EX99_PRESS_RELEASE,B,red_flags,,,
CHK-9f8b26fad56c65ab,EX99_PRESS_RELEASE,B,distress_tier,,,
CHK-a28331e138301217,EX99_PRESS_RELEASE,B,sentiment,,,
CHK-a28331e138301217,EX99_PRESS_RELEASE,B,guidance_direction,,,
CHK-a28331e138301217,EX99_PRESS_RELEASE,B,red_flags,,,
CHK-a28331e138301217,EX99_PRESS_RELEASE,B,distress_tier,,,
CHK-a341b0ac4031fa22,EX99_PRESS_RELEASE,B,sentiment,,,
CHK-a341b0ac4031fa22,EX99_PRESS_RELEASE,B,guidance_direction,,,
CHK-a341b0ac4031fa22,EX99_PRESS_RELEASE,B,red_flags,,,
CHK-a341b0ac4031fa22,EX99_PRESS_RELEASE,B,distress_tier,,,
CHK-a3833d399f8255a1,EX99_PRESS_RELEASE,B,sentiment,,,
CHK-a3833d399f8255a1,EX99_PRESS_RELEASE,B,guidance_direction,,,
CHK-a3833d399f8255a1,EX99_PRESS_RELEASE,B,red_flags,,,
CHK-a3833d399f8255a1,EX99_PRESS_RELEASE,B,distress_tier,,,
CHK-a5cb42a6737afe44,EX99_PRESS_RELEASE,B,sentiment,,,
CHK-a5cb42a6737afe44,EX99_PRESS_RELEASE,B,guidance_direction,,,
CHK-a5cb42a6737afe44,EX99_PRESS_RELEASE,B,red_flags,,,
CHK-a5cb42a6737afe44,EX99_PRESS_RELEASE,B,distress_tier,,,
CHK-a5f51f8d8955438a,MDA,B,sentiment,,,
CHK-a5f51f8d8955438a,MDA,B,red_flags,,,
CHK-a5f51f8d8955438a,MDA,B,distress_tier,,,
CHK-a7b747f6eebad7a0,EX99_PRESS_RELEASE,B,sentiment,,,
CHK-a7b747f6eebad7a0,EX99_PRESS_RELEASE,B,guidance_direction,,,
CHK-a7b747f6eebad7a0,EX99_PRESS_RELEASE,B,red_flags,,,
CHK-a7b747f6eebad7a0,EX99_PRESS_RELEASE,B,distress_tier,,,
CHK-a7bdef5ba7e374be,MDA,B,sentiment,,,
CHK-a7bdef5ba7e374be,MDA,B,red_flags,,,
CHK-a7bdef5ba7e374be,MDA,B,distress_tier,,,
CHK-a7e5a720287a5e1f,EX99_PRESS_RELEASE,B,sentiment,,,
CHK-a7e5a720287a5e1f,EX99_PRESS_RELEASE,B,guidance_direction,,,
CHK-a7e5a720287a5e1f,EX99_PRESS_RELEASE,B,red_flags,,,
CHK-a7e5a720287a5e1f,EX99_PRESS_RELEASE,B,distress_tier,,,
CHK-a887f42311bf45a9,MDA,B,sentiment,,,
CHK-a887f42311bf45a9,MDA,B,red_flags,,,
CHK-a887f42311bf45a9,MDA,B,distress_tier,,,
CHK-aa46accff3e8a9a9,RISK_FACTORS,B,red_flags,,,
CHK-aa46accff3e8a9a9,RISK_FACTORS,B,distress_tier,,,
CHK-ada25902c99cb4cd,MDA,B,sentiment,,,
CHK-ada25902c99cb4cd,MDA,B,red_flags,,,
CHK-ada25902c99cb4cd,MDA,B,distress_tier,,,
CHK-ae4a4d016fa7f83c,MDA,B,sentiment,,,
CHK-ae4a4d016fa7f83c,MDA,B,red_flags,,,
CHK-ae4a4d016fa7f83c,MDA,B,distress_tier,,,
CHK-aff3a3c15bc775f5,EX99_PRESS_RELEASE,B,sentiment,,,
CHK-aff3a3c15bc775f5,EX99_PRESS_RELEASE,B,guidance_direction,,,
CHK-aff3a3c15bc775f5,EX99_PRESS_RELEASE,B,red_flags,,,
CHK-aff3a3c15bc775f5,EX99_PRESS_RELEASE,B,distress_tier,,,
CHK-b11d29f7063e72c9,MDA,B,sentiment,,,
CHK-b11d29f7063e72c9,MDA,B,red_flags,,,
CHK-b11d29f7063e72c9,MDA,B,distress_tier,,,
CHK-b4356c0ad8af877c,MDA,B,sentiment,,,
CHK-b4356c0ad8af877c,MDA,B,red_flags,,,
CHK-b4356c0ad8af877c,MDA,B,distress_tier,,,
CHK-b60617ed92393772,RISK_FACTORS,B,red_flags,,,
CHK-b60617ed92393772,RISK_FACTORS,B,distress_tier,,,
CHK-bbab252046d492dd,MDA,B,sentiment,,,
CHK-bbab252046d492dd,MDA,B,red_flags,,,
CHK-bbab252046d492dd,MDA,B,distress_tier,,,
CHK-bf6f1b960f07100e,EX99_PRESS_RELEASE,B,sentiment,,,
CHK-bf6f1b960f07100e,EX99_PRESS_RELEASE,B,guidance_direction,,,
CHK-bf6f1b960f07100e,EX99_PRESS_RELEASE,B,red_flags,,,
CHK-bf6f1b960f07100e,EX99_PRESS_RELEASE,B,distress_tier,,,
CHK-c15c7aad0a480a12,EX99_PRESS_RELEASE,B,sentiment,,,
CHK-c15c7aad0a480a12,EX99_PRESS_RELEASE,B,guidance_direction,,,
CHK-c15c7aad0a480a12,EX99_PRESS_RELEASE,B,red_flags,,,
CHK-c15c7aad0a480a12,EX99_PRESS_RELEASE,B,distress_tier,,,
CHK-c6b067f640223944,EX99_PRESS_RELEASE,B,sentiment,,,
CHK-c6b067f640223944,EX99_PRESS_RELEASE,B,guidance_direction,,,
CHK-c6b067f640223944,EX99_PRESS_RELEASE,B,red_flags,,,
CHK-c6b067f640223944,EX99_PRESS_RELEASE,B,distress_tier,,,
CHK-c78bfe4041721e87,RISK_FACTORS,B,red_flags,,,
CHK-c78bfe4041721e87,RISK_FACTORS,B,distress_tier,,,
CHK-c796a9c7f045c0b6,RISK_FACTORS,B,red_flags,,,
CHK-c796a9c7f045c0b6,RISK_FACTORS,B,distress_tier,,,
CHK-c957b709aa48b529,EX99_PRESS_RELEASE,B,sentiment,,,
CHK-c957b709aa48b529,EX99_PRESS_RELEASE,B,guidance_direction,,,
CHK-c957b709aa48b529,EX99_PRESS_RELEASE,B,red_flags,,,
CHK-c957b709aa48b529,EX99_PRESS_RELEASE,B,distress_tier,,,
CHK-c9e7c1c305aeb2cc,EX99_PRESS_RELEASE,B,sentiment,,,
CHK-c9e7c1c305aeb2cc,EX99_PRESS_RELEASE,B,guidance_direction,,,
CHK-c9e7c1c305aeb2cc,EX99_PRESS_RELEASE,B,red_flags,,,
CHK-c9e7c1c305aeb2cc,EX99_PRESS_RELEASE,B,distress_tier,,,
CHK-cd90426dd4a1c920,EX99_PRESS_RELEASE,B,sentiment,,,
CHK-cd90426dd4a1c920,EX99_PRESS_RELEASE,B,guidance_direction,,,
CHK-cd90426dd4a1c920,EX99_PRESS_RELEASE,B,red_flags,,,
CHK-cd90426dd4a1c920,EX99_PRESS_RELEASE,B,distress_tier,,,
CHK-cdec63414c8b6577,EX99_PRESS_RELEASE,B,sentiment,,,
CHK-cdec63414c8b6577,EX99_PRESS_RELEASE,B,guidance_direction,,,
CHK-cdec63414c8b6577,EX99_PRESS_RELEASE,B,red_flags,,,
CHK-cdec63414c8b6577,EX99_PRESS_RELEASE,B,distress_tier,,,
CHK-d26852daff1496e9,EX99_PRESS_RELEASE,B,sentiment,,,
CHK-d26852daff1496e9,EX99_PRESS_RELEASE,B,guidance_direction,,,
CHK-d26852daff1496e9,EX99_PRESS_RELEASE,B,red_flags,,,
CHK-d26852daff1496e9,EX99_PRESS_RELEASE,B,distress_tier,,,
CHK-d30976f33906f7dc,EX99_PRESS_RELEASE,B,sentiment,,,
CHK-d30976f33906f7dc,EX99_PRESS_RELEASE,B,guidance_direction,,,
CHK-d30976f33906f7dc,EX99_PRESS_RELEASE,B,red_flags,,,
CHK-d30976f33906f7dc,EX99_PRESS_RELEASE,B,distress_tier,,,
CHK-d98216f40c3dbb93,MDA,B,sentiment,,,
CHK-d98216f40c3dbb93,MDA,B,red_flags,,,
CHK-d98216f40c3dbb93,MDA,B,distress_tier,,,
CHK-d9d78a52255063a0,EX99_PRESS_RELEASE,B,sentiment,,,
CHK-d9d78a52255063a0,EX99_PRESS_RELEASE,B,guidance_direction,,,
CHK-d9d78a52255063a0,EX99_PRESS_RELEASE,B,red_flags,,,
CHK-d9d78a52255063a0,EX99_PRESS_RELEASE,B,distress_tier,,,
CHK-da75a4ef420f558e,MDA,B,sentiment,,,
CHK-da75a4ef420f558e,MDA,B,red_flags,,,
CHK-da75a4ef420f558e,MDA,B,distress_tier,,,
CHK-dcc7029a434d74f7,MDA,B,sentiment,,,
CHK-dcc7029a434d74f7,MDA,B,red_flags,,,
CHK-dcc7029a434d74f7,MDA,B,distress_tier,,,
CHK-dd2feb0fef6d7570,EX99_PRESS_RELEASE,B,sentiment,,,
CHK-dd2feb0fef6d7570,EX99_PRESS_RELEASE,B,guidance_direction,,,
CHK-dd2feb0fef6d7570,EX99_PRESS_RELEASE,B,red_flags,,,
CHK-dd2feb0fef6d7570,EX99_PRESS_RELEASE,B,distress_tier,,,
CHK-dda29782280f072d,MDA,B,sentiment,,,
CHK-dda29782280f072d,MDA,B,red_flags,,,
CHK-dda29782280f072d,MDA,B,distress_tier,,,
CHK-e87f33fa020d37e7,EX99_PRESS_RELEASE,B,sentiment,,,
CHK-e87f33fa020d37e7,EX99_PRESS_RELEASE,B,guidance_direction,,,
CHK-e87f33fa020d37e7,EX99_PRESS_RELEASE,B,red_flags,,,
CHK-e87f33fa020d37e7,EX99_PRESS_RELEASE,B,distress_tier,,,
CHK-ec9c87b8d43e46e9,MDA,B,sentiment,,,
CHK-ec9c87b8d43e46e9,MDA,B,red_flags,,,
CHK-ec9c87b8d43e46e9,MDA,B,distress_tier,,,
CHK-ed5eadf97ba8d2e2,MDA,B,sentiment,,,
CHK-ed5eadf97ba8d2e2,MDA,B,red_flags,,,
CHK-ed5eadf97ba8d2e2,MDA,B,distress_tier,,,
CHK-ef45841b13a70a29,EX99_PRESS_RELEASE,B,sentiment,,,
CHK-ef45841b13a70a29,EX99_PRESS_RELEASE,B,guidance_direction,,,
CHK-ef45841b13a70a29,EX99_PRESS_RELEASE,B,red_flags,,,
CHK-ef45841b13a70a29,EX99_PRESS_RELEASE,B,distress_tier,,,
CHK-f057d33c4569dba2,MDA,B,sentiment,,,
CHK-f057d33c4569dba2,MDA,B,red_flags,,,
CHK-f057d33c4569dba2,MDA,B,distress_tier,,,
CHK-f0a4156898144c9e,EX99_PRESS_RELEASE,B,sentiment,,,
CHK-f0a4156898144c9e,EX99_PRESS_RELEASE,B,guidance_direction,,,
CHK-f0a4156898144c9e,EX99_PRESS_RELEASE,B,red_flags,,,
CHK-f0a4156898144c9e,EX99_PRESS_RELEASE,B,distress_tier,,,
CHK-f17c4c21c37c3cfd,EX99_PRESS_RELEASE,B,sentiment,,,
CHK-f17c4c21c37c3cfd,EX99_PRESS_RELEASE,B,guidance_direction,,,
CHK-f17c4c21c37c3cfd,EX99_PRESS_RELEASE,B,red_flags,,,
CHK-f17c4c21c37c3cfd,EX99_PRESS_RELEASE,B,distress_tier,,,
CHK-f201c5d9b84f4d83,EX99_PRESS_RELEASE,B,sentiment,,,
CHK-f201c5d9b84f4d83,EX99_PRESS_RELEASE,B,guidance_direction,,,
CHK-f201c5d9b84f4d83,EX99_PRESS_RELEASE,B,red_flags,,,
CHK-f201c5d9b84f4d83,EX99_PRESS_RELEASE,B,distress_tier,,,
CHK-f3c05b72c0a232e0,EX99_PRESS_RELEASE,B,sentiment,,,
CHK-f3c05b72c0a232e0,EX99_PRESS_RELEASE,B,guidance_direction,,,
CHK-f3c05b72c0a232e0,EX99_PRESS_RELEASE,B,red_flags,,,
CHK-f3c05b72c0a232e0,EX99_PRESS_RELEASE,B,distress_tier,,,
CHK-f50efc4f79f92aba,RISK_FACTORS,B,red_flags,,,
CHK-f50efc4f79f92aba,RISK_FACTORS,B,distress_tier,,,
CHK-f71e38c6bf598662,MDA,B,sentiment,,,
CHK-f71e38c6bf598662,MDA,B,red_flags,,,
CHK-f71e38c6bf598662,MDA,B,distress_tier,,,
CHK-fb32e585a26a5d81,EX99_PRESS_RELEASE,B,sentiment,,,
CHK-fb32e585a26a5d81,EX99_PRESS_RELEASE,B,guidance_direction,,,
CHK-fb32e585a26a5d81,EX99_PRESS_RELEASE,B,red_flags,,,
CHK-fb32e585a26a5d81,EX99_PRESS_RELEASE,B,distress_tier,,,
CHK-fb62eba16dc251ce,EX99_PRESS_RELEASE,B,sentiment,,,
CHK-fb62eba16dc251ce,EX99_PRESS_RELEASE,B,guidance_direction,,,
CHK-fb62eba16dc251ce,EX99_PRESS_RELEASE,B,red_flags,,,
CHK-fb62eba16dc251ce,EX99_PRESS_RELEASE,B,distress_tier,,,
CHK-fed17f438da895cd,EX99_PRESS_RELEASE,B,sentiment,,,
CHK-fed17f438da895cd,EX99_PRESS_RELEASE,B,guidance_direction,,,
CHK-fed17f438da895cd,EX99_PRESS_RELEASE,B,red_flags,,,
CHK-fed17f438da895cd,EX99_PRESS_RELEASE,B,distress_tier,,,
CHK-05ef3f137c175785,RISK_FACTORS,D,red_flags,,,
CHK-05ef3f137c175785,RISK_FACTORS,D,distress_tier,,,
CHK-07eed8cfa3cc6947,RISK_FACTORS,D,red_flags,,,
CHK-07eed8cfa3cc6947,RISK_FACTORS,D,distress_tier,,,
CHK-088e7e55e663a543,RISK_FACTORS,D,red_flags,,,
CHK-088e7e55e663a543,RISK_FACTORS,D,distress_tier,,,
CHK-0b5e321f5a9b7dc3,MDA,D,sentiment,,,
CHK-0b5e321f5a9b7dc3,MDA,D,red_flags,,,
CHK-0b5e321f5a9b7dc3,MDA,D,distress_tier,,,
CHK-0b7d0c893230c96f,RISK_FACTORS,D,red_flags,,,
CHK-0b7d0c893230c96f,RISK_FACTORS,D,distress_tier,,,
CHK-15093bf4b3d166ff,RISK_FACTORS,D,red_flags,,,
CHK-15093bf4b3d166ff,RISK_FACTORS,D,distress_tier,,,
CHK-17591ccad12655fe,MDA,D,sentiment,,,
CHK-17591ccad12655fe,MDA,D,red_flags,,,
CHK-17591ccad12655fe,MDA,D,distress_tier,,,
CHK-20a6b53a4954df29,EX99_PRESS_RELEASE,D,sentiment,,,
CHK-20a6b53a4954df29,EX99_PRESS_RELEASE,D,guidance_direction,,,
CHK-20a6b53a4954df29,EX99_PRESS_RELEASE,D,red_flags,,,
CHK-20a6b53a4954df29,EX99_PRESS_RELEASE,D,distress_tier,,,
CHK-25beb436152f29d8,MDA,D,sentiment,,,
CHK-25beb436152f29d8,MDA,D,red_flags,,,
CHK-25beb436152f29d8,MDA,D,distress_tier,,,
CHK-286abfb2fd30a6b3,RISK_FACTORS,D,red_flags,,,
CHK-286abfb2fd30a6b3,RISK_FACTORS,D,distress_tier,,,
CHK-2a15698f98209cf0,MDA,D,sentiment,,,
CHK-2a15698f98209cf0,MDA,D,red_flags,,,
CHK-2a15698f98209cf0,MDA,D,distress_tier,,,
CHK-321affda719793c4,EX99_PRESS_RELEASE,D,sentiment,,,
CHK-321affda719793c4,EX99_PRESS_RELEASE,D,guidance_direction,,,
CHK-321affda719793c4,EX99_PRESS_RELEASE,D,red_flags,,,
CHK-321affda719793c4,EX99_PRESS_RELEASE,D,distress_tier,,,
CHK-368b20f81522585c,RISK_FACTORS,D,red_flags,,,
CHK-368b20f81522585c,RISK_FACTORS,D,distress_tier,,,
CHK-378cdfb3414be188,RISK_FACTORS,D,red_flags,,,
CHK-378cdfb3414be188,RISK_FACTORS,D,distress_tier,,,
CHK-37b69f32d979b5da,MDA,D,sentiment,,,
CHK-37b69f32d979b5da,MDA,D,red_flags,,,
CHK-37b69f32d979b5da,MDA,D,distress_tier,,,
CHK-39e6bb4c54f4be8b,MDA,D,sentiment,,,
CHK-39e6bb4c54f4be8b,MDA,D,red_flags,,,
CHK-39e6bb4c54f4be8b,MDA,D,distress_tier,,,
CHK-3a7cf6e2ea024596,MDA,D,sentiment,,,
CHK-3a7cf6e2ea024596,MDA,D,red_flags,,,
CHK-3a7cf6e2ea024596,MDA,D,distress_tier,,,
CHK-3c02dabf73fb5f37,EX99_PRESS_RELEASE,D,sentiment,,,
CHK-3c02dabf73fb5f37,EX99_PRESS_RELEASE,D,guidance_direction,,,
CHK-3c02dabf73fb5f37,EX99_PRESS_RELEASE,D,red_flags,,,
CHK-3c02dabf73fb5f37,EX99_PRESS_RELEASE,D,distress_tier,,,
CHK-3c73ed96af6165e6,MDA,D,sentiment,,,
CHK-3c73ed96af6165e6,MDA,D,red_flags,,,
CHK-3c73ed96af6165e6,MDA,D,distress_tier,,,
CHK-3d2e5b82722115a5,RISK_FACTORS,D,red_flags,,,
CHK-3d2e5b82722115a5,RISK_FACTORS,D,distress_tier,,,
CHK-4021cf34364c90ea,MDA,D,sentiment,,,
CHK-4021cf34364c90ea,MDA,D,red_flags,,,
CHK-4021cf34364c90ea,MDA,D,distress_tier,,,
CHK-4109592975a06e4e,RISK_FACTORS,D,red_flags,,,
CHK-4109592975a06e4e,RISK_FACTORS,D,distress_tier,,,
CHK-4c4be355fa558aab,MDA,D,sentiment,,,
CHK-4c4be355fa558aab,MDA,D,red_flags,,,
CHK-4c4be355fa558aab,MDA,D,distress_tier,,,
CHK-5886543cb23ac6ef,MDA,D,sentiment,,,
CHK-5886543cb23ac6ef,MDA,D,red_flags,,,
CHK-5886543cb23ac6ef,MDA,D,distress_tier,,,
CHK-5a1019a3cdc93587,RISK_FACTORS,D,red_flags,,,
CHK-5a1019a3cdc93587,RISK_FACTORS,D,distress_tier,,,
CHK-5b27b3fb37e80adb,RISK_FACTORS,D,red_flags,,,
CHK-5b27b3fb37e80adb,RISK_FACTORS,D,distress_tier,,,
CHK-64850eff9d35a067,MDA,D,sentiment,,,
CHK-64850eff9d35a067,MDA,D,red_flags,,,
CHK-64850eff9d35a067,MDA,D,distress_tier,,,
CHK-66a6349cf2ada191,RISK_FACTORS,D,red_flags,,,
CHK-66a6349cf2ada191,RISK_FACTORS,D,distress_tier,,,
CHK-6bba885b1dcf8678,RISK_FACTORS,D,red_flags,,,
CHK-6bba885b1dcf8678,RISK_FACTORS,D,distress_tier,,,
CHK-6c4fc11022d87c7c,EX99_PRESS_RELEASE,D,sentiment,,,
CHK-6c4fc11022d87c7c,EX99_PRESS_RELEASE,D,guidance_direction,,,
CHK-6c4fc11022d87c7c,EX99_PRESS_RELEASE,D,red_flags,,,
CHK-6c4fc11022d87c7c,EX99_PRESS_RELEASE,D,distress_tier,,,
CHK-6fb2d683aa33ce99,RISK_FACTORS,D,red_flags,,,
CHK-6fb2d683aa33ce99,RISK_FACTORS,D,distress_tier,,,
CHK-70363897314aec8c,EX99_PRESS_RELEASE,D,sentiment,,,
CHK-70363897314aec8c,EX99_PRESS_RELEASE,D,guidance_direction,,,
CHK-70363897314aec8c,EX99_PRESS_RELEASE,D,red_flags,,,
CHK-70363897314aec8c,EX99_PRESS_RELEASE,D,distress_tier,,,
CHK-7d176e05964d934d,EX99_PRESS_RELEASE,D,sentiment,,,
CHK-7d176e05964d934d,EX99_PRESS_RELEASE,D,guidance_direction,,,
CHK-7d176e05964d934d,EX99_PRESS_RELEASE,D,red_flags,,,
CHK-7d176e05964d934d,EX99_PRESS_RELEASE,D,distress_tier,,,
CHK-7e4708622046a2c1,MDA,D,sentiment,,,
CHK-7e4708622046a2c1,MDA,D,red_flags,,,
CHK-7e4708622046a2c1,MDA,D,distress_tier,,,
CHK-80f17c876ef344ca,MDA,D,sentiment,,,
CHK-80f17c876ef344ca,MDA,D,red_flags,,,
CHK-80f17c876ef344ca,MDA,D,distress_tier,,,
CHK-852e0c0bf78e3692,EX99_PRESS_RELEASE,D,sentiment,,,
CHK-852e0c0bf78e3692,EX99_PRESS_RELEASE,D,guidance_direction,,,
CHK-852e0c0bf78e3692,EX99_PRESS_RELEASE,D,red_flags,,,
CHK-852e0c0bf78e3692,EX99_PRESS_RELEASE,D,distress_tier,,,
CHK-9c4e6f3861daa896,RISK_FACTORS,D,red_flags,,,
CHK-9c4e6f3861daa896,RISK_FACTORS,D,distress_tier,,,
CHK-9f0b2da3d160f1ce,MDA,D,sentiment,,,
CHK-9f0b2da3d160f1ce,MDA,D,red_flags,,,
CHK-9f0b2da3d160f1ce,MDA,D,distress_tier,,,
CHK-a7d76130e34abdd1,MDA,D,sentiment,,,
CHK-a7d76130e34abdd1,MDA,D,red_flags,,,
CHK-a7d76130e34abdd1,MDA,D,distress_tier,,,
CHK-aae8a7ee6ec50acd,MDA,D,sentiment,,,
CHK-aae8a7ee6ec50acd,MDA,D,red_flags,,,
CHK-aae8a7ee6ec50acd,MDA,D,distress_tier,,,
CHK-ab593457a437b4e1,MDA,D,sentiment,,,
CHK-ab593457a437b4e1,MDA,D,red_flags,,,
CHK-ab593457a437b4e1,MDA,D,distress_tier,,,
CHK-b09b54bfe2a3c3ac,RISK_FACTORS,D,red_flags,,,
CHK-b09b54bfe2a3c3ac,RISK_FACTORS,D,distress_tier,,,
CHK-b330e1132e44a7b6,MDA,D,sentiment,,,
CHK-b330e1132e44a7b6,MDA,D,red_flags,,,
CHK-b330e1132e44a7b6,MDA,D,distress_tier,,,
CHK-b864f22ed7db9217,MDA,D,sentiment,,,
CHK-b864f22ed7db9217,MDA,D,red_flags,,,
CHK-b864f22ed7db9217,MDA,D,distress_tier,,,
CHK-ba6e7942384ae878,MDA,D,sentiment,,,
CHK-ba6e7942384ae878,MDA,D,red_flags,,,
CHK-ba6e7942384ae878,MDA,D,distress_tier,,,
CHK-c312bb3593eb146c,MDA,D,sentiment,,,
CHK-c312bb3593eb146c,MDA,D,red_flags,,,
CHK-c312bb3593eb146c,MDA,D,distress_tier,,,
CHK-c4b5970980b73de4,RISK_FACTORS,D,red_flags,,,
CHK-c4b5970980b73de4,RISK_FACTORS,D,distress_tier,,,
CHK-c581beb3550aab2a,RISK_FACTORS,D,red_flags,,,
CHK-c581beb3550aab2a,RISK_FACTORS,D,distress_tier,,,
CHK-ce7990b4e2b41572,MDA,D,sentiment,,,
CHK-ce7990b4e2b41572,MDA,D,red_flags,,,
CHK-ce7990b4e2b41572,MDA,D,distress_tier,,,
CHK-d53a38bf4a53dae4,MDA,D,sentiment,,,
CHK-d53a38bf4a53dae4,MDA,D,red_flags,,,
CHK-d53a38bf4a53dae4,MDA,D,distress_tier,,,
CHK-e160279f1e0089c8,MDA,D,sentiment,,,
CHK-e160279f1e0089c8,MDA,D,red_flags,,,
CHK-e160279f1e0089c8,MDA,D,distress_tier,,,
CHK-e5bf4c921a594f50,MDA,D,sentiment,,,
CHK-e5bf4c921a594f50,MDA,D,red_flags,,,
CHK-e5bf4c921a594f50,MDA,D,distress_tier,,,
CHK-e61d787afb309069,MDA,D,sentiment,,,
CHK-e61d787afb309069,MDA,D,red_flags,,,
CHK-e61d787afb309069,MDA,D,distress_tier,,,
CHK-e6a37610b8769959,MDA,D,sentiment,,,
CHK-e6a37610b8769959,MDA,D,red_flags,,,
CHK-e6a37610b8769959,MDA,D,distress_tier,,,
CHK-e6eb4842fe47b268,RISK_FACTORS,D,red_flags,,,
CHK-e6eb4842fe47b268,RISK_FACTORS,D,distress_tier,,,
CHK-f19db19d49816c95,RISK_FACTORS,D,red_flags,,,
CHK-f19db19d49816c95,RISK_FACTORS,D,distress_tier,,,
CHK-f40924b77ec1535a,MDA,D,sentiment,,,
CHK-f40924b77ec1535a,MDA,D,red_flags,,,
CHK-f40924b77ec1535a,MDA,D,distress_tier,,,
CHK-f835bf31a628d2d1,MDA,D,sentiment,,,
CHK-f835bf31a628d2d1,MDA,D,red_flags,,,
CHK-f835bf31a628d2d1,MDA,D,distress_tier,,,
CHK-fb0e7c9ca6bf58b6,RISK_FACTORS,D,red_flags,,,
CHK-fb0e7c9ca6bf58b6,RISK_FACTORS,D,distress_tier,,,
CHK-fce3210a0898ec84,RISK_FACTORS,D,red_flags,,,
CHK-fce3210a0898ec84,RISK_FACTORS,D,distress_tier,,,
CHK-0460c6456ef03e09,MDA,C,sentiment,,,
CHK-0460c6456ef03e09,MDA,C,red_flags,,,
CHK-0460c6456ef03e09,MDA,C,distress_tier,,,
CHK-1d60a235910ad302,MDA,C,sentiment,,,
CHK-1d60a235910ad302,MDA,C,red_flags,,,
CHK-1d60a235910ad302,MDA,C,distress_tier,,,
CHK-1def162ac0626a5a,RISK_FACTORS,C,red_flags,,,
CHK-1def162ac0626a5a,RISK_FACTORS,C,distress_tier,,,
CHK-373e8670b6d955b0,MDA,C,sentiment,,,
CHK-373e8670b6d955b0,MDA,C,red_flags,,,
CHK-373e8670b6d955b0,MDA,C,distress_tier,,,
CHK-37d29ec6ac235ba0,MDA,C,sentiment,,,
CHK-37d29ec6ac235ba0,MDA,C,red_flags,,,
CHK-37d29ec6ac235ba0,MDA,C,distress_tier,,,
CHK-439d0a52f40682b3,EX99_PRESS_RELEASE,C,sentiment,,,
CHK-439d0a52f40682b3,EX99_PRESS_RELEASE,C,guidance_direction,,,
CHK-439d0a52f40682b3,EX99_PRESS_RELEASE,C,red_flags,,,
CHK-439d0a52f40682b3,EX99_PRESS_RELEASE,C,distress_tier,,,
CHK-488ef0aea1fef3ec,MDA,C,sentiment,,,
CHK-488ef0aea1fef3ec,MDA,C,red_flags,,,
CHK-488ef0aea1fef3ec,MDA,C,distress_tier,,,
CHK-495d24ca5c3468b4,RISK_FACTORS,C,red_flags,,,
CHK-495d24ca5c3468b4,RISK_FACTORS,C,distress_tier,,,
CHK-4f33afea51c76a4b,MDA,C,sentiment,,,
CHK-4f33afea51c76a4b,MDA,C,red_flags,,,
CHK-4f33afea51c76a4b,MDA,C,distress_tier,,,
CHK-63dab9777d4ececc,MDA,C,sentiment,,,
CHK-63dab9777d4ececc,MDA,C,red_flags,,,
CHK-63dab9777d4ececc,MDA,C,distress_tier,,,
CHK-685449dac29e4a72,MDA,C,sentiment,,,
CHK-685449dac29e4a72,MDA,C,red_flags,,,
CHK-685449dac29e4a72,MDA,C,distress_tier,,,
CHK-69ed2c9e4573621c,RISK_FACTORS,C,red_flags,,,
CHK-69ed2c9e4573621c,RISK_FACTORS,C,distress_tier,,,
CHK-6ee72154bd45ec80,MDA,C,sentiment,,,
CHK-6ee72154bd45ec80,MDA,C,red_flags,,,
CHK-6ee72154bd45ec80,MDA,C,distress_tier,,,
CHK-759bd7ca5d662f84,RISK_FACTORS,C,red_flags,,,
CHK-759bd7ca5d662f84,RISK_FACTORS,C,distress_tier,,,
CHK-7e30eb39ad94ac31,EX99_PRESS_RELEASE,C,sentiment,,,
CHK-7e30eb39ad94ac31,EX99_PRESS_RELEASE,C,guidance_direction,,,
CHK-7e30eb39ad94ac31,EX99_PRESS_RELEASE,C,red_flags,,,
CHK-7e30eb39ad94ac31,EX99_PRESS_RELEASE,C,distress_tier,,,
CHK-7f0695a761539f1f,EX99_PRESS_RELEASE,C,sentiment,,,
CHK-7f0695a761539f1f,EX99_PRESS_RELEASE,C,guidance_direction,,,
CHK-7f0695a761539f1f,EX99_PRESS_RELEASE,C,red_flags,,,
CHK-7f0695a761539f1f,EX99_PRESS_RELEASE,C,distress_tier,,,
CHK-84fce84e8a03562e,MDA,C,sentiment,,,
CHK-84fce84e8a03562e,MDA,C,red_flags,,,
CHK-84fce84e8a03562e,MDA,C,distress_tier,,,
CHK-905ff436471d8ddd,MDA,C,sentiment,,,
CHK-905ff436471d8ddd,MDA,C,red_flags,,,
CHK-905ff436471d8ddd,MDA,C,distress_tier,,,
CHK-9ec26476dac2b37d,MDA,C,sentiment,,,
CHK-9ec26476dac2b37d,MDA,C,red_flags,,,
CHK-9ec26476dac2b37d,MDA,C,distress_tier,,,
CHK-a045e5fc55276c7f,RISK_FACTORS,C,red_flags,,,
CHK-a045e5fc55276c7f,RISK_FACTORS,C,distress_tier,,,
CHK-a05fd4cd427efd05,MDA,C,sentiment,,,
CHK-a05fd4cd427efd05,MDA,C,red_flags,,,
CHK-a05fd4cd427efd05,MDA,C,distress_tier,,,
CHK-a4c88f8c6f8e09a4,RISK_FACTORS,C,red_flags,,,
CHK-a4c88f8c6f8e09a4,RISK_FACTORS,C,distress_tier,,,
CHK-b15e159ac224a2ae,MDA,C,sentiment,,,
CHK-b15e159ac224a2ae,MDA,C,red_flags,,,
CHK-b15e159ac224a2ae,MDA,C,distress_tier,,,
CHK-b5039a0459268366,MDA,C,sentiment,,,
CHK-b5039a0459268366,MDA,C,red_flags,,,
CHK-b5039a0459268366,MDA,C,distress_tier,,,
CHK-ba71626c30a964a9,RISK_FACTORS,C,red_flags,,,
CHK-ba71626c30a964a9,RISK_FACTORS,C,distress_tier,,,
CHK-bad78b83459c59b2,RISK_FACTORS,C,red_flags,,,
CHK-bad78b83459c59b2,RISK_FACTORS,C,distress_tier,,,
CHK-c28fef28994f427d,EX99_PRESS_RELEASE,C,sentiment,,,
CHK-c28fef28994f427d,EX99_PRESS_RELEASE,C,guidance_direction,,,
CHK-c28fef28994f427d,EX99_PRESS_RELEASE,C,red_flags,,,
CHK-c28fef28994f427d,EX99_PRESS_RELEASE,C,distress_tier,,,
CHK-c964bb22b6f66988,MDA,C,sentiment,,,
CHK-c964bb22b6f66988,MDA,C,red_flags,,,
CHK-c964bb22b6f66988,MDA,C,distress_tier,,,
CHK-cfa4bc399e5ead9a,EX99_PRESS_RELEASE,C,sentiment,,,
CHK-cfa4bc399e5ead9a,EX99_PRESS_RELEASE,C,guidance_direction,,,
CHK-cfa4bc399e5ead9a,EX99_PRESS_RELEASE,C,red_flags,,,
CHK-cfa4bc399e5ead9a,EX99_PRESS_RELEASE,C,distress_tier,,,
CHK-d19832deac747b17,MDA,C,sentiment,,,
CHK-d19832deac747b17,MDA,C,red_flags,,,
CHK-d19832deac747b17,MDA,C,distress_tier,,,
CHK-d2d2b5777f232b72,EX99_PRESS_RELEASE,C,sentiment,,,
CHK-d2d2b5777f232b72,EX99_PRESS_RELEASE,C,guidance_direction,,,
CHK-d2d2b5777f232b72,EX99_PRESS_RELEASE,C,red_flags,,,
CHK-d2d2b5777f232b72,EX99_PRESS_RELEASE,C,distress_tier,,,
CHK-e4db6e68025eb549,MDA,C,sentiment,,,
CHK-e4db6e68025eb549,MDA,C,red_flags,,,
CHK-e4db6e68025eb549,MDA,C,distress_tier,,,
CHK-ecfcc62665911378,MDA,C,sentiment,,,
CHK-ecfcc62665911378,MDA,C,red_flags,,,
CHK-ecfcc62665911378,MDA,C,distress_tier,,,
CHK-f76b79fc7069ee7b,MDA,C,sentiment,,,
CHK-f76b79fc7069ee7b,MDA,C,red_flags,,,
CHK-f76b79fc7069ee7b,MDA,C,distress_tier,,,
CHK-f7d5f42da5371f07,MDA,C,sentiment,,,
CHK-f7d5f42da5371f07,MDA,C,red_flags,,,
CHK-f7d5f42da5371f07,MDA,C,distress_tier,,,
CHK-f8d0455ae0b2c881,MDA,C,sentiment,,,
CHK-f8d0455ae0b2c881,MDA,C,red_flags,,,
CHK-f8d0455ae0b2c881,MDA,C,distress_tier,,,
