cik,sector,family,state,severity,coverage,tags_seen,n_rows_affected,features_affected
45012,energy,cash,OVERLAP,UNRESOLVED,1.0,CashCashEquivalentsRestrictedCashAndRestrictedCashEquivalents|CashAndCashEquivalentsAtCarryingValue|CashCashEquivalentsRestrictedCashAndRestrictedCashEquivalentsIncludingDisposalGroupAndDiscontinuedOperations,144,cash_to_assets
50863,tech,cash,OVERLAP,UNRESOLVED,0.9091,CashAndCashEquivalentsAtCarryingValue|CashCashEquivalentsRestrictedCashAndRestrictedCashEquivalents|CashCashEquivalentsRestrictedCashAndRestrictedCashEquivalentsIncludingDisposalGroupAndDiscontinuedOperations|Cash,208,cash_to_assets
1103982,consumer,cash,PARTIAL,UNRESOLVED,0.7273,CashCashEquivalentsRestrictedCashAndRestrictedCashEquivalents,211,cash_to_assets
1067983,financials,eps_diluted,ABSENT,UNRESOLVED,0.0,,116,eps_diluted_yoy_growth
1161154,energy,eps_diluted,PARTIAL,UNRESOLVED,0.4444,NetIncomeLossNetOfTaxPerOutstandingLimitedPartnershipUnitDiluted,57,eps_diluted_yoy_growth
1222333,financials,eps_diluted,ABSENT,UNRESOLVED,0.0,,14,eps_diluted_yoy_growth
1403161,financials,eps_diluted,ABSENT,UNRESOLVED,0.0,,185,eps_diluted_yoy_growth
1404912,financials,eps_diluted,ABSENT,UNRESOLVED,0.0,,18,eps_diluted_yoy_growth
1552000,energy,eps_diluted,PARTIAL,UNRESOLVED,0.625,NetIncomeLossNetOfTaxPerOutstandingLimitedPartnershipUnitDiluted,12,eps_diluted_yoy_growth
1618921,consumer,eps_diluted,PARTIAL,UNRESOLVED,0.8125,EarningsPerShareDiluted,18,eps_diluted_yoy_growth
1222333,financials,equity,ABSENT,UNRESOLVED,0.0,,14,equity_to_assets|book_to_market
1800,healthcare,liabilities,ABSENT,UNRESOLVED,0.0,,161,leverage_liabilities_to_assets
2488,tech,liabilities,ABSENT,UNRESOLVED,0.0,,83,leverage_liabilities_to_assets
6769,energy,liabilities,ABSENT,UNRESOLVED,0.0,,54,leverage_liabilities_to_assets
10795,healthcare,liabilities,ABSENT,UNRESOLVED,0.0,,144,leverage_liabilities_to_assets
21344,consumer,liabilities,ABSENT,UNRESOLVED,0.0,,178,leverage_liabilities_to_assets
27419,consumer,liabilities,ABSENT,UNRESOLVED,0.0,,56,leverage_liabilities_to_assets
47217,tech,liabilities,ABSENT,UNRESOLVED,0.0,,67,leverage_liabilities_to_assets
50863,tech,liabilities,ABSENT,UNRESOLVED,0.0,,208,leverage_liabilities_to_assets
59478,healthcare,liabilities,ABSENT,UNRESOLVED,0.0,,145,leverage_liabilities_to_assets
62709,financials,liabilities,ABSENT,UNRESOLVED,0.0,,84,leverage_liabilities_to_assets
63908,consumer,liabilities,ABSENT,UNRESOLVED,0.0,,165,leverage_liabilities_to_assets
89800,consumer,liabilities,ABSENT,UNRESOLVED,0.0,,55,leverage_liabilities_to_assets
104169,consumer,liabilities,ABSENT,UNRESOLVED,0.0,,171,leverage_liabilities_to_assets
107263,energy,liabilities,ABSENT,UNRESOLVED,0.0,,162,leverage_liabilities_to_assets
109198,consumer,liabilities,ABSENT,UNRESOLVED,0.0,,13,leverage_liabilities_to_assets
310158,healthcare,liabilities,ABSENT,UNRESOLVED,0.0,,122,leverage_liabilities_to_assets
318154,healthcare,liabilities,ABSENT,UNRESOLVED,0.0,,154,leverage_liabilities_to_assets
320187,consumer,liabilities,ABSENT,UNRESOLVED,0.0,,143,leverage_liabilities_to_assets
769397,tech,liabilities,ABSENT,UNRESOLVED,0.0,,14,leverage_liabilities_to_assets
773910,energy,liabilities,ABSENT,UNRESOLVED,0.0,,55,leverage_liabilities_to_assets
797468,energy,liabilities,ABSENT,UNRESOLVED,0.0,,191,leverage_liabilities_to_assets
813672,tech,liabilities,ABSENT,UNRESOLVED,0.0,,14,leverage_liabilities_to_assets
821189,energy,liabilities,ABSENT,UNRESOLVED,0.0,,169,leverage_liabilities_to_assets
882095,healthcare,liabilities,ABSENT,UNRESOLVED,0.0,,117,leverage_liabilities_to_assets
885725,healthcare,liabilities,ABSENT,UNRESOLVED,0.0,,97,leverage_liabilities_to_assets
927653,healthcare,liabilities,ABSENT,UNRESOLVED,0.0,,56,leverage_liabilities_to_assets
1001039,consumer,liabilities,ABSENT,UNRESOLVED,0.0,,68,leverage_liabilities_to_assets
1001250,consumer,liabilities,ABSENT,UNRESOLVED,0.0,,14,leverage_liabilities_to_assets
1012569,energy,liabilities,ABSENT,UNRESOLVED,0.0,,34,leverage_liabilities_to_assets
1018724,consumer,liabilities,ABSENT,UNRESOLVED,0.0,,145,leverage_liabilities_to_assets
1035002,energy,liabilities,ABSENT,UNRESOLVED,0.0,,163,leverage_liabilities_to_assets
1038357,energy,liabilities,ABSENT,UNRESOLVED,0.0,,162,leverage_liabilities_to_assets
1039684,energy,liabilities,ABSENT,UNRESOLVED,0.0,,304,leverage_liabilities_to_assets
1061219,energy,liabilities,ABSENT,UNRESOLVED,0.0,,159,leverage_liabilities_to_assets
1090012,energy,liabilities,ABSENT,UNRESOLVED,0.0,,105,leverage_liabilities_to_assets
1091667,consumer,liabilities,ABSENT,UNRESOLVED,0.0,,117,leverage_liabilities_to_assets
1105705,consumer,liabilities,PARTIAL,UNRESOLVED,0.1667,Liabilities,28,leverage_liabilities_to_assets
1110803,healthcare,liabilities,ABSENT,UNRESOLVED,0.0,,22,leverage_liabilities_to_assets
1126975,energy,liabilities,ABSENT,UNRESOLVED,0.0,,25,leverage_liabilities_to_assets
1161154,energy,liabilities,PARTIAL,UNRESOLVED,0.1667,Liabilities,57,leverage_liabilities_to_assets
1166691,consumer,liabilities,ABSENT,UNRESOLVED,0.0,,195,leverage_liabilities_to_assets
1276187,energy,liabilities,ABSENT,UNRESOLVED,0.0,,145,leverage_liabilities_to_assets
1341439,tech,liabilities,ABSENT,UNRESOLVED,0.0,,131,leverage_liabilities_to_assets
1358071,energy,liabilities,ABSENT,UNRESOLVED,0.0,,41,leverage_liabilities_to_assets
1373835,energy,liabilities,ABSENT,UNRESOLVED,0.0,,18,leverage_liabilities_to_assets
1389170,energy,liabilities,ABSENT,UNRESOLVED,0.0,,19,leverage_liabilities_to_assets
1483096,energy,liabilities,ABSENT,UNRESOLVED,0.0,,37,leverage_liabilities_to_assets
1551152,healthcare,liabilities,ABSENT,UNRESOLVED,0.0,,189,leverage_liabilities_to_assets
1618921,consumer,liabilities,ABSENT,UNRESOLVED,0.0,,18,leverage_liabilities_to_assets
1645590,tech,liabilities,PARTIAL,UNRESOLVED,0.0625,Liabilities,18,leverage_liabilities_to_assets
1744489,consumer,liabilities,ABSENT,UNRESOLVED,0.0,,86,leverage_liabilities_to_assets
1099800,healthcare,net_income,PARTIAL,UNRESOLVED,0.6875,ProfitLoss|NetIncomeLoss,13,net_margin|net_income_yoy_growth
10795,healthcare,operating_cash_flow,OVERLAP,UNRESOLVED,1.0,NetCashProvidedByUsedInOperatingActivities|NetCashProvidedByUsedInOperatingActivitiesContinuingOperations,144,operating_cashflow_to_revenue
4447,energy,operating_income,ABSENT,UNRESOLVED,0.0,,78,operating_margin
5272,financials,operating_income,ABSENT,UNRESOLVED,0.0,,112,operating_margin
8670,tech,operating_income,ABSENT,UNRESOLVED,0.0,,122,operating_margin
14272,healthcare,operating_income,ABSENT,UNRESOLVED,0.0,,199,operating_margin
19617,financials,operating_income,ABSENT,UNRESOLVED,0.0,,348,operating_margin
34088,energy,operating_income,ABSENT,UNRESOLVED,0.0,,190,operating_margin
36104,financials,operating_income,ABSENT,UNRESOLVED,0.0,,181,operating_margin
37996,consumer,operating_income,PARTIAL,UNRESOLVED,0.5417,OperatingIncomeLoss,67,operating_margin
51143,tech,operating_income,ABSENT,UNRESOLVED,0.0,,231,operating_margin
59478,healthcare,operating_income,ABSENT,UNRESOLVED,0.0,,145,operating_margin
70858,financials,operating_income,ABSENT,UNRESOLVED,0.0,,177,operating_margin
72971,financials,operating_income,ABSENT,UNRESOLVED,0.0,,748,operating_margin
78003,healthcare,operating_income,ABSENT,UNRESOLVED,0.0,,175,operating_margin
80661,financials,operating_income,ABSENT,UNRESOLVED,0.0,,60,operating_margin
86312,financials,operating_income,PARTIAL,UNRESOLVED,0.0625,OperatingIncomeLoss,16,operating_margin
87347,energy,operating_income,PARTIAL,UNRESOLVED,0.7955,OperatingIncomeLoss,165,operating_margin
89800,consumer,operating_income,PARTIAL,UNRESOLVED,0.7812,OperatingIncomeLoss,55,operating_margin
92230,financials,operating_income,ABSENT,UNRESOLVED,0.0,,36,operating_margin
93410,energy,operating_income,ABSENT,UNRESOLVED,0.0,,169,operating_margin
200406,healthcare,operating_income,ABSENT,UNRESOLVED,0.0,,161,operating_margin
310158,healthcare,operating_income,ABSENT,UNRESOLVED,0.0,,122,operating_margin
316709,financials,operating_income,ABSENT,UNRESOLVED,0.0,,135,operating_margin
320187,consumer,operating_income,ABSENT,UNRESOLVED,0.0,,143,operating_margin
701221,healthcare,operating_income,ABSENT,UNRESOLVED,0.0,,35,operating_margin
713676,financials,operating_income,ABSENT,UNRESOLVED,0.0,,158,operating_margin
797468,energy,operating_income,ABSENT,UNRESOLVED,0.0,,191,operating_margin
831001,financials,operating_income,ABSENT,UNRESOLVED,0.0,,286,operating_margin
886982,financials,operating_income,ABSENT,UNRESOLVED,0.0,,256,operating_margin
895421,financials,operating_income,ABSENT,UNRESOLVED,0.0,,151,operating_margin
896159,financials,operating_income,ABSENT,UNRESOLVED,0.0,,128,operating_margin
927628,financials,operating_income,ABSENT,UNRESOLVED,0.0,,93,operating_margin
1038357,energy,operating_income,ABSENT,UNRESOLVED,0.0,,162,operating_margin
1067983,financials,operating_income,ABSENT,UNRESOLVED,0.0,,116,operating_margin
1090012,energy,operating_income,PARTIAL,UNRESOLVED,0.2045,OperatingIncomeLoss,105,operating_margin
1099219,financials,operating_income,ABSENT,UNRESOLVED,0.0,,151,operating_margin
1122304,healthcare,operating_income,ABSENT,UNRESOLVED,0.0,,57,operating_margin
1137774,financials,operating_income,ABSENT,UNRESOLVED,0.0,,41,operating_margin
1163165,energy,operating_income,ABSENT,UNRESOLVED,0.0,,142,operating_margin
1222333,financials,operating_income,PARTIAL,UNRESOLVED,0.15,OperatingIncomeLoss,14,operating_margin
1390777,financials,operating_income,ABSENT,UNRESOLVED,0.0,,80,operating_margin
1393612,financials,operating_income,ABSENT,UNRESOLVED,0.0,,28,operating_margin
1393818,financials,operating_income,ABSENT,UNRESOLVED,0.0,,35,operating_margin
1404912,financials,operating_income,ABSENT,UNRESOLVED,0.0,,18,operating_margin
1534701,energy,operating_income,ABSENT,UNRESOLVED,0.0,,161,operating_margin
1552000,energy,operating_income,PARTIAL,UNRESOLVED,0.4375,OperatingIncomeLoss,12,operating_margin
1555280,healthcare,operating_income,ABSENT,UNRESOLVED,0.0,,103,operating_margin
6769,energy,revenue,OVERLAP,UNRESOLVED,0.7917,Revenues|RevenueFromContractWithCustomerIncludingAssessedTax|RevenueFromContractWithCustomerExcludingAssessedTax,54,net_margin|operating_margin|operating_cashflow_to_revenue|revenue_yoy_growth
106040,tech,revenue,ABSENT,UNRESOLVED,0.0,,32,net_margin|operating_margin|operating_cashflow_to_revenue|revenue_yoy_growth
109198,consumer,revenue,PARTIAL,UNRESOLVED,0.6875,RevenueFromContractWithCustomerIncludingAssessedTax|Revenues,13,net_margin|operating_margin|operating_cashflow_to_revenue|revenue_yoy_growth
723125,tech,revenue,ABSENT,UNRESOLVED,0.0,,30,net_margin|operating_margin|operating_cashflow_to_revenue|revenue_yoy_growth
798354,financials,revenue,OVERLAP,UNRESOLVED,1.0,Revenues|RevenueFromContractWithCustomerExcludingAssessedTax,70,net_margin|operating_margin|operating_cashflow_to_revenue|revenue_yoy_growth
804753,tech,revenue,PARTIAL,UNRESOLVED,0.125,Revenues,14,net_margin|operating_margin|operating_cashflow_to_revenue|revenue_yoy_growth
849399,tech,revenue,PARTIAL,UNRESOLVED,0.625,RevenueFromContractWithCustomerExcludingAssessedTax|RevenueFromContractWithCustomerIncludingAssessedTax,15,net_margin|operating_margin|operating_cashflow_to_revenue|revenue_yoy_growth
1001039,consumer,revenue,PARTIAL,UNRESOLVED,0.1333,Revenues,68,net_margin|operating_margin|operating_cashflow_to_revenue|revenue_yoy_growth
1065088,financials,revenue,ABSENT,UNRESOLVED,0.0,,12,net_margin|operating_margin|operating_cashflow_to_revenue|revenue_yoy_growth
1137789,tech,revenue,PARTIAL,UNRESOLVED,0.25,Revenues,22,net_margin|operating_margin|operating_cashflow_to_revenue|revenue_yoy_growth
1222333,financials,revenue,ABSENT,UNRESOLVED,0.0,,14,net_margin|operating_margin|operating_cashflow_to_revenue|revenue_yoy_growth
1637459,consumer,revenue,PARTIAL,UNRESOLVED,0.7,RevenueFromContractWithCustomerIncludingAssessedTax,41,net_margin|operating_margin|operating_cashflow_to_revenue|revenue_yoy_growth
1800,healthcare,shares_outstanding,PARTIAL,UNRESOLVED,0.7442,EntityCommonStockSharesOutstanding,161,book_to_market
34088,energy,shares_outstanding,PARTIAL,UNRESOLVED,0.7442,EntityCommonStockSharesOutstanding,190,book_to_market
37996,consumer,shares_outstanding,ABSENT,UNRESOLVED,0.0,,67,book_to_market
92230,financials,shares_outstanding,PARTIAL,UNRESOLVED,0.7368,EntityCommonStockSharesOutstanding,36,book_to_market
316709,financials,shares_outstanding,PARTIAL,UNRESOLVED,0.6136,EntityCommonStockSharesOutstanding,135,book_to_market
320187,consumer,shares_outstanding,PARTIAL,UNRESOLVED,0.0227,EntityCommonStockSharesOutstanding,143,book_to_market
831001,financials,shares_outstanding,PARTIAL,UNRESOLVED,0.7442,EntityCommonStockSharesOutstanding,286,book_to_market
872589,healthcare,shares_outstanding,ABSENT,UNRESOLVED,0.0,,97,book_to_market
1001250,consumer,shares_outstanding,ABSENT,UNRESOLVED,0.0,,14,book_to_market
1067983,financials,shares_outstanding,ABSENT,UNRESOLVED,0.0,,116,book_to_market
1091667,consumer,shares_outstanding,PARTIAL,UNRESOLVED,0.1111,EntityCommonStockSharesOutstanding,117,book_to_market
1141391,financials,shares_outstanding,ABSENT,UNRESOLVED,0.0,,157,book_to_market
1156375,financials,shares_outstanding,ABSENT,UNRESOLVED,0.0,,121,book_to_market
1166691,consumer,shares_outstanding,ABSENT,UNRESOLVED,0.0,,195,book_to_market
1271024,tech,shares_outstanding,ABSENT,UNRESOLVED,0.0,,7,book_to_market
1321655,tech,shares_outstanding,ABSENT,UNRESOLVED,0.0,,2,book_to_market
1326801,tech,shares_outstanding,ABSENT,UNRESOLVED,0.0,,137,book_to_market
1373835,energy,shares_outstanding,PARTIAL,UNRESOLVED,0.7143,EntityCommonStockSharesOutstanding,18,book_to_market
1403161,financials,shares_outstanding,ABSENT,UNRESOLVED,0.0,,185,book_to_market
1512673,tech,shares_outstanding,ABSENT,UNRESOLVED,0.0,,12,book_to_market
1564408,tech,shares_outstanding,ABSENT,UNRESOLVED,0.0,,13,book_to_market
1585521,tech,shares_outstanding,ABSENT,UNRESOLVED,0.0,,27,book_to_market
1652044,tech,shares_outstanding,ABSENT,UNRESOLVED,0.0,,124,book_to_market
1782754,consumer,shares_outstanding,ABSENT,UNRESOLVED,0.0,,21,book_to_market
