cik,name,instant,filed,val,accn,form,reason
4127,"SKYWORKS SOLUTIONS, INC.",2011-04-01,2011-11-28,5808022900000000.0,0000004127-11-000015,10-K,above_ceiling
5272,"AMERICAN INTERNATIONAL GROUP, INC.",2008-06-30,2009-09-03,61753000000.0,0001104659-09-053270,10-Q/A,neighbour_jump
5272,"AMERICAN INTERNATIONAL GROUP, INC.",2008-06-30,2009-11-06,61753000000.0,0001047469-09-009659,10-Q,neighbour_jump
6281,ANALOG DEVICES INC,2008-05-03,2009-08-18,6911000000.0,0000950123-09-036183,10-Q,neighbour_jump
6281,ANALOG DEVICES INC,2009-05-02,2009-11-24,5181000000.0,0000950123-09-065635,10-K,neighbour_jump
6281,ANALOG DEVICES INC,2009-05-02,2010-02-17,5181000000.0,0000950123-10-013755,10-Q,neighbour_jump
6281,ANALOG DEVICES INC,2009-05-02,2010-05-18,5181000000.0,0000950123-10-050859,10-Q,neighbour_jump
6281,ANALOG DEVICES INC,2009-05-02,2010-08-17,5181000000.0,0000950123-10-078540,10-Q,neighbour_jump
6281,ANALOG DEVICES INC,2010-05-01,2010-11-22,7314000000.0,0000950123-10-107816,10-K,neighbour_jump
6281,ANALOG DEVICES INC,2010-05-01,2011-02-15,7314000000.0,0000950123-11-014275,10-Q,neighbour_jump
6281,ANALOG DEVICES INC,2010-05-01,2011-05-17,7314000000.0,0000950123-11-051316,10-Q,neighbour_jump
6281,ANALOG DEVICES INC,2010-05-01,2011-08-16,7314000000.0,0000950123-11-077973,10-Q,neighbour_jump
6281,ANALOG DEVICES INC,2011-04-30,2011-11-22,9291000000.0,0000950123-11-099928,10-K,neighbour_jump
6281,ANALOG DEVICES INC,2013-05-04,2013-11-26,12124000000.0,0000006281-13-000040,10-K,neighbour_jump
6281,ANALOG DEVICES INC,2014-05-04,2014-12-10,12606000000.0,0000006281-14-000039,10-K,neighbour_jump
6281,ANALOG DEVICES INC,2015-05-03,2015-11-24,16532000000.0,0000006281-15-000044,10-K,neighbour_jump
6281,ANALOG DEVICES INC,2016-05-01,2016-11-22,13575000000.0,0000006281-16-000097,10-K,neighbour_jump
6281,ANALOG DEVICES INC,2017-04-30,2017-11-22,21972000000.0,0000006281-17-000144,10-K,neighbour_jump
6281,ANALOG DEVICES INC,2018-05-06,2018-11-27,26590000000.0,0000006281-18-000126,10-K,neighbour_jump
6281,ANALOG DEVICES INC,2019-05-03,2019-11-26,31890000000.0,0000006281-19-000144,10-K,neighbour_jump
6281,ANALOG DEVICES INC,2020-05-01,2020-11-24,29650000000.0,0000006281-20-000156,10-K,neighbour_jump
6281,ANALOG DEVICES INC,2021-04-30,2021-12-03,42211000000.0,0000006281-21-000294,10-K,neighbour_jump
6281,ANALOG DEVICES INC,2022-04-30,2022-11-22,62631000000.0,0000006281-22-000250,10-K,neighbour_jump
6281,ANALOG DEVICES INC,2023-04-29,2023-11-21,74584000000.0,0000006281-23-000203,10-K,neighbour_jump
6281,ANALOG DEVICES INC,2024-05-04,2024-11-26,76694000000.0,0000006281-24-000204,10-K,neighbour_jump
6281,ANALOG DEVICES INC,2025-05-03,2025-11-25,81121000000.0,0000006281-25-000153,10-K,neighbour_jump
6769,APACHE CORP,2021-06-30,2022-02-22,0.0,0001784031-22-000010,10-K,zero_or_negative
6769,APACHE CORP,2022-06-30,2023-02-23,0.0,0001784031-23-000008,10-K,zero_or_negative
6769,APACHE CORP,2023-06-30,2024-02-22,0.0,0001784031-24-000004,10-K,zero_or_negative
20520,"Frontier Communications Parent, Inc.",2021-06-30,2022-02-25,6450000000.0,0000020520-22-000004,10-K,neighbour_jump
20520,"Frontier Communications Parent, Inc.",2022-06-30,2023-02-24,5770000000.0,0001562762-23-000055,10-K,neighbour_jump
20520,"Frontier Communications Parent, Inc.",2023-06-30,2024-02-23,4400000000.0,0001562762-24-000034,10-K,neighbour_jump
20520,"Frontier Communications Parent, Inc.",2024-06-30,2025-02-20,6400000000.0,0001562762-25-000028,10-K,neighbour_jump
29915,DOW CHEMICAL CO /DE/,2017-12-31,2018-02-15,0.0,0000029915-18-000007,10-K,zero_or_negative
29915,DOW CHEMICAL CO /DE/,2018-12-31,2019-02-11,0.0,0000029915-19-000008,10-K,zero_or_negative
30554,"EIDP, Inc.",2018-06-30,2019-02-11,0.0,0000030554-19-000005,10-K,zero_or_negative
36270,M&T BANK CORP,2022-06-30,2023-02-22,2.7304085267e+16,0000950170-23-003804,10-K,above_ceiling
36270,M&T BANK CORP,2023-06-30,2024-02-21,1.9900658494e+16,0000950170-24-017990,10-K,above_ceiling
40545,GENERAL ELECTRIC CO,2009-06-30,2009-08-03,124865000000.0,0000040545-09-000049,10-Q,neighbour_jump
40545,GENERAL ELECTRIC CO,2009-09-30,2009-11-02,124865000000.0,0000040545-09-000071,10-Q,neighbour_jump
40545,GENERAL ELECTRIC CO,2009-09-30,2009-11-06,124865000000.0,0000040545-09-000074,10-Q/A,neighbour_jump
40545,GENERAL ELECTRIC CO,2009-12-31,2010-02-19,124865000000.0,0000040545-10-000010,10-K,neighbour_jump
40545,GENERAL ELECTRIC CO,2010-06-30,2011-02-25,159400000000.0,0001193125-11-047479,10-K,neighbour_jump
40545,GENERAL ELECTRIC CO,2012-06-30,2013-02-26,217800000000.0,0000040545-13-000036,10-K,neighbour_jump
40545,GENERAL ELECTRIC CO,2013-06-30,2014-02-27,233800000000.0,0000040554-14-000023,10-K,neighbour_jump
40545,GENERAL ELECTRIC CO,2014-12-31,2015-02-27,261100000000.0,0000040545-15-000030,10-K,neighbour_jump
40545,GENERAL ELECTRIC CO,2014-12-31,2015-05-08,261100000000.0,0000040545-15-000062,8-K,neighbour_jump
40545,GENERAL ELECTRIC CO,2014-12-31,2015-08-07,261100000000.0,0000040545-15-000094,8-K,neighbour_jump
40545,GENERAL ELECTRIC CO,2015-03-31,2015-05-04,261100000000.0,0000040545-15-000054,10-Q,neighbour_jump
40545,GENERAL ELECTRIC CO,2015-06-30,2015-07-30,268300000000.0,0000040545-15-000088,10-Q,neighbour_jump
40545,GENERAL ELECTRIC CO,2015-06-30,2016-02-26,265600000000.0,0000040545-16-000145,10-K,neighbour_jump
40545,GENERAL ELECTRIC CO,2015-06-30,2016-06-03,265600000000.0,0000040545-16-000162,8-K,neighbour_jump
40545,GENERAL ELECTRIC CO,2015-09-30,2015-11-02,261100000000.0,0000040545-15-000114,10-Q,neighbour_jump
40545,GENERAL ELECTRIC CO,2016-12-31,2017-02-24,265600000000.0,0000040545-17-000010,10-K,neighbour_jump
40545,GENERAL ELECTRIC CO,2017-03-31,2017-05-05,265600000000.0,0000040545-17-000028,10-Q,neighbour_jump
40545,GENERAL ELECTRIC CO,2017-06-30,2018-02-23,231500000000.0,0000040545-18-000014,10-K,neighbour_jump
40545,GENERAL ELECTRIC CO,2018-06-30,2019-02-26,116200000000.0,0000040545-19-000014,10-K,neighbour_jump
40545,GENERAL ELECTRIC CO,2019-06-30,2020-02-24,90100000000.0,0000040545-20-000009,10-K,neighbour_jump
40545,GENERAL ELECTRIC CO,2020-06-30,2021-02-12,58900000000.0,0000040545-21-000011,10-K,neighbour_jump
40545,GENERAL ELECTRIC CO,2021-06-30,2022-02-11,116500000000.0,0000040545-22-000008,10-K,neighbour_jump
40545,GENERAL ELECTRIC CO,2022-06-30,2023-02-10,68800000000.0,0000040545-23-000023,10-K,neighbour_jump
40545,GENERAL ELECTRIC CO,2023-06-30,2024-02-02,117900000000.0,0000040545-24-000027,10-K,neighbour_jump
40545,GENERAL ELECTRIC CO,2024-06-30,2025-02-03,170000000000.0,0000040545-25-000015,10-K,neighbour_jump
40545,GENERAL ELECTRIC CO,2025-06-30,2026-01-29,270200000000.0,0000040545-26-000008,10-K,neighbour_jump
40729,Ally Financial Inc.,2011-06-30,2012-02-28,0.0,0000040729-12-000011,10-K,zero_or_negative
40729,Ally Financial Inc.,2011-06-30,2012-08-03,0.0,0000040729-12-000022,8-K,zero_or_negative
40729,Ally Financial Inc.,2012-06-30,2013-03-01,0.0,0000040729-13-000005,10-K,zero_or_negative
40729,Ally Financial Inc.,2012-06-30,2013-05-01,0.0,0000040729-13-000009,10-Q,zero_or_negative
40729,Ally Financial Inc.,2012-06-30,2013-07-09,0.0,0000040729-13-000016,8-K,zero_or_negative
40729,Ally Financial Inc.,2012-06-30,2013-08-02,0.0,0000040729-13-000020,10-Q,zero_or_negative
40729,Ally Financial Inc.,2012-06-30,2013-11-05,0.0,0000040729-13-000042,10-Q,zero_or_negative
40729,Ally Financial Inc.,2012-06-30,2014-03-03,0.0,0000040729-14-000007,10-K,zero_or_negative
40729,Ally Financial Inc.,2013-06-30,2014-05-01,0.0,0000040729-14-000112,10-Q,zero_or_negative
40729,Ally Financial Inc.,2013-06-30,2014-08-01,0.0,0000040729-14-000237,10-Q,zero_or_negative
40729,Ally Financial Inc.,2013-06-30,2014-10-31,0.0,0000040729-14-000356,10-Q,zero_or_negative
40987,GENUINE PARTS CO,2008-06-30,2009-08-06,6228135000000.0,0000950123-09-031054,10-Q,neighbour_jump
48898,HUBBELL INC,2010-06-30,2011-02-16,2180251177000000.0,0000950123-11-014739,10-K,above_ceiling
48898,HUBBELL INC,2011-06-30,2012-02-15,3555477451000000.0,0001308179-12-000024,10-K,above_ceiling
49196,HUNTINGTON BANCSHARES INC /MD/,2009-06-30,2011-02-18,3857539827000.0,0000950123-11-015766,10-K,neighbour_jump
53669,JOHNSON CONTROLS INC,2016-09-30,2016-11-23,0.0,0000053669-16-000087,10-K,zero_or_negative
54480,KANSAS CITY SOUTHERN,2022-06-30,2023-02-03,0.0,0000054480-23-000003,10-K,zero_or_negative
54480,KANSAS CITY SOUTHERN,2023-02-02,2023-02-28,0.0,0001193125-23-052441,10-K/A,zero_or_negative
55785,KIMBERLY CLARK CORP,2010-03-31,2010-05-07,217.0,0000055785-10-000019,10-Q,below_floor
59558,LINCOLN NATIONAL CORP,2011-12-31,2012-02-23,8800000000000000.0,0000059558-12-000027,10-K,above_ceiling
65984,ENTERGY CORP /DE/,2012-06-30,2013-02-27,12.0,0000065984-13-000050,10-K,below_floor
67347,MODINE MANUFACTURING CO,2011-09-30,2012-11-06,424000.0,0001140361-12-045768,10-Q,below_floor
67347,MODINE MANUFACTURING CO,2014-09-30,2015-05-29,550000000000000.0,0001140361-15-022274,10-K,above_ceiling
68505,"Motorola Solutions, Inc.",2008-12-31,2009-08-26,16.7,0000950123-09-038201,10-Q/A,below_floor
72971,WELLS FARGO & COMPANY/MN,2010-06-30,2010-08-09,0.0,0000950123-10-074486,10-Q,zero_or_negative
75677,PACKAGING CORP OF AMERICA,2024-06-30,2025-02-27,1.6124636098e+16,0000950170-25-028533,10-K,above_ceiling
89439,MUELLER INDUSTRIES INC,2011-07-02,2012-10-26,1417562617000.0,0000089439-12-000065,10-Q,neighbour_jump
89800,SHERWIN WILLIAMS CO,2009-06-30,2010-02-24,6231518290000.0,0000950123-10-016198,10-K,neighbour_jump
89800,SHERWIN WILLIAMS CO,2009-06-30,2010-04-28,6231518290000.0,0000950123-10-039508,10-Q,neighbour_jump
93859,OBH Inc.,2014-04-09,2014-11-24,662300256000.0,0001415889-14-003664,10-K,neighbour_jump
93859,OBH Inc.,2014-06-30,2015-03-13,607674654000.0,0000921895-15-000623,10-KT,neighbour_jump
93859,OBH Inc.,2015-06-30,2016-02-22,686120384000.0,0001415889-16-004872,10-K,neighbour_jump
93859,OBH Inc.,2016-06-30,2017-02-27,405919763000.0,0001193805-17-000339,10-K,neighbour_jump
93859,OBH Inc.,2017-06-30,2018-02-26,402331914000.0,0001193805-18-000279,10-K,neighbour_jump
96223,Jefferies Financial Group Inc.,2015-06-30,2016-02-19,8196406000000.0,0000096223-16-000049,10-K,neighbour_jump
101830,SPRINT LLC,2010-06-30,2011-02-24,1.2633233479e+16,0000101830-11-000005,10-K,above_ceiling
103379,V F CORP,2008-06-28,2009-08-11,5172000000.0,0000950123-09-033506,10-Q,neighbour_jump
103379,V F CORP,2009-07-04,2010-03-03,4439000000.0,0000950123-10-020525,10-K,neighbour_jump
103379,V F CORP,2010-07-03,2011-03-02,5623000000.0,0000950123-11-021306,10-K,neighbour_jump
103379,V F CORP,2011-07-02,2012-02-29,8780000000.0,0001193125-12-088711,10-K,neighbour_jump
103379,V F CORP,2013-06-29,2014-02-26,16901000000.0,0001193125-14-069474,10-K,neighbour_jump
103379,V F CORP,2014-06-28,2015-03-03,21575000000.0,0001193125-15-075174,10-K,neighbour_jump
103379,V F CORP,2015-07-04,2016-03-02,24397000000.0,0001193125-16-489832,10-K,neighbour_jump
103379,V F CORP,2016-07-02,2017-03-01,20788000000.0,0001628280-17-002027,10-K,neighbour_jump
103379,V F CORP,2017-07-01,2018-02-28,18323000000.0,0000103379-18-000003,10-K,neighbour_jump
103379,V F CORP,2018-09-29,2019-05-24,30425000000.0,0000103379-19-000006,10-K,neighbour_jump
103379,V F CORP,2019-09-28,2020-05-27,31443000000.0,0000103379-20-000006,10-K,neighbour_jump
103379,V F CORP,2020-09-26,2021-05-27,24502000000.0,0000103379-21-000006,10-K,neighbour_jump
103379,V F CORP,2021-10-02,2022-05-26,21034000000.0,0000103379-22-000006,10-K,neighbour_jump
103379,V F CORP,2022-10-01,2023-05-25,10438000000.0,0000103379-23-000006,10-K,neighbour_jump
103379,V F CORP,2023-09-30,2024-05-23,6177000000.0,0000103379-24-000008,10-K,neighbour_jump
103379,V F CORP,2024-09-28,2025-05-22,6858000000.0,0000103379-25-000023,10-K,neighbour_jump
103379,V F CORP,2025-09-27,2026-05-20,5184000000.0,0000103379-26-000030,10-K,neighbour_jump
106640,WHIRLPOOL CORP /DE/,2012-06-30,2012-07-24,111111111000000.0,0000106640-12-000029,10-Q,above_ceiling
277948,CSX CORP,2009-06-26,2009-07-15,372994680.0,0000277948-09-000113,10-Q,neighbour_jump
277948,CSX CORP,2009-06-26,2010-02-19,13502407416.0,0000277948-10-000013,10-K,neighbour_jump
277948,CSX CORP,2009-06-26,2010-04-19,13500000000.0,0000277948-10-000025,10-Q,neighbour_jump
277948,CSX CORP,2009-06-26,2010-07-15,13500000000.0,0000277948-10-000046,10-Q,neighbour_jump
277948,CSX CORP,2009-06-26,2010-10-15,13500000000.0,0000277948-10-000059,10-Q,neighbour_jump
277948,CSX CORP,2009-09-25,2009-10-20,373485849.0,0000277948-09-000164,10-Q,neighbour_jump
277948,CSX CORP,2010-06-25,2011-02-18,17000000000.0,0001140361-11-010655,10-K,neighbour_jump
277948,CSX CORP,2011-07-01,2012-02-21,26000000000.0,0000277948-12-000014,10-K,neighbour_jump
277948,CSX CORP,2012-06-29,2013-02-19,21000000000.0,0000277948-13-000008,10-K,neighbour_jump
277948,CSX CORP,2013-06-28,2014-02-12,21000000000.0,0000277948-14-000011,10-K,neighbour_jump
277948,CSX CORP,2014-06-27,2015-02-11,31000000000.0,0000277948-15-000010,10-K,neighbour_jump
277948,CSX CORP,2015-06-26,2016-02-10,33000000000.0,0000277948-16-000046,10-K,neighbour_jump
277948,CSX CORP,2016-06-24,2017-02-14,24000000000.0,0000277948-17-000009,10-K,neighbour_jump
277948,CSX CORP,2017-06-30,2018-02-07,47000000000.0,0000277948-18-000009,10-K,neighbour_jump
277948,CSX CORP,2018-06-30,2019-02-06,46000000000.0,0000277948-19-000011,10-K,neighbour_jump
277948,CSX CORP,2019-06-30,2020-02-12,59000000000.0,0000277948-20-000008,10-K,neighbour_jump
277948,CSX CORP,2020-06-30,2021-02-10,53000000000.0,0000277948-21-000014,10-K,neighbour_jump
277948,CSX CORP,2021-06-30,2022-02-16,72000000000.0,0000277948-22-000009,10-K,neighbour_jump
277948,CSX CORP,2022-06-30,2023-02-15,62000000000.0,0000277948-23-000006,10-K,neighbour_jump
277948,CSX CORP,2023-06-30,2024-02-14,68000000000.0,0000277948-24-000010,10-K,neighbour_jump
277948,CSX CORP,2024-06-30,2025-02-27,65000000000.0,0000277948-25-000008,10-K,neighbour_jump
277948,CSX CORP,2025-06-30,2026-02-12,61000000000.0,0000277948-26-000006,10-K,neighbour_jump
310568,MICROSEMI CORP,2015-03-27,2015-11-12,3341000000000.0,0000310568-15-000237,10-K,neighbour_jump
350797,"Mirror Merger Sub 2, LLC",2011-04-30,2011-09-22,3885082674000.0,0001144204-11-054295,10-Q/A,neighbour_jump
712515,ELECTRONIC ARTS INC.,2019-09-27,2020-05-20,27568.0,0000712515-20-000019,10-K,below_floor
712515,ELECTRONIC ARTS INC.,2020-10-02,2021-05-26,37181.0,0000712515-21-000064,10-K,below_floor
712515,ELECTRONIC ARTS INC.,2021-10-01,2022-05-25,40956.0,0000712515-22-000011,10-K,below_floor
717605,HEXCEL CORP /DE/,2023-06-30,2024-02-07,6418079952000000.0,0000950170-24-012245,10-K,above_ceiling
717605,HEXCEL CORP /DE/,2024-06-30,2025-02-05,5103866076000000.0,0000950170-25-014412,10-K,above_ceiling
718877,"Activision Blizzard, Inc.",2010-06-30,2011-02-25,5230965691000000.0,0001047469-11-001413,10-K,above_ceiling
718877,"Activision Blizzard, Inc.",2011-06-30,2012-02-28,4843916612000000.0,0001047469-12-001775,10-K,above_ceiling
732717,AT&T INC.,2010-12-31,2011-03-01,0.0,0000732717-11-000014,10-K,zero_or_negative
751364,"NNN REIT, INC.",2022-06-30,2023-02-09,7534963000000.0,0000950170-23-002248,10-K,neighbour_jump
753308,NEXTERA ENERGY INC,2010-06-30,2010-08-06,0.0,0000753308-10-000096,10-Q,zero_or_negative
766421,"ALASKA AIR GROUP, INC.",2010-06-30,2011-02-23,1600000000000000.0,0000766421-11-000020,10-K,above_ceiling
766421,"ALASKA AIR GROUP, INC.",2010-06-30,2011-05-04,1600000000000000.0,0000766421-11-000033,10-Q,above_ceiling
766421,"ALASKA AIR GROUP, INC.",2010-06-30,2011-08-04,1600000000000000.0,0000766421-11-000069,10-Q,above_ceiling
773840,HONEYWELL INTERNATIONAL INC,2008-06-30,2009-08-03,37.5,0000930413-09-003987,10-Q/A,below_floor
773840,HONEYWELL INTERNATIONAL INC,2008-06-30,2009-10-23,37.5,0000930413-09-005315,10-Q,below_floor
794323,"Level 3 Parent, LLC",2018-06-30,2019-03-19,0.0,0000794323-19-000004,10-K,zero_or_negative
794323,"Level 3 Parent, LLC",2019-06-30,2020-03-05,0.0,0000794323-20-000003,10-K,zero_or_negative
794323,"Level 3 Parent, LLC",2020-06-30,2021-03-03,0.0,0000794323-21-000005,10-K,zero_or_negative
794323,"Level 3 Parent, LLC",2021-06-30,2022-02-24,0.0,0000794323-22-000004,10-K,zero_or_negative
794323,"Level 3 Parent, LLC",2022-06-30,2023-02-23,0.0,0000794323-23-000004,10-K,zero_or_negative
794323,"Level 3 Parent, LLC",2023-06-30,2024-02-22,0.0,0000794323-24-000004,10-K,zero_or_negative
794323,"Level 3 Parent, LLC",2024-06-30,2025-02-20,0.0,0000794323-25-000006,10-K,zero_or_negative
794323,"Level 3 Parent, LLC",2025-06-30,2026-02-20,0.0,0000794323-26-000005,10-K,zero_or_negative
797468,OCCIDENTAL PETROLEUM CORP /DE/,2010-06-30,2011-02-24,0.0,0000797468-11-000026,10-K,zero_or_negative
800240,ODP Corp,2023-06-30,2024-02-28,1722730616000000.0,0000950170-24-021858,10-K,above_ceiling
800240,ODP Corp,2024-06-28,2025-02-26,1298991046000000.0,0000950170-25-027569,10-K,above_ceiling
804328,QUALCOMM INC/DE,2011-03-27,2011-11-02,8.6665135824e+16,0001234452-11-000360,10-K,above_ceiling
808362,Baker Hughes Holdings LLC,2017-06-30,2018-02-23,0.0,0000808362-18-000006,10-K,zero_or_negative
808362,Baker Hughes Holdings LLC,2017-07-05,2019-02-19,0.0,0000808362-19-000006,10-K,zero_or_negative
808362,Baker Hughes Holdings LLC,2019-06-30,2020-02-13,0.0,0000808362-20-000003,10-K,zero_or_negative
808362,Baker Hughes Holdings LLC,2020-06-30,2021-02-25,0.0,0000808362-21-000004,10-K,zero_or_negative
808362,Baker Hughes Holdings LLC,2021-06-30,2022-02-11,0.0,0000808362-22-000010,10-K,zero_or_negative
808362,Baker Hughes Holdings LLC,2022-06-30,2023-02-14,0.0,0000808362-23-000010,10-K,zero_or_negative
811156,CMS ENERGY CORP,2010-06-30,2011-02-24,3326.0,0000950123-11-017966,10-K,below_floor
813828,Paramount Global,2009-06-30,2010-02-25,0.0,0001047469-10-001402,10-K,zero_or_negative
820027,AMERIPRISE FINANCIAL INC,2017-06-30,2018-02-23,0.0,0000820027-18-000008,10-K,zero_or_negative
821189,EOG RESOURCES INC,2009-06-30,2009-08-06,17010715530000.0,0000821189-09-000047,10-Q,above_ceiling
821189,EOG RESOURCES INC,2012-06-29,2013-11-06,0.0,0000821189-13-000048,10-Q,zero_or_negative
831259,FREEPORT-MCMORAN INC,2010-06-30,2011-05-06,2.76e+16,0000831259-11-000033,10-Q,above_ceiling
871763,ManpowerGroup Inc.,2021-06-30,2022-02-18,6448736871000000.0,0000950170-22-001500,10-K,above_ceiling
871763,ManpowerGroup Inc.,2022-06-30,2023-02-17,3978364665000000.0,0000950170-23-003214,10-K,above_ceiling
873303,"Sarepta Therapeutics, Inc.",2022-06-30,2023-02-28,6561646013000.0,0000950170-23-005062,10-K,neighbour_jump
873303,"Sarepta Therapeutics, Inc.",2023-06-30,2024-02-28,10681685915000.0,0000950170-24-022036,10-K,above_ceiling
873303,"Sarepta Therapeutics, Inc.",2024-06-30,2025-02-28,15054650800000.0,0000950170-25-029973,10-K,above_ceiling
874499,GULFPORT ENERGY CORP,2013-06-28,2014-02-28,3651716766540.0,0001445305-14-000751,10-K,neighbour_jump
883980,FIRST DATA CORP,2011-12-31,2012-03-05,0.0,0001104659-12-015609,10-K,zero_or_negative
883980,FIRST DATA CORP,2012-12-31,2013-03-19,0.0,0001104659-13-021975,10-K,zero_or_negative
883980,FIRST DATA CORP,2013-12-31,2014-03-10,0.0,0001104659-14-017714,10-K,zero_or_negative
883980,FIRST DATA CORP,2014-06-30,2015-02-27,0.0,0001628280-15-001198,10-K,zero_or_negative
883980,FIRST DATA CORP,2015-06-30,2016-02-25,0.0,0001628280-16-011729,10-K,zero_or_negative
885590,Bausch Health Companies Inc.,2015-06-30,2016-04-29,75445451000.0,0000885590-16-000101,10-K,neighbour_jump
908937,SIRIUS XM HOLDINGS INC.,2024-06-30,2025-01-30,0.0,0000908937-25-000005,10-K,zero_or_negative
909281,ONEOK Partners LP,2009-06-30,2009-08-06,2.7,0000909281-09-000056,10-Q,below_floor
910606,REGENCY CENTERS CORP,2011-06-30,2012-02-29,2752880606000.0,0000910606-12-000004,10-K,neighbour_jump
911421,PARTNERRE LTD,2011-06-30,2012-02-24,4654659330000.0,0001193125-12-077514,10-K,neighbour_jump
911421,PARTNERRE LTD,2011-06-30,2012-02-29,4654659330000.0,0001193125-12-089176,10-K/A,neighbour_jump
912750,NEWFIELD EXPLORATION CO /DE/,2011-03-31,2011-04-25,1.02e+16,0000912750-11-000016,10-Q,above_ceiling
915913,ALBEMARLE CORP,2011-06-30,2012-02-22,1e+18,0001193125-12-071957,10-K,above_ceiling
916457,CALPINE CORP,2018-06-30,2019-03-28,0.0,0000916457-19-000016,10-K,zero_or_negative
916457,CALPINE CORP,2019-06-30,2020-02-25,0.0,0000916457-20-000007,10-K,zero_or_negative
924515,GUIDED THERAPEUTICS INC,2012-03-06,2012-03-28,52433.0,0001121781-12-000081,10-K,below_floor
924515,GUIDED THERAPEUTICS INC,2012-05-07,2012-05-14,52947.0,0001121781-12-000160,10-Q,below_floor
924515,GUIDED THERAPEUTICS INC,2012-08-07,2012-08-24,61346.0,0001121781-12-000291,10-Q/A,below_floor
924515,GUIDED THERAPEUTICS INC,2014-06-30,2015-03-25,36615302000.0,0001121781-15-000054,10-K,neighbour_jump
924515,GUIDED THERAPEUTICS INC,2015-06-30,2016-03-15,12797304000.0,0001121781-16-000420,10-K,neighbour_jump
924515,GUIDED THERAPEUTICS INC,2018-12-31,2019-05-08,800000000.0,0001654954-19-005469,10-K,neighbour_jump
924515,GUIDED THERAPEUTICS INC,2019-12-31,2020-04-20,500000000.0,0001654954-20-004236,10-K,neighbour_jump
924515,GUIDED THERAPEUTICS INC,2020-12-31,2021-04-07,4000000000.0,0001654954-21-003915,10-K,neighbour_jump
929351,STARZ ENTERTAINMENT CORP /CN/,2024-09-30,2025-06-26,0.0,0000929351-25-000038,10-K,zero_or_negative
929351,STARZ ENTERTAINMENT CORP /CN/,2024-09-30,2025-07-29,0.0,0000929351-25-000069,10-K/A,zero_or_negative
941548,CAMERON INTERNATIONAL CORP,2014-06-30,2015-02-20,10963.201206,0001140361-15-008196,10-K,below_floor
945384,CICERO INC,2012-03-21,2012-04-16,0.0,0001354488-12-001916,10-K,zero_or_negative
945384,CICERO INC,2014-06-30,2015-03-31,2832992000.0,0001354488-15-001473,10-K,neighbour_jump
945384,CICERO INC,2015-06-30,2016-03-30,7612315000.0,0001354488-16-006771,10-K,neighbour_jump
945384,CICERO INC,2016-06-30,2017-03-31,4806325000.0,0001654954-17-002864,10-K,neighbour_jump
945384,CICERO INC,2017-06-30,2018-03-30,1850431000.0,0001654954-18-003388,10-K,neighbour_jump
945384,CICERO INC,2018-06-29,2019-03-29,1767265000.0,0001654954-19-003609,10-K,neighbour_jump
945384,CICERO INC,2019-06-30,2020-03-27,1289719000.0,0001654954-20-003366,10-K,neighbour_jump
1000229,CORE LABORATORIES N V,2010-06-30,2010-07-26,3246369238.0,0001000229-10-000019,10-Q,neighbour_jump
1000229,CORE LABORATORIES N V,2010-12-31,2011-02-22,3167283939.0,0001000229-11-000015,10-K,neighbour_jump
1000229,CORE LABORATORIES N V,2010-12-31,2011-04-21,3167283939.0,0001000229-11-000022,10-K/A,neighbour_jump
1000229,CORE LABORATORIES N V,2011-03-31,2011-04-22,3167283939.0,0001000229-11-000034,10-Q,neighbour_jump
1000229,CORE LABORATORIES N V,2011-06-30,2012-02-15,5019232674.0,0001000229-12-000012,10-K,neighbour_jump
1000229,CORE LABORATORIES N V,2012-06-30,2013-02-19,5362838340.0,0001000229-13-000009,10-K,neighbour_jump
1000229,CORE LABORATORIES N V,2013-06-30,2014-02-13,6789682464.0,0001000229-14-000025,10-K,neighbour_jump
1000229,CORE LABORATORIES N V,2014-06-30,2015-02-17,7275137567.0,0001000229-15-000035,10-K,neighbour_jump
1000229,CORE LABORATORIES N V,2015-06-30,2016-02-12,4772496453.0,0001000229-16-000149,10-K,neighbour_jump
1000229,CORE LABORATORIES N V,2016-06-30,2017-02-10,5351649322.0,0001000229-17-000025,10-K,neighbour_jump
1000229,CORE LABORATORIES N V,2017-06-30,2018-02-12,4383006513.0,0001000229-18-000025,10-K,neighbour_jump
1000229,CORE LABORATORIES N V,2018-06-30,2019-02-11,5468878207.0,0001000229-19-000021,10-K,neighbour_jump
1000229,CORE LABORATORIES N V,2019-06-30,2020-02-10,2280624647.0,0001564590-20-004075,10-K,neighbour_jump
1000229,CORE LABORATORIES N V,2020-06-30,2021-02-08,886307680.0,0001564590-21-004561,10-K,neighbour_jump
1000229,CORE LABORATORIES N V,2021-06-30,2022-02-10,1788005419.0,0000950170-22-001087,10-K,neighbour_jump
1000229,CORE LABORATORIES N V,2022-06-30,2023-02-10,908507042.0,0000950170-23-002412,10-K,neighbour_jump
1000697,WATERS CORP /DE/,2022-07-01,2023-02-27,20209471189000.0,0001193125-23-050827,10-K,above_ceiling
1000697,WATERS CORP /DE/,2024-06-29,2025-02-25,17219389367000.0,0001193125-25-034579,10-K,above_ceiling
1001082,DISH Network CORP,2024-06-30,2025-03-12,0.0,0001558370-25-002818,10-K,zero_or_negative
1003410,DUKE REALTY Ltd PARTNERSHIP/,2015-06-30,2016-02-19,6411265592.0,0000783280-16-000080,10-K,neighbour_jump
1004980,PG&E Corp,2008-06-30,2009-08-05,14179.0,0001004980-09-000057,10-Q,below_floor
1004980,PG&E Corp,2009-06-30,2010-05-07,14193000000.0,0001004980-10-000047,10-Q,neighbour_jump
1004980,PG&E Corp,2009-12-31,2010-02-19,12345.0,0001004980-10-000015,10-K,below_floor
1004980,PG&E Corp,2010-06-30,2011-02-17,16024000000.0,0001193125-11-038959,10-K,neighbour_jump
1004980,PG&E Corp,2011-06-30,2012-02-16,16876000000.0,0001193125-12-065537,10-K,neighbour_jump
1004980,PG&E Corp,2012-06-30,2013-02-21,19276000000.0,0001004980-13-000013,10-K,neighbour_jump
1004980,PG&E Corp,2013-06-30,2014-02-11,20326000000.0,0001004980-14-000023,10-K,neighbour_jump
1004980,PG&E Corp,2014-06-30,2015-02-10,22602000000.0,0001004980-15-000010,10-K,neighbour_jump
1004980,PG&E Corp,2015-06-30,2016-02-18,23628000000.0,0001004980-16-000065,10-K,neighbour_jump
1004980,PG&E Corp,2016-06-30,2017-02-16,31807000000.0,0001004980-17-000006,10-K,neighbour_jump
1004980,PG&E Corp,2017-06-30,2018-02-09,33956000000.0,0001004980-18-000003,10-K,neighbour_jump
1004980,PG&E Corp,2018-06-30,2019-02-28,22620000000.0,0001004980-19-000004,10-K,neighbour_jump
1004980,PG&E Corp,2019-06-30,2020-02-18,12130000000.0,0001004980-20-000009,10-K,neighbour_jump
1004980,PG&E Corp,2019-12-31,2020-03-31,6607000000.0,0000950157-20-000455,10-K/A,neighbour_jump
1004980,PG&E Corp,2020-06-30,2021-02-25,12130000000.0,0001004980-21-000007,10-K,neighbour_jump
1004980,PG&E Corp,2021-06-30,2022-02-10,20185000000.0,0001004980-22-000009,10-K,neighbour_jump
1004980,PG&E Corp,2022-06-30,2023-02-23,20819000000.0,0001004980-23-000029,10-K,neighbour_jump
1004980,PG&E Corp,2023-06-30,2024-02-22,43861000000.0,0001004980-24-000014,10-K,neighbour_jump
1004980,PG&E Corp,2024-06-30,2025-02-13,45624000000.0,0001004980-25-000010,10-K,neighbour_jump
1004980,PG&E Corp,2025-06-30,2026-02-12,37246000000.0,0001004980-26-000009,10-K,neighbour_jump
1005284,UNIVERSAL DISPLAY CORP \PA\,2022-06-30,2023-02-23,4384120131000.0,0000950170-23-004086,10-K,neighbour_jump
1005284,UNIVERSAL DISPLAY CORP \PA\,2023-06-30,2024-02-22,320500461000.0,0000950170-24-018765,10-K,neighbour_jump
1005284,UNIVERSAL DISPLAY CORP \PA\,2024-06-28,2025-02-20,9245044038000.0,0000950170-25-024151,10-K,neighbour_jump
1005284,UNIVERSAL DISPLAY CORP \PA\,2025-06-30,2026-02-19,6792425456000.0,0001193125-26-059371,10-K,neighbour_jump
1020569,IRON MOUNTAIN INC,2011-06-30,2012-02-28,6038510230.13,0001047469-12-001785,10-K,neighbour_jump
1020569,IRON MOUNTAIN INC,2012-06-29,2013-03-01,4800000000.0,0001047469-13-002039,10-K,neighbour_jump
1020569,IRON MOUNTAIN INC,2013-06-28,2014-02-28,4600000000.0,0001047469-14-001562,10-K,neighbour_jump
1020569,IRON MOUNTAIN INC,2014-06-30,2015-02-27,6200000000.0,0001047469-15-001413,10-K,neighbour_jump
1020569,IRON MOUNTAIN INC,2015-06-30,2016-02-26,6500000000.0,0001020569-16-000013,10-K,neighbour_jump
1020569,IRON MOUNTAIN INC,2016-06-30,2017-02-23,10400000000.0,0001020569-17-000010,10-K,neighbour_jump
1020569,IRON MOUNTAIN INC,2017-06-30,2018-02-16,9000000000.0,0001020569-18-000006,10-K,neighbour_jump
1020569,IRON MOUNTAIN INC,2018-06-30,2019-02-14,9900000000.0,0001020569-19-000018,10-K,neighbour_jump
1020569,IRON MOUNTAIN INC,2019-06-30,2020-02-13,8900000000.0,0001020569-20-000029,10-K,neighbour_jump
1020569,IRON MOUNTAIN INC,2020-06-30,2021-02-24,7400000000.0,0001020569-21-000067,10-K,neighbour_jump
1020569,IRON MOUNTAIN INC,2021-06-30,2022-02-24,12100000000.0,0001020569-22-000035,10-K,neighbour_jump
1020569,IRON MOUNTAIN INC,2022-06-30,2023-02-23,13900000000.0,0001020569-23-000043,10-K,neighbour_jump
1020569,IRON MOUNTAIN INC,2023-06-30,2024-02-22,16100000000.0,0001020569-24-000040,10-K,neighbour_jump
1020569,IRON MOUNTAIN INC,2024-06-30,2025-02-14,25700000000.0,0001020569-25-000040,10-K,neighbour_jump
1020569,IRON MOUNTAIN INC,2025-06-30,2026-02-12,29800000000.0,0001020569-26-000013,10-K,neighbour_jump
1022671,STEEL DYNAMICS INC,2017-06-30,2018-02-27,5979.0,0001144204-18-011155,10-K,below_floor
1027884,CHICAGO BRIDGE & IRON CO N V,2009-06-30,2010-07-27,1207371297.0,0000950123-10-068590,10-Q,neighbour_jump
1027884,CHICAGO BRIDGE & IRON CO N V,2009-06-30,2010-10-26,1207371297.0,0000950123-10-096178,10-Q,neighbour_jump
1027884,CHICAGO BRIDGE & IRON CO N V,2010-06-30,2011-02-22,1860865306.0,0000950123-11-016599,10-K,neighbour_jump
1027884,CHICAGO BRIDGE & IRON CO N V,2010-06-30,2011-04-27,1860865306.0,0000950123-11-039479,10-Q,neighbour_jump
1027884,CHICAGO BRIDGE & IRON CO N V,2011-06-30,2012-02-24,3836282873.0,0001193125-12-075758,10-K,neighbour_jump
1027884,CHICAGO BRIDGE & IRON CO N V,2012-06-30,2013-02-28,3669123217.0,0001193125-13-080788,10-K,neighbour_jump
1027884,CHICAGO BRIDGE & IRON CO N V,2014-06-30,2015-02-25,7400000000.0,0001027884-15-000095,10-K,neighbour_jump
1027884,CHICAGO BRIDGE & IRON CO N V,2015-06-30,2016-02-26,5400000000.0,0001027884-16-000357,10-K,neighbour_jump
1027884,CHICAGO BRIDGE & IRON CO N V,2016-06-30,2017-03-01,3647052000.0,0001027884-17-000082,10-K,neighbour_jump
1027884,CHICAGO BRIDGE & IRON CO N V,2017-06-30,2018-02-21,2000000000.0,0001027884-18-000045,10-K,neighbour_jump
1029199,"EURONET WORLDWIDE, INC.",2021-06-30,2022-02-23,6.8,0001213900-22-008758,10-K,below_floor
1029199,"EURONET WORLDWIDE, INC.",2022-06-30,2023-02-22,4.7,0001213900-23-013721,10-K,below_floor
1031296,FIRSTENERGY CORP,2011-06-30,2012-02-28,18414.0,0001031296-12-000012,10-K,below_floor
1031308,BENTLEY SYSTEMS INC,2020-06-30,2021-03-02,0.0,0001628280-21-003727,10-K,zero_or_negative
1039684,ONEOK INC /NEW/,2009-06-30,2009-08-06,3.1,0001039684-09-000053,10-Q,below_floor
1039684,ONEOK INC /NEW/,2009-06-30,2009-11-05,3.1,0001039684-09-000083,10-Q,below_floor
1048911,FEDEX CORP,2008-11-28,2009-09-18,20.5,0000950123-09-044076,10-Q,below_floor
1057352,"COSTAR GROUP, INC.",2010-06-30,2011-07-28,6.58e+17,0001057352-11-000123,10-Q,above_ceiling
1059556,MOODYS CORP /DE/,2013-12-31,2014-02-27,0.0,0001193125-14-070371,10-K,zero_or_negative
1065088,EBAY INC,2019-06-28,2020-04-29,3.1354367947e+19,0001206774-20-001423,10-K/A,above_ceiling
1070750,"HOST HOTELS & RESORTS, INC.",2018-06-29,2019-02-26,1.534783559e+16,0001564590-19-004191,10-K,above_ceiling
1070750,"HOST HOTELS & RESORTS, INC.",2019-06-28,2020-02-25,1.313590246e+16,0001564590-20-006404,10-K,above_ceiling
1093557,DEXCOM INC,2013-06-30,2014-02-20,1564116891000.0,0001093557-14-000028,10-K,neighbour_jump
1095073,"EVEREST GROUP, LTD.",2011-06-30,2012-02-29,4442803000.0,0001095073-12-000013,10-K,neighbour_jump
1095073,"EVEREST GROUP, LTD.",2013-06-30,2014-03-03,6231902000.0,0001095073-14-000008,10-K,neighbour_jump
1095073,"EVEREST GROUP, LTD.",2014-06-30,2015-03-02,7332951000.0,0001095073-15-000007,10-K,neighbour_jump
1095073,"EVEREST GROUP, LTD.",2015-06-30,2016-02-29,8043482000.0,0001095073-16-000071,10-K,neighbour_jump
1095073,"EVEREST GROUP, LTD.",2016-06-30,2017-03-01,7650846000.0,0001095073-17-000011,10-K,neighbour_jump
1095073,"EVEREST GROUP, LTD.",2017-06-30,2018-03-01,10454792000.0,0001095073-18-000008,10-K,neighbour_jump
1095073,"EVEREST GROUP, LTD.",2018-06-30,2019-03-01,9417452000.0,0001095073-19-000011,10-K,neighbour_jump
1095073,"EVEREST GROUP, LTD.",2019-06-30,2020-03-02,10070237000.0,0001095073-20-000006,10-K,neighbour_jump
1095073,"EVEREST GROUP, LTD.",2020-06-30,2021-03-01,8242153000.0,0001095073-21-000006,10-K,neighbour_jump
1095073,"EVEREST GROUP, LTD.",2021-06-30,2022-02-28,10100000000.0,0001095073-22-000005,10-K,neighbour_jump
1095073,"EVEREST GROUP, LTD.",2022-06-30,2023-02-24,11000000000.0,0001095073-23-000007,10-K,neighbour_jump
1095073,"EVEREST GROUP, LTD.",2023-06-30,2024-02-28,14800000000.0,0001095073-24-000009,10-K,neighbour_jump
1095073,"EVEREST GROUP, LTD.",2024-06-30,2025-02-27,16500000000.0,0001095073-25-000015,10-K,neighbour_jump
1095073,"EVEREST GROUP, LTD.",2025-06-30,2026-02-26,14300000000.0,0001095073-26-000006,10-K,neighbour_jump
1121788,GARMIN LTD,2015-06-27,2016-02-17,5634428735000.0,0001615774-16-004243,10-K,neighbour_jump
1121788,GARMIN LTD,2017-07-01,2018-02-21,6129443292000.0,0001615774-18-001344,10-K,neighbour_jump
1121788,GARMIN LTD,2018-06-30,2019-02-20,7753502173000.0,0001615774-19-002739,10-K,neighbour_jump
1122304,AETNA INC /PA/,2008-06-30,2009-07-31,18.6,0001122304-09-000091,10-Q,below_floor
1122304,AETNA INC /PA/,2009-12-31,2010-02-26,13.7,0001122304-10-000024,10-K,below_floor
1130310,CENTERPOINT ENERGY INC,2010-06-30,2011-11-02,5507110378000000.0,0001130310-11-000061,10-Q,above_ceiling
1130310,CENTERPOINT ENERGY INC,2011-06-30,2012-05-03,8178295805000000.0,0001130310-12-000020,10-Q,above_ceiling
1136869,"ZIMMER BIOMET HOLDINGS, INC.",2020-06-30,2021-02-22,2.4675479718e+16,0001564590-21-007163,10-K,above_ceiling
1136869,"ZIMMER BIOMET HOLDINGS, INC.",2021-06-30,2022-02-25,3.3533707317e+16,0001564590-22-007160,10-K,above_ceiling
1158449,ADVANCE AUTO PARTS INC,2011-07-16,2011-08-24,4296827197000.0,0001158449-11-000033,10-Q,neighbour_jump
1158449,ADVANCE AUTO PARTS INC,2011-10-08,2011-11-16,4296827197000.0,0001158449-11-000042,10-Q,neighbour_jump
1158449,ADVANCE AUTO PARTS INC,2011-12-31,2012-02-28,4095837257000.0,0001158449-12-000029,10-K,neighbour_jump
1158449,ADVANCE AUTO PARTS INC,2012-04-21,2012-05-29,4095837257000.0,0001158449-12-000091,10-Q,neighbour_jump
1161154,"Energy Transfer Operating, L.P.",2019-12-31,2020-02-21,0.0,0001161154-20-000010,10-K,zero_or_negative
1161154,"Energy Transfer Operating, L.P.",2020-12-31,2021-02-19,0.0,0001161154-21-000032,10-K,zero_or_negative
1164727,NEWMONT Corp /DE/,2010-06-30,2011-02-24,3.0366217467e+16,0000950123-11-017350,10-K,above_ceiling
1174922,WYNN RESORTS LTD,2010-06-30,2011-03-01,5800000000.0,0001193125-11-050547,10-K,neighbour_jump
1174922,WYNN RESORTS LTD,2011-06-30,2012-02-29,11000000000.0,0001193125-12-089377,10-K,neighbour_jump
1174922,WYNN RESORTS LTD,2012-06-30,2013-03-01,8000000000.0,0001193125-13-087674,10-K,neighbour_jump
1174922,WYNN RESORTS LTD,2013-06-30,2014-02-28,10300000000.0,0001193125-14-077632,10-K,neighbour_jump
1174922,WYNN RESORTS LTD,2015-06-30,2016-02-29,7990000000.0,0001174922-16-000144,10-K,neighbour_jump
1174922,WYNN RESORTS LTD,2016-06-30,2017-02-24,7180000000.0,0001174922-17-000027,10-K,neighbour_jump
1174922,WYNN RESORTS LTD,2017-06-30,2018-02-28,10740000000.0,0001174922-18-000019,10-K,neighbour_jump
1174922,WYNN RESORTS LTD,2018-06-29,2019-02-28,16340000000.0,0001174922-19-000021,10-K,neighbour_jump
1174922,WYNN RESORTS LTD,2019-06-28,2020-02-28,12080000000.0,0001174922-20-000024,10-K,neighbour_jump
1174922,WYNN RESORTS LTD,2020-06-30,2021-02-26,7270000000.0,0001174922-21-000029,10-K,neighbour_jump
1174922,WYNN RESORTS LTD,2021-06-30,2022-02-28,12900000000.0,0001174922-22-000031,10-K,neighbour_jump
1174922,WYNN RESORTS LTD,2022-06-30,2023-02-27,5910000000.0,0001174922-23-000048,10-K,neighbour_jump
1174922,WYNN RESORTS LTD,2023-06-30,2024-02-23,10970000000.0,0001174922-24-000046,10-K,neighbour_jump
1174922,WYNN RESORTS LTD,2024-06-30,2025-02-13,9060000000.0,0001174922-25-000039,10-K,neighbour_jump
1174922,WYNN RESORTS LTD,2025-06-30,2026-03-02,9660000000.0,0001174922-26-000013,10-K,neighbour_jump
1175454,"CORPAY, INC.",2011-06-30,2012-02-29,908814063.0,0001193125-12-089630,10-K,neighbour_jump
1175454,"CORPAY, INC.",2012-06-29,2013-03-01,1714705000.0,0001193125-13-087935,10-K,neighbour_jump
1175454,"CORPAY, INC.",2014-06-30,2015-03-02,10086100000.0,0001193125-15-073581,10-K,neighbour_jump
1175454,"CORPAY, INC.",2015-06-30,2016-02-29,13498625921.0,0001193125-16-485752,10-K,neighbour_jump
1175454,"CORPAY, INC.",2016-06-30,2017-03-01,12916568362.0,0001175454-17-000005,10-K,neighbour_jump
1175454,"CORPAY, INC.",2017-06-30,2018-03-01,13172593947.0,0001175454-18-000007,10-K,neighbour_jump
1175454,"CORPAY, INC.",2018-06-30,2019-03-01,18448083043.0,0001175454-19-000004,10-K,neighbour_jump
1175454,"CORPAY, INC.",2019-06-30,2020-03-02,23926076537.0,0001175454-20-000008,10-K,neighbour_jump
1175454,"CORPAY, INC.",2020-06-30,2021-02-26,20742490287.0,0001175454-21-000022,10-K,neighbour_jump
1175454,"CORPAY, INC.",2021-06-30,2022-03-01,20626107735.0,0001628280-22-004531,10-K,neighbour_jump
1175454,"CORPAY, INC.",2021-06-30,2022-05-02,20626107735.0,0001628280-22-011785,10-K/A,neighbour_jump
1175454,"CORPAY, INC.",2022-06-30,2023-02-28,15492832955.0,0001628280-23-005444,10-K,neighbour_jump
1175454,"CORPAY, INC.",2023-06-30,2024-02-29,18017911567.0,0001628280-24-008060,10-K,neighbour_jump
1175454,"CORPAY, INC.",2024-06-30,2025-02-27,17904831658.0,0001628280-25-008746,10-K,neighbour_jump
1175454,"CORPAY, INC.",2025-06-30,2026-02-27,22608739528.0,0001175454-26-000018,10-K,neighbour_jump
1176948,Ares Management Corp,2023-06-30,2024-02-27,16519398894.0,0001628280-24-007014,10-K,neighbour_jump
1176948,Ares Management Corp,2024-06-30,2025-02-27,25545399693.0,0001628280-25-008665,10-K,neighbour_jump
1206264,SOMNIGROUP INTERNATIONAL INC.,2012-06-30,2013-02-01,1392769264000000.0,0001206264-13-000006,10-K,above_ceiling
1237831,GLOBUS MEDICAL INC,2012-06-30,2013-03-05,0.0,0001237831-13-000013,10-K,zero_or_negative
1237831,GLOBUS MEDICAL INC,2012-06-30,2013-06-13,0.0,0001237831-13-000034,10-K/A,zero_or_negative
1279363,"WELLCARE HEALTH PLANS, INC.",2011-06-30,2012-02-15,1e+18,0001279363-12-000012,10-K,above_ceiling
1285785,MOSAIC CO,2009-11-30,2010-10-29,8.64,0001193125-10-240904,10-Q/A,below_floor
1285785,MOSAIC CO,2010-11-30,2011-01-06,10.81,0001193125-11-002810,10-Q,below_floor
1285785,MOSAIC CO,2010-11-30,2011-03-31,10.81,0001193125-11-084494,10-Q,below_floor
1285785,MOSAIC CO,2010-11-30,2011-09-29,10.81,0001193125-11-260021,10-Q,below_floor
1286681,DOMINOS PIZZA INC,2022-06-19,2023-02-23,13537240820000.0,0000950170-23-003938,10-K,above_ceiling
1286681,DOMINOS PIZZA INC,2023-06-18,2024-02-26,11569716092000.0,0000950170-24-019725,10-K,above_ceiling
1287865,MEDICAL PROPERTIES TRUST INC,2009-06-30,2011-05-10,0.0,0000950123-11-048292,10-Q,zero_or_negative
1300514,LAS VEGAS SANDS CORP,2010-06-30,2010-08-09,0.0,0000950123-10-074550,10-Q,zero_or_negative
1308606,"SPIRIT REALTY CAPITAL, INC.",2011-06-30,2012-03-30,0.0,0001193125-12-143014,10-K,zero_or_negative
1308606,"SPIRIT REALTY CAPITAL, INC.",2012-06-30,2013-03-07,0.0,0001308606-13-000004,10-K,zero_or_negative
1317630,ITC Holdings Corp.,2017-06-30,2018-02-15,0.0,0001317630-18-000005,10-K,zero_or_negative
1317630,ITC Holdings Corp.,2018-06-30,2019-02-15,0.0,0001317630-19-000003,10-K,zero_or_negative
1317630,ITC Holdings Corp.,2019-06-30,2020-02-13,0.0,0001317630-20-000004,10-K,zero_or_negative
1317630,ITC Holdings Corp.,2020-06-30,2021-02-12,0.0,0001317630-21-000008,10-K,zero_or_negative
1317630,ITC Holdings Corp.,2021-12-31,2022-02-11,0.0,0001317630-22-000003,10-K,zero_or_negative
1317630,ITC Holdings Corp.,2022-06-30,2023-02-10,0.0,0001317630-23-000004,10-K,zero_or_negative
1317630,ITC Holdings Corp.,2023-06-30,2024-02-09,0.0,0001317630-24-000005,10-K,zero_or_negative
1317630,ITC Holdings Corp.,2024-06-30,2025-02-14,0.0,0001317630-25-000002,10-K,zero_or_negative
1317630,ITC Holdings Corp.,2025-06-30,2026-02-12,0.0,0001317630-26-000006,10-K,zero_or_negative
1321732,Penumbra Inc,2015-06-30,2016-03-08,0.0,0001628280-16-012417,10-K,zero_or_negative
1329842,Federal Home Loan Bank of New York,2012-06-30,2013-03-25,0.0,0001104659-13-024066,10-K,zero_or_negative
1329842,Federal Home Loan Bank of New York,2013-06-30,2014-03-24,0.0,0001104659-14-022246,10-K,zero_or_negative
1329842,Federal Home Loan Bank of New York,2014-06-30,2015-03-23,0.0,0001104659-15-021659,10-K,zero_or_negative
1329842,Federal Home Loan Bank of New York,2015-06-30,2016-03-21,0.0,0001104659-16-106664,10-K,zero_or_negative
1329842,Federal Home Loan Bank of New York,2016-06-30,2017-03-22,0.0,0001104659-17-018378,10-K,zero_or_negative
1329842,Federal Home Loan Bank of New York,2017-06-30,2018-03-22,0.0,0001104659-18-019592,10-K,zero_or_negative
1329842,Federal Home Loan Bank of New York,2018-06-30,2019-03-21,0.0,0001104659-19-016606,10-K,zero_or_negative
1329842,Federal Home Loan Bank of New York,2019-06-30,2020-03-20,0.0,0001104659-20-036929,10-K,zero_or_negative
1329842,Federal Home Loan Bank of New York,2020-06-30,2021-03-19,0.0,0001104659-21-039199,10-K,zero_or_negative
1329842,Federal Home Loan Bank of New York,2021-06-30,2022-03-22,0.0,0001104659-22-036626,10-K,zero_or_negative
1329842,Federal Home Loan Bank of New York,2022-06-30,2023-03-17,0.0,0001104659-23-033789,10-K,zero_or_negative
1329842,Federal Home Loan Bank of New York,2023-06-30,2024-03-21,0.0,0001410578-24-000259,10-K,zero_or_negative
1329842,Federal Home Loan Bank of New York,2024-06-30,2025-03-21,0.0,0001410578-25-000409,10-K,zero_or_negative
1329842,Federal Home Loan Bank of New York,2025-06-30,2026-03-20,0.0,0001329842-26-000005,10-K,zero_or_negative
1332349,Brookdale Senior Living Inc.,2024-06-30,2025-04-29,1.3,0001193125-25-103994,10-K/A,below_floor
1341766,"Celsius Holdings, Inc.",2022-06-30,2023-04-19,4935115169000.0,0001829126-23-002816,10-K/A,neighbour_jump
1378992,"BERRY GLOBAL GROUP, INC.",2012-03-31,2012-12-17,0.0,0000919465-12-000024,10-K,zero_or_negative
1389170,Targa Resources Corp.,2013-06-28,2014-02-14,2119.3,0001140361-14-007923,10-K,below_floor
1393311,Public Storage,2009-06-30,2009-08-10,10093560000.0,0001393311-09-000025,10-Q/A,neighbour_jump
1393311,Public Storage,2009-09-30,2009-11-09,10093560000.0,0001393311-09-000035,10-Q,neighbour_jump
1393311,Public Storage,2009-12-31,2010-03-01,10093560000.0,0001393311-10-000004,10-K,neighbour_jump
1393311,Public Storage,2010-06-30,2011-03-01,12341151000.0,0001393311-11-000011,10-K,neighbour_jump
1393311,Public Storage,2011-06-30,2012-02-27,16077731000.0,0001393311-12-000013,10-K,neighbour_jump
1393311,Public Storage,2012-06-30,2013-02-26,20712158000.0,0001393311-13-000004,10-K,neighbour_jump
1393311,Public Storage,2013-06-30,2014-02-26,22171992000.0,0001393311-14-000009,10-K,neighbour_jump
1393311,Public Storage,2014-06-30,2015-02-25,24958344000.0,0001393311-15-000005,10-K,neighbour_jump
1393311,Public Storage,2015-06-30,2016-02-29,27061855000.0,0001393311-16-000036,10-K,neighbour_jump
1393311,Public Storage,2016-06-30,2017-03-01,37898005000.0,0001393311-17-000008,10-K,neighbour_jump
1393311,Public Storage,2017-06-30,2018-03-01,31047469000.0,0001393311-18-000004,10-K,neighbour_jump
1393311,Public Storage,2018-06-30,2019-02-27,33830475000.0,0001393311-19-000004,10-K,neighbour_jump
1393311,Public Storage,2019-06-30,2020-02-25,35489494000.0,0001393311-20-000008,10-K,neighbour_jump
1393311,Public Storage,2020-06-30,2021-02-24,29116505000.0,0001562762-21-000058,10-K,neighbour_jump
1393311,Public Storage,2021-06-30,2022-02-22,45156391000.0,0001393311-22-000010,10-K,neighbour_jump
1393311,Public Storage,2022-06-30,2023-02-21,47054755000.0,0001393311-23-000012,10-K,neighbour_jump
1393311,Public Storage,2023-06-30,2024-02-20,43990689000.0,0001393311-24-000043,10-K,neighbour_jump
1393311,Public Storage,2024-06-28,2025-02-24,43242396000.0,0001393311-25-000036,10-K,neighbour_jump
1393311,Public Storage,2025-06-30,2026-02-12,44239441000.0,0001628280-26-007696,10-K,neighbour_jump
1398702,"Electronic Cigarettes International Group, Ltd.",2011-06-30,2012-05-18,19506.0,0001354488-12-002718,10-Q,below_floor
1398702,"Electronic Cigarettes International Group, Ltd.",2012-04-13,2012-04-16,19506.0,0001354488-12-001875,10-K,below_floor
1402057,CDW Corp,2012-12-31,2013-03-08,0.0,0001402057-13-000003,10-K,zero_or_negative
1402057,CDW Corp,2012-12-31,2013-11-08,0.0,0001193125-13-435345,10-K/A,zero_or_negative
1404655,HUBSPOT INC,2014-06-30,2015-03-05,0.0,0001193125-15-079000,10-K,zero_or_negative
1404655,HUBSPOT INC,2022-06-30,2023-02-16,13710448147000.0,0000950170-23-003077,10-K,above_ceiling
1404655,HUBSPOT INC,2023-06-30,2024-02-14,25412807293000.0,0000950170-24-015277,10-K,above_ceiling
1404655,HUBSPOT INC,2024-06-30,2025-02-12,29007475839000.0,0000950170-25-018873,10-K,above_ceiling
1409970,"Happen, Inc.",2011-06-30,2011-09-13,0.0,0000950123-11-084233,10-Q/A,zero_or_negative
1409970,"Happen, Inc.",2012-03-31,2012-06-29,0.0,0001193125-12-290153,10-K,zero_or_negative
1409970,"Happen, Inc.",2012-06-30,2013-04-01,0.0,0001193125-13-136975,10-K,zero_or_negative
1409970,"Happen, Inc.",2013-06-30,2014-03-31,0.0,0001193125-14-124211,10-K,zero_or_negative
1411494,"Apollo Asset Management, Inc.",2022-06-30,2023-03-01,0.0,0001411494-23-000010,10-K,zero_or_negative
1411579,"AMC ENTERTAINMENT HOLDINGS, INC.",2021-06-30,2022-03-01,29095558003.0,0001558370-22-002577,10-K,neighbour_jump
1418135,Keurig Dr Pepper Inc.,2010-06-30,2011-02-22,8930084770000000.0,0001445305-11-000302,10-K,above_ceiling
1419612,"SOLAREDGE TECHNOLOGIES, INC.",2014-12-31,2015-08-20,0.0,0001178913-15-002692,10-K,zero_or_negative
1419612,"SOLAREDGE TECHNOLOGIES, INC.",2021-06-30,2023-02-22,15.1,0001178913-23-000707,10-K,below_floor
1428439,"ROKU, INC",2017-06-30,2018-03-01,0.0,0001564590-18-004134,10-K,zero_or_negative
1428439,"ROKU, INC",2018-06-30,2019-03-01,2857084378000000.0,0001564590-19-005829,10-K,above_ceiling
1430602,"Scripps Networks Interactive, Inc.",2012-06-30,2014-05-08,0.0,0001193125-14-190147,10-Q,zero_or_negative
1430602,"Scripps Networks Interactive, Inc.",2012-06-30,2014-08-07,0.0,0001193125-14-300675,10-Q,zero_or_negative
1430602,"Scripps Networks Interactive, Inc.",2013-03-31,2013-05-09,0.0,0001193125-13-211236,10-Q,zero_or_negative
1434316,FATE THERAPEUTICS INC,2013-12-31,2014-03-17,0.0,0001047469-14-002516,10-K,zero_or_negative
1434316,FATE THERAPEUTICS INC,2022-06-30,2023-02-28,2340000000000.0,0000950170-23-005067,10-K,neighbour_jump
1434316,FATE THERAPEUTICS INC,2023-06-30,2024-02-26,462000000000.0,0000950170-24-020158,10-K,neighbour_jump
1443646,Booz Allen Hamilton Holding Corp,2010-09-30,2011-08-10,0.0,0000950123-11-075542,10-Q,zero_or_negative
1443646,Booz Allen Hamilton Holding Corp,2010-09-30,2011-11-03,0.0,0001193125-11-294991,10-Q,zero_or_negative
1469372,MSG NETWORKS INC.,2018-12-31,2019-08-21,1400.0,0001469372-19-000015,10-K,below_floor
1472787,First American Financial Corp,2018-06-30,2019-02-20,5602927038000.0,0001564590-19-003456,10-K,neighbour_jump
1472787,First American Financial Corp,2019-06-30,2020-02-18,5843780151000.0,0001564590-20-005064,10-K,neighbour_jump
1472787,First American Financial Corp,2020-06-30,2021-02-17,5183749234000.0,0001564590-21-006163,10-K,neighbour_jump
1472787,First American Financial Corp,2021-06-30,2022-02-17,6620544646000000.0,0001564590-22-005550,10-K,above_ceiling
1472787,First American Financial Corp,2022-06-30,2023-02-15,5358609470000000.0,0000950170-23-002816,10-K,above_ceiling
1472787,First American Financial Corp,2023-06-30,2024-02-21,5676971916000000.0,0000950170-24-017418,10-K,above_ceiling
1472787,First American Financial Corp,2024-06-30,2025-02-21,5346932596000000.0,0000950170-25-024488,10-K,above_ceiling
1478242,IQVIA HOLDINGS INC.,2017-06-30,2018-02-16,1.2189011444e+16,0001564590-18-002340,10-K,above_ceiling
1482512,"Hudson Pacific Properties, Inc.",2011-06-30,2012-03-14,351600000000.0,0001482512-12-000020,10-K,neighbour_jump
1487522,"InnoVision Labs, Inc",2015-06-30,2016-03-25,5404496000.0,0001615774-16-004617,10-K,neighbour_jump
1491675,"COCA-COLA EUROPEAN PARTNERS US, LLC",2010-07-02,2011-02-14,0.0,0001193125-11-033197,10-K,zero_or_negative
1496048,Brookfield Property REIT Inc.,2018-06-30,2019-03-01,0.0,0001496048-19-000003,10-K,zero_or_negative
1498828,Howard Hughes Corp,2023-06-30,2024-02-27,0.0,0001628280-24-007218,10-K,zero_or_negative
1498828,Howard Hughes Corp,2024-06-30,2025-02-28,0.0,0001628280-25-009083,10-K,zero_or_negative
1498828,Howard Hughes Corp,2025-06-30,2026-02-26,0.0,0001628280-26-012239,10-K,zero_or_negative
1500435,"GoPro, Inc.",2017-06-30,2018-02-16,868700000000.0,0001500435-18-000010,10-K,neighbour_jump
1500435,"GoPro, Inc.",2017-06-30,2018-05-04,868700000000.0,0001500435-18-000023,10-Q,neighbour_jump
1500435,"GoPro, Inc.",2017-06-30,2018-08-03,868700000000.0,0001500435-18-000038,10-Q,neighbour_jump
1500435,"GoPro, Inc.",2018-09-30,2018-11-02,868700000000.0,0001500435-18-000049,10-Q,neighbour_jump
1504747,Swisher Hygiene Inc.,2013-06-28,2014-03-17,102256486000.0,0001354488-14-001224,10-K,neighbour_jump
1504747,Swisher Hygiene Inc.,2014-06-30,2015-04-01,53344243000.0,0001354488-15-001539,10-K,neighbour_jump
1504747,Swisher Hygiene Inc.,2015-06-30,2016-03-15,13062751000.0,0001354488-16-006587,10-K,neighbour_jump
1506307,"KINDER MORGAN, INC.",2010-06-30,2011-08-25,0.0,0001506307-11-000097,10-Q/A,zero_or_negative
1506307,"KINDER MORGAN, INC.",2010-06-30,2011-11-02,0.0,0001506307-11-000128,10-Q,zero_or_negative
1507385,"VEREIT, Inc.",2011-06-30,2012-03-19,0.0,0001507385-12-000004,10-K,zero_or_negative
1519751,"Fortune Brands Innovations, Inc.",2011-06-30,2012-02-22,0.0,0001193125-12-072886,10-K,zero_or_negative
1524358,MARRIOTT VACATIONS WORLDWIDE Corp,2011-06-17,2012-03-21,0.0,0001193125-12-125188,10-K,zero_or_negative
1524472,Xylem Inc.,2012-01-10,2012-02-28,0.0,0001193125-12-084766,10-K,zero_or_negative
1526520,"TripAdvisor, Inc.",2011-06-30,2012-03-15,0.0,0001193125-12-117448,10-K,zero_or_negative
1527469,Athene Holding Ltd.,2016-06-30,2017-03-16,0.0,0001527469-17-000011,10-K,zero_or_negative
1527469,Athene Holding Ltd.,2022-06-30,2023-03-01,0.0,0001527469-23-000014,10-K,zero_or_negative
1527469,Athene Holding Ltd.,2023-06-30,2024-02-27,0.0,0001527469-24-000021,10-K,zero_or_negative
1527469,Athene Holding Ltd.,2024-06-30,2025-02-24,0.0,0001527469-25-000016,10-K,zero_or_negative
1527469,Athene Holding Ltd.,2025-06-30,2026-02-25,0.0,0001527469-26-000013,10-K,zero_or_negative
1530721,Capri Holdings Ltd,2012-03-31,2012-06-12,0.0,0001193125-12-268316,20-F,zero_or_negative
1538990,STORE CAPITAL LLC,2022-06-30,2023-03-22,0.0,0001558370-23-004357,10-K,zero_or_negative
1538990,STORE CAPITAL LLC,2023-06-30,2024-03-15,0.0,0000950170-24-031778,10-K,zero_or_negative
1538990,STORE CAPITAL LLC,2024-06-30,2025-03-05,0.0,0000950170-25-033855,10-K,zero_or_negative
1538990,STORE CAPITAL LLC,2025-06-30,2026-03-06,0.0,0001193125-26-094474,10-K,zero_or_negative
1551182,Eaton Corp plc,2012-09-30,2012-11-14,0.0,0001551182-12-000004,10-Q,zero_or_negative
1552000,MPLX LP,2012-06-30,2013-03-25,0.0,0001193125-13-124428,10-K,zero_or_negative
1552033,TransUnion,2013-06-30,2014-02-27,0.0,0001552033-14-000018,10-K,zero_or_negative
1552033,TransUnion,2014-06-30,2015-03-30,0.0,0001552033-15-000013,10-K,zero_or_negative
1555365,WHITEWAVE FOODS Co,2012-06-29,2013-02-19,0.0,0001193125-13-063115,10-K,zero_or_negative
1562088,"Duolingo, Inc.",2021-06-30,2022-03-04,0.0,0001562088-22-000039,10-K,zero_or_negative
1562401,American Homes 4 Rent,2013-12-31,2014-03-26,0.0,0001193125-14-116022,10-K,zero_or_negative
1567514,"Intra-Cellular Therapies, Inc.",2013-03-31,2013-07-16,0.0,0001213900-13-003641,10-K,zero_or_negative
1567892,Keenova Therapeutics plc,2013-03-29,2013-12-13,0.0,0001567892-13-000029,10-K,zero_or_negative
1567892,Keenova Therapeutics plc,2025-06-27,2026-04-15,0.0,0001628280-26-025238,10-K,zero_or_negative
1571283,"Rexford Industrial Realty, Inc.",2014-03-14,2014-03-20,0.0,0001564590-14-000932,10-K,zero_or_negative
1571996,Dell Technologies Inc.,2016-07-29,2017-03-31,0.0,0001571996-17-000004,10-K,zero_or_negative
1573097,"HD Supply Holdings, Inc.",2014-02-02,2014-03-25,0.0,0001047469-14-002899,10-K,zero_or_negative
1573097,"HD Supply Holdings, Inc.",2014-08-03,2015-03-24,0.0,0001047469-15-002613,10-K,zero_or_negative
1574300,"MobilityPay Holdings, Inc.",2014-03-31,2014-06-04,0.0,0001574300-14-000005,10-K,zero_or_negative
1575515,"Sprouts Farmers Market, Inc.",2013-06-30,2014-02-27,0.0,0001193125-14-073116,10-K,zero_or_negative
1576280,"Guardant Health, Inc.",2018-06-30,2019-03-19,0.0,0001628280-19-003139,10-K,zero_or_negative
1578318,"Envision Healthcare Holdings, Inc.",2013-06-30,2014-03-14,0.0,0001047469-14-002412,10-K,zero_or_negative
1579298,"Burlington Stores, Inc.",2013-08-02,2014-03-31,0.0,0001193125-14-124097,10-K,zero_or_negative
1581068,Brixmor Property Group Inc.,2013-06-30,2014-03-12,0.0,0001581068-14-000008,10-K,zero_or_negative
1581068,Brixmor Property Group Inc.,2013-06-30,2014-05-27,0.0,0001581068-14-000038,8-K,zero_or_negative
1584751,Talis Biomedical Corp,2021-06-30,2022-03-15,181704426000.0,0000950170-22-003779,10-K,neighbour_jump
1585521,"Zoom Communications, Inc.",2019-07-31,2020-03-20,3600000000000000.0,0001585521-20-000095,10-K,above_ceiling
1591698,Paylocity Holding Corp,2014-06-30,2014-08-22,0.0,0001104659-14-062738,10-K,zero_or_negative
1596783,"Catalent, Inc.",2014-06-30,2014-09-08,0.0,0001596783-14-000008,10-K,zero_or_negative
1597553,"Sage Therapeutics, Inc.",2014-06-30,2015-03-06,0.0,0001193125-15-081090,10-K,zero_or_negative
1601712,Synchrony Financial,2014-06-30,2015-02-23,0.0,0001601712-15-000007,10-K,zero_or_negative
1611647,"Freshpet, Inc.",2014-06-30,2015-03-31,0.0,0001564590-15-002285,10-K,zero_or_negative
1611983,Liberty Broadband Corp,2014-06-30,2015-03-12,0.0,0001558370-15-000333,10-K,zero_or_negative
1616314,"MedEquities Realty Trust, Inc.",2016-06-30,2017-02-27,0.0,0001564590-17-002572,10-K,zero_or_negative
1627223,Chemours Co,2015-06-30,2016-02-25,0.0,0001627223-16-000066,10-K,zero_or_negative
1633917,"PayPal Holdings, Inc.",2015-06-30,2016-02-11,0.0,0001633917-16-000113,10-K,zero_or_negative
1633978,Lumentum Holdings Inc.,2014-12-27,2015-09-25,0.0,0001628280-15-007281,10-K,zero_or_negative
1633978,Lumentum Holdings Inc.,2014-12-27,2015-09-29,0.0,0001628280-15-007381,10-K/A,zero_or_negative
1637459,Kraft Heinz Co,2015-06-26,2016-03-03,0.0,0001637459-16-000100,10-K,zero_or_negative
1639300,"Ollie's Bargain Outlet Holdings, Inc.",2015-05-02,2016-04-11,0.0,0001193125-16-536766,10-K,zero_or_negative
1645113,NovoCure Ltd,2015-06-30,2016-03-01,0.0,0001564590-16-013777,10-K,zero_or_negative
1645590,Hewlett Packard Enterprise Co,2015-04-30,2015-12-17,0.0,0001047469-15-009279,10-K,zero_or_negative
1646972,"Albertsons Companies, Inc.",2017-09-09,2018-05-11,0.0,0001646972-18-000017,10-K,zero_or_negative
1646972,"Albertsons Companies, Inc.",2018-09-08,2019-04-24,0.0,0001646972-19-000036,10-K,zero_or_negative
1646972,"Albertsons Companies, Inc.",2018-09-08,2020-05-13,0.0,0001646972-20-000022,10-K,zero_or_negative
1646972,"Albertsons Companies, Inc.",2018-09-08,2020-08-07,0.0,0001646972-20-000038,10-K/A,zero_or_negative
1647088,WillScot Holdings Corp,2015-06-30,2016-03-30,0.0,0001144204-16-091401,10-K,zero_or_negative
1652044,Alphabet Inc.,2015-06-30,2016-02-11,0.0,0001652044-16-000012,10-K,zero_or_negative
1652044,Alphabet Inc.,2015-06-30,2016-05-03,0.0,0001652044-16-000022,8-K,zero_or_negative
1666700,"DuPont de Nemours, Inc.",2019-06-30,2020-02-14,56.1,0001666700-20-000006,10-K,below_floor
1668397,"Medpace Holdings, Inc.",2016-06-30,2017-02-28,0.0,0001564590-17-002839,10-K,zero_or_negative
1669162,"Kinsale Capital Group, Inc.",2016-06-30,2017-03-16,0.0,0001669162-17-000006,10-K,zero_or_negative
1671933,"Trade Desk, Inc.",2016-06-30,2017-02-16,0.0,0001193125-17-046742,10-K,zero_or_negative
1673358,"Yum China Holdings, Inc.",2016-05-31,2017-03-08,0.0,0001564590-17-003681,10-K,zero_or_negative
1675149,Alcoa Corp,2016-06-30,2017-03-15,0.0,0001193125-17-083862,10-K,zero_or_negative
1681459,TechnipFMC plc,2016-06-30,2017-01-13,0.0,0001681459-17-000013,10-K,zero_or_negative
1705696,VICI PROPERTIES INC.,2017-06-30,2018-03-28,0.0,0001705696-18-000015,10-K,zero_or_negative
1739104,Elanco Animal Health Inc,2018-12-31,2019-02-20,0.0,0001739104-19-000006,10-K,zero_or_negative
1743881,"BridgeBio Pharma, Inc.",2019-06-28,2020-03-03,0.0,0001564590-20-008260,10-K,zero_or_negative
1743881,"BridgeBio Pharma, Inc.",2020-06-30,2021-02-25,1694.0,0001564590-21-008969,10-K,below_floor
1755672,"Corteva, Inc.",2023-06-30,2024-02-08,40.6,0001755672-24-000004,10-K,below_floor
1755672,"Corteva, Inc.",2024-06-30,2025-02-14,37.4,0001755672-25-000005,10-K,below_floor
1770787,"10x Genomics, Inc.",2019-06-28,2020-02-27,0.0,0001193125-20-052640,10-K,zero_or_negative
1782754,AZEK Co Inc.,2020-03-31,2020-12-04,0.0,0001193125-20-310665,10-K,zero_or_negative
1782754,AZEK Co Inc.,2021-03-31,2021-11-23,3977124322000.0,0001564590-21-057997,10-K,neighbour_jump
1782754,AZEK Co Inc.,2022-03-31,2022-11-29,2793759544000.0,0001564590-22-038518,10-K,neighbour_jump
1782754,AZEK Co Inc.,2023-03-31,2023-11-29,2796678033000.0,0000950170-23-066594,10-K,neighbour_jump
1782754,AZEK Co Inc.,2023-03-31,2024-06-14,2796678033000.0,0000950170-24-073335,10-K/A,neighbour_jump
1783879,"Robinhood Markets, Inc.",2021-12-31,2022-02-24,0.0,0001783879-22-000044,10-K,zero_or_negative
1792044,Viatris Inc,2019-12-31,2020-05-07,0.0,0001193125-20-136001,10-K,zero_or_negative
1792044,Viatris Inc,2020-06-26,2021-03-01,0.0,0001792044-21-000009,10-K,zero_or_negative
1792044,Viatris Inc,2020-06-26,2021-04-30,0.0,0001193125-21-145240,10-K/A,zero_or_negative
1800227,People Inc,2020-06-30,2021-02-17,0.0,0001800227-21-000004,10-K,zero_or_negative
1807794,Credo Technology Group Holding Ltd,2021-10-31,2022-06-08,0.0,0001628280-22-016593,10-K,zero_or_negative
1807794,Credo Technology Group Holding Ltd,2021-10-31,2023-04-05,0.0,0001628280-23-010881,10-K/A,zero_or_negative
1811414,QuantumScape Corp,2020-06-30,2021-02-23,230000000000.0,0001564590-21-007621,10-K,neighbour_jump
1815753,Thunder Bridge Capital Partners III Inc.,2021-06-30,2022-03-30,401.58,0001213900-22-015937,10-K,below_floor
1818201,CCC Intelligent Solutions Holdings Inc.,2020-06-30,2021-03-29,0.0,0001193125-21-098450,10-K,zero_or_negative
1818201,CCC Intelligent Solutions Holdings Inc.,2020-06-30,2021-05-14,0.0,0001193125-21-160809,10-K/A,zero_or_negative
1820953,"Affirm Holdings, Inc.",2020-12-31,2021-09-17,0.0,0001820953-21-000102,10-K,zero_or_negative
1842022,"DT Midstream, Inc.",2021-06-30,2022-02-25,0.0,0001842022-22-000006,10-K,zero_or_negative
1852131,Nextpower Inc.,2022-09-30,2023-06-09,0.0,0001193125-23-163921,10-K,zero_or_negative
1852244,"GXO Logistics, Inc.",2021-06-30,2022-02-17,0.0,0001852244-22-000010,10-K,zero_or_negative
1852317,Fidelity Wise Origin Bitcoin Fund,2023-06-30,2024-03-21,0.0,0000950170-24-034695,10-K,zero_or_negative
1852317,Fidelity Wise Origin Bitcoin Fund,2024-06-30,2025-03-14,0.0,0000950170-25-039452,10-K,zero_or_negative
1866581,Dutch Bros Inc.,2021-06-30,2022-03-11,0.0,0001866581-22-000020,10-K,zero_or_negative
1868275,Constellation Energy Corp,2021-06-30,2022-02-25,0.0,0001868275-22-000020,10-K,zero_or_negative
1874178,"Rivian Automotive, Inc. / DE",2021-06-30,2022-03-31,0.0,0001874178-22-000008,10-K,zero_or_negative
1889539,"Corebridge Financial, Inc.",2022-06-30,2023-02-24,0.0,0001889539-23-000003,10-K,zero_or_negative
1932393,GE HealthCare Technologies Inc.,2022-06-30,2023-02-15,0.0,0001932393-23-000025,10-K,zero_or_negative
1973266,"TKO Group Holdings, Inc.",2023-06-30,2024-02-27,0.0,0001562762-24-000038,10-K,zero_or_negative
1973266,"TKO Group Holdings, Inc.",2024-06-30,2025-02-26,8505980836000.0,0000950170-25-027778,10-K,neighbour_jump
1980994,iShares Bitcoin Trust ETF,2023-06-30,2024-03-04,0.0,0001437749-24-006339,10-K,zero_or_negative
2005951,Smurfit Westrock plc,2024-06-30,2025-03-07,0.0,0002005951-25-000005,10-K,zero_or_negative
2023554,Sandisk Corp,2024-12-27,2025-08-21,0.0,0002023554-25-000034,10-K,zero_or_negative
2042694,Primo Brands Corp,2024-06-28,2025-02-27,0.0,0002042694-25-000003,10-K,zero_or_negative
